sofifa_id_x,short_name_x,long_name,player_positions_x,overall_x,potential_x,age_x,nationality_name_x,nation_position_x,nation_jersey_number_x,club_name_x,league_name_x,value_eur_x,wage_eur_x,pace_x,shooting_x,passing_x,dribbling_x,defending_x,physic_x,sofifa_id_y,player_url,short_name_y,player_positions_y,overall_y,potential_y,value_eur_y,wage_eur_y,age_y,dob,height_cm,weight_kg,club_team_id,club_name_y,league_name_y,league_level,club_position,club_jersey_number,club_loaned_from,club_joined,club_contract_valid_until,nationality_id,nationality_name_y,nation_team_id,nation_position_y,nation_jersey_number_y,preferred_foot,weak_foot,skill_moves,international_reputation,work_rate,body_type,real_face,release_clause_eur,player_tags,player_traits,pace_y,shooting_y,passing_y,dribbling_y,defending_y,physic_y,attacking_crossing,attacking_finishing,attacking_heading_accuracy,attacking_short_passing,attacking_volleys,skill_dribbling,skill_curve,skill_fk_accuracy,skill_long_passing,skill_ball_control,movement_acceleration,movement_sprint_speed,movement_agility,movement_reactions,movement_balance,power_shot_power,power_jumping,power_stamina,power_strength,power_long_shots,mentality_aggression,mentality_interceptions,mentality_positioning,mentality_vision,mentality_penalties,mentality_composure,defending_marking_awareness,defending_standing_tackle,defending_sliding_tackle,goalkeeping_diving,goalkeeping_handling,goalkeeping_kicking,goalkeeping_positioning,goalkeeping_reflexes,goalkeeping_speed,ls,st,rs,lw,lf,cf,rf,rw,lam,cam,ram,lm,lcm,cm,rcm,rm,lwb,ldm,cdm,rdm,rwb,lb,lcb,cb,rcb,rb,gk,player_face_url,club_logo_url,club_flag_url,nation_logo_url,nation_flag_url
237942,P. Estupiñán,Pervis Josué Estupiñán Tenorio,"LB, LWB",79,85,23,Ecuador,,,Villarreal CF,Spain Primera Division,26000000.0,29000.0,82.0,34.0,68.0,72.0,75.0,75.0,237942,https://sofifa.com/player/237942/pervis-estupinan/220002,P. Estupiñán,"LB, LWB",79,85,26000000.0,29000.0,23,1998-01-21,175,78,483.0,Villarreal CF,Spain Primera Division,1.0,SUB,12.0,,2020-09-16,2027.0,57,Ecuador,,,,Left,3,3,1,High/Medium,Stocky (170-185),No,59800000.0,,Speed Dribbler (AI),82.0,34.0,68.0,72.0,75.0,75.0,79,20,75,78,38,73,59,36,62,71,81,83,76,71,70,41,69,79,74,42,74,75,52,56,69,62,69,80,79,14,7,14,7,7,,57+2,57+2,57+2,65,61,61,61,65,64+2,64+2,64+2,69+2,67+2,67+2,67+2,69+2,77+2,73+2,73+2,73+2,77+2,77+2,75+2,75+2,75+2,77+2,16+2,https://cdn.sofifa.net/players/237/942/22_120.png,https://cdn.sofifa.net/teams/483/60.png,https://cdn.sofifa.net/flags/es.png,,https://cdn.sofifa.net/flags/ec.png
175254,F. Caicedo,Felipe Salvador Caicedo Corozo,"CF, ST",78,78,32,Ecuador,,,Genoa,Italian Serie A,11500000.0,22000.0,74.0,78.0,70.0,75.0,44.0,80.0,175254,https://sofifa.com/player/175254/felipe-caicedo/220002,F. Caicedo,"CF, ST",78,78,11500000.0,22000.0,32,1988-09-05,183,82,110556.0,Genoa,Italian Serie A,1.0,SUB,9.0,,2021-09-01,2026.0,57,Ecuador,,,,Left,3,3,2,High/Medium,Stocky (170-185),No,20700000.0,#Strength,Flair,74.0,78.0,70.0,75.0,44.0,80.0,59,79,77,79,78,77,66,68,66,79,73,74,59,79,67,84,75,59,91,70,80,43,82,68,73,77,32,44,47,7,13,7,8,10,,79-1,79-1,79-1,75,78,78,78,75,76+2,76+2,76+2,74+2,71+2,71+2,71+2,74+2,60+2,62+2,62+2,62+2,60+2,58+2,59+2,59+2,59+2,58+2,17+2,https://cdn.sofifa.net/players/175/254/22_120.png,https://cdn.sofifa.net/teams/110556/60.png,https://cdn.sofifa.net/flags/it.png,,https://cdn.sofifa.net/flags/ec.png
223053,Á. Mena,Ángel Israel Mena Delgado,"RM, RW",78,78,33,Ecuador,,,Club León,Mexican Liga MX,9000000.0,28000.0,81.0,74.0,72.0,82.0,45.0,49.0,223053,https://sofifa.com/player/223053/angel-mena/220002,Á. Mena,"RM, RW",78,78,9000000.0,28000.0,33,1988-01-21,168,71,110781.0,Club León,Mexican Liga MX,1.0,RM,13.0,,2019-01-01,2021.0,57,Ecuador,,,,Left,4,4,1,High/Medium,Lean (170-),No,15300000.0,#Acrobat,"Finesse Shot, Flair, Long Shot Taker (AI), Outside Foot Shot",81.0,74.0,72.0,82.0,45.0,49.0,75,77,69,75,71,82,64,67,71,80,81,81,91,77,85,69,33,75,47,72,27,43,78,69,72,75,38,46,41,6,10,9,10,13,,75+2,75+2,75+2,78,77,77,77,78,77+1,77+1,77+1,77+1,72+2,72+2,72+2,77+1,64+2,58+2,58+2,58+2,64+2,61+2,50+2,50+2,50+2,61+2,17+2,https://cdn.sofifa.net/players/223/053/22_120.png,https://cdn.sofifa.net/teams/110781/60.png,https://cdn.sofifa.net/flags/mx.png,,https://cdn.sofifa.net/flags/ec.png
189454,D. Díaz,Damián Rodrigo Díaz,CAM,76,76,35,Ecuador,,,Barcelona Sporting Club,Ecuadorian Serie A,3100000.0,1000.0,74.0,65.0,76.0,77.0,44.0,68.0,189454,https://sofifa.com/player/189454/damian-diaz/220002,D. Díaz,CAM,76,76,3100000.0,1000.0,35,1986-05-01,174,67,110981.0,Barcelona Sporting Club,Ecuadorian Serie A,1.0,CAM,10.0,,2016-02-02,2021.0,57,Ecuador,,,,Right,4,4,1,High/Medium,Lean (170-185),No,6800000.0,,"Leadership, Flair, Playmaker (AI), Technical Dribbler (AI)",74.0,65.0,76.0,77.0,44.0,68.0,69,73,48,78,60,80,62,75,77,76,72,75,77,70,72,57,57,78,69,52,58,42,71,84,77,75,57,34,33,11,15,14,11,7,,68+2,68+2,68+2,74,73,73,73,74,76,76,76,75+1,72+2,72+2,72+2,75+1,62+2,62+2,62+2,62+2,62+2,58+2,52+2,52+2,52+2,58+2,18+2,https://cdn.sofifa.net/players/189/454/22_120.png,https://cdn.sofifa.net/teams/110981/60.png,https://cdn.sofifa.net/flags/ec.png,,https://cdn.sofifa.net/flags/ec.png
191164,F. Martínez,Fidel Francisco Martínez Tenorio,"ST, LM, RM",75,75,31,Ecuador,,,Club Tijuana,Mexican Liga MX,4800000.0,23000.0,88.0,72.0,65.0,74.0,32.0,69.0,191164,https://sofifa.com/player/191164/fidel-martinez/220002,F. Martínez,"ST, LM, RM",75,75,4800000.0,23000.0,31,1990-02-15,179,74,111678.0,Club Tijuana,Mexican Liga MX,1.0,LS,10.0,,2021-01-01,2022.0,57,Ecuador,,,,Left,3,4,1,High/Low,Lean (170-185),No,8200000.0,,"Flair, Technical Dribbler (AI)",88.0,72.0,65.0,74.0,32.0,69.0,66,76,67,70,72,75,60,62,58,76,84,92,80,69,62,65,78,75,70,64,56,45,79,63,82,66,20,25,30,7,12,6,16,15,,74+1,74+1,74+1,75,74,74,74,75,72+2,72+2,72+2,74+1,66+2,66+2,66+2,74+1,58+2,53+2,53+2,53+2,58+2,55+2,48+2,48+2,48+2,55+2,18+2,https://cdn.sofifa.net/players/191/164/22_120.png,https://cdn.sofifa.net/teams/111678/60.png,https://cdn.sofifa.net/flags/mx.png,,https://cdn.sofifa.net/flags/ec.png
220295,E. Valencia,Enner Remberto Valencia Lastra,"ST, RM, LM",75,75,31,Ecuador,,,Fenerbahçe SK,Turkish Süper Lig,4800000.0,45000.0,88.0,74.0,66.0,73.0,46.0,75.0,220295,https://sofifa.com/player/220295/enner-valencia/220002,E. Valencia,"ST, RM, LM",75,75,4800000.0,45000.0,31,1989-11-04,177,74,326.0,Fenerbahçe SK,Turkish Süper Lig,1.0,ST,13.0,,2020-08-28,2023.0,57,Ecuador,,,,Right,3,4,2,High/High,Normal (170-185),No,9100000.0,,"Power Free-Kick, Speed Dribbler (AI), Power Header, Outside Foot Shot",88.0,74.0,66.0,73.0,46.0,75.0,67,75,74,68,62,72,73,67,60,72,89,88,84,73,72,80,91,81,76,70,61,40,74,65,68,63,50,40,38,9,12,16,9,8,,75,75,75,74,74,74,74,74,72+2,72+2,72+2,73+2,66+2,66+2,66+2,73+2,62+2,58+2,58+2,58+2,62+2,60+2,56+2,56+2,56+2,60+2,17+2,https://cdn.sofifa.net/players/220/295/22_120.png,https://cdn.sofifa.net/teams/326/60.png,https://cdn.sofifa.net/flags/tr.png,,https://cdn.sofifa.net/flags/ec.png
204738,R. Ibarra,Alex Renato Ibarra Mina,"RM, RW",74,74,30,Ecuador,,,Club América,Mexican Liga MX,4100000.0,37000.0,87.0,64.0,68.0,75.0,53.0,73.0,204738,https://sofifa.com/player/204738/renato-ibarra/220002,R. Ibarra,"RM, RW",74,74,4100000.0,37000.0,30,1991-01-20,175,76,1879.0,Club América,Mexican Liga MX,1.0,SUB,30.0,,2021-08-23,2025.0,57,Ecuador,,,,Right,3,3,1,High/High,Normal (170-185),Yes,7000000.0,,"Injury Prone, Speed Dribbler (AI)",87.0,64.0,68.0,75.0,53.0,73.0,72,60,47,72,60,76,63,61,62,75,85,88,80,65,72,70,71,82,70,70,71,56,65,65,54,63,57,52,46,6,9,14,13,8,,67+2,67+2,67+2,72,70,70,70,72,71+2,71+2,71+2,73+1,68+2,68+2,68+2,73+1,67+2,64+2,64+2,64+2,67+2,64+2,59+2,59+2,59+2,64+2,15+2,https://cdn.sofifa.net/players/204/738/22_120.png,https://cdn.sofifa.net/teams/1879/60.png,https://cdn.sofifa.net/flags/mx.png,,https://cdn.sofifa.net/flags/ec.png
247181,G. Plata,Gonzalo Jordy Plata Jiménez,RW,74,84,20,Ecuador,,,Real Valladolid CF,Spanish Segunda División,9500000.0,10000.0,85.0,66.0,65.0,79.0,43.0,64.0,247181,https://sofifa.com/player/247181/gonzalo-plata/220002,G. Plata,RW,74,84,9500000.0,10000.0,20,2000-11-01,178,65,462.0,Real Valladolid CF,Spanish Segunda División,2.0,SUB,12.0,Sporting CP,,2022.0,57,Ecuador,,,,Left,3,4,1,High/Low,Normal (170-185),No,,,"Flair, Technical Dribbler (AI)",85.0,66.0,65.0,79.0,43.0,64.0,68,65,41,68,71,79,76,52,46,77,86,85,88,73,80,70,51,69,63,65,61,40,73,71,60,78,43,46,38,13,8,14,10,12,,69+2,69+2,69+2,74,73,73,73,74,73+2,73+2,73+2,73+2,66+2,66+2,66+2,73+2,61+2,56+2,56+2,56+2,61+2,58+2,51+2,51+2,51+2,58+2,18+2,https://cdn.sofifa.net/players/247/181/22_120.png,https://cdn.sofifa.net/teams/462/60.png,https://cdn.sofifa.net/flags/es.png,,https://cdn.sofifa.net/flags/ec.png
253537,B. Castillo,Byron David Castillo Segura,"RB, RM",73,80,22,Ecuador,,,Barcelona Sporting Club,Ecuadorian Serie A,6000000.0,850.0,82.0,48.0,62.0,62.0,68.0,66.0,253537,https://sofifa.com/player/253537/byron-castillo/220002,B. Castillo,"RB, RM",73,80,6000000.0,850.0,22,1998-11-10,171,60,110981.0,Barcelona Sporting Club,Ecuadorian Serie A,1.0,RB,26.0,,2018-01-01,2025.0,57,Ecuador,,,,Right,2,3,1,High/Medium,Lean (170-185),No,14400000.0,,Speed Dribbler (AI),82.0,48.0,62.0,62.0,68.0,66.0,70,50,67,67,35,53,41,35,55,69,80,83,74,65,89,50,66,90,59,42,52,67,59,60,40,55,69,70,64,6,12,9,10,6,,60+2,60+2,60+2,63,61,61,61,63,62+2,62+2,62+2,66+2,63+2,63+2,63+2,66+2,71+2,66+2,66+2,66+2,71+2,71+2,66+2,66+2,66+2,71+2,15+2,https://cdn.sofifa.net/players/253/537/22_120.png,https://cdn.sofifa.net/teams/110981/60.png,https://cdn.sofifa.net/flags/ec.png,,https://cdn.sofifa.net/flags/ec.png
220739,J. Sornoza,Júnior Nazareno Sornoza Moreira,CAM,72,73,27,Ecuador,,,Independiente del Valle,Ecuadorian Serie A,2700000.0,850.0,72.0,68.0,72.0,72.0,40.0,47.0,220739,https://sofifa.com/player/220739/junior-sornoza/220002,J. Sornoza,CAM,72,73,2700000.0,850.0,27,1994-01-28,170,66,112908.0,Independiente del Valle,Ecuadorian Serie A,1.0,LM,11.0,,2021-07-13,2026.0,57,Ecuador,,,,Right,3,3,1,Medium/Medium,Normal (170-),No,6000000.0,,"Long Passer (AI), Long Shot Taker (AI)",72.0,68.0,72.0,72.0,40.0,47.0,68,68,43,73,59,71,70,71,71,73,73,71,70,66,94,67,63,70,37,68,40,26,71,78,73,61,62,29,30,14,11,7,8,12,,65+2,65+2,65+2,71,70,70,70,71,72+1,72+1,72+1,71+2,68+2,68+2,68+2,71+2,57+2,54+2,54+2,54+2,57+2,53+2,44+2,44+2,44+2,53+2,17+2,https://cdn.sofifa.net/players/220/739/22_120.png,https://cdn.sofifa.net/teams/112908/60.png,https://cdn.sofifa.net/flags/ec.png,,https://cdn.sofifa.net/flags/ec.png
221860,C. Gruezo,Carlos Armando Gruezo Arboleda,"CDM, CM",72,75,26,Ecuador,,,FC Augsburg,German 1. Bundesliga,2800000.0,16000.0,61.0,46.0,61.0,67.0,68.0,73.0,221860,https://sofifa.com/player/221860/carlos-gruezo/220002,C. Gruezo,"CDM, CM",72,75,2800000.0,16000.0,26,1995-04-19,173,71,100409.0,FC Augsburg,German 1. Bundesliga,1.0,SUB,8.0,,2019-07-02,2024.0,57,Ecuador,,,,Right,3,2,1,Low/High,Normal (170-185),No,5300000.0,,,61.0,46.0,61.0,67.0,68.0,73.0,43,41,54,72,37,60,48,47,69,70,68,55,78,69,85,61,69,73,69,42,86,69,55,58,49,65,68,71,73,9,10,12,12,11,,57+2,57+2,57+2,59,60,60,60,59,62+2,62+2,62+2,61+2,65+2,65+2,65+2,61+2,66+2,71+2,71+2,71+2,66+2,66+2,69+2,69+2,69+2,66+2,17+2,https://cdn.sofifa.net/players/221/860/22_120.png,https://cdn.sofifa.net/teams/100409/60.png,https://cdn.sofifa.net/flags/de.png,,https://cdn.sofifa.net/flags/ec.png
241406,J. Intriago,Jefferson Alfredo Intriago Mendoza,"CDM, CM",72,77,25,Ecuador,,,Fútbol Club Juárez,Mexican Liga MX,3100000.0,8000.0,72.0,46.0,69.0,72.0,67.0,77.0,241406,https://sofifa.com/player/241406/jefferson-intriago/220002,J. Intriago,"CDM, CM",72,77,3100000.0,8000.0,25,1996-06-04,172,70,113134.0,Fútbol Club Juárez,Mexican Liga MX,1.0,LCM,35.0,,2021-08-19,2024.0,57,Ecuador,,,,Right,4,3,1,Medium/Medium,Normal (170-185),No,5500000.0,,Playmaker (AI),72.0,46.0,69.0,72.0,67.0,77.0,67,30,64,73,31,73,63,58,70,73,72,72,72,70,71,65,70,89,73,59,73,68,65,65,63,69,67,68,67,5,12,9,7,9,,61+2,61+2,61+2,66,65,65,65,66,67+2,67+2,67+2,69+2,70+2,70+2,70+2,69+2,71+2,71+2,71+2,71+2,71+2,71+2,69+2,69+2,69+2,71+2,15+2,https://cdn.sofifa.net/players/241/406/22_120.png,https://cdn.sofifa.net/teams/113134/60.png,https://cdn.sofifa.net/flags/mx.png,,https://cdn.sofifa.net/flags/ec.png
241499,C. Garcés,Carlos John Garcés Acosta,ST,72,72,31,Ecuador,,,Barcelona Sporting Club,Ecuadorian Serie A,2000000.0,1000.0,65.0,73.0,51.0,63.0,32.0,80.0,241499,https://sofifa.com/player/241499/carlos-garces/220002,C. Garcés,ST,72,72,2000000.0,1000.0,31,1990-03-01,185,85,110981.0,Barcelona Sporting Club,Ecuadorian Serie A,1.0,SUB,11.0,,2021-01-14,2023.0,57,Ecuador,,,,Right,3,3,1,Medium/Low,Stocky (185+),No,4400000.0,#Strength,Power Header,65.0,73.0,51.0,63.0,32.0,80.0,40,77,76,60,70,62,41,38,47,65,63,67,64,67,69,72,81,75,93,65,51,28,80,55,70,54,29,25,23,13,10,15,13,11,,72,72,72,64,67,67,67,64,64+2,64+2,64+2,62+2,58+2,58+2,58+2,62+2,48+2,48+2,48+2,48+2,48+2,46+2,47+2,47+2,47+2,46+2,18+2,https://cdn.sofifa.net/players/241/499/22_120.png,https://cdn.sofifa.net/teams/110981/60.png,https://cdn.sofifa.net/flags/ec.png,,https://cdn.sofifa.net/flags/ec.png
207653,M. Bolaños,Miler Alejandro Bolaños Reascos,ST,71,71,31,Ecuador,,,Chongqing Liangjiang Athletic,Chinese Super League,1600000.0,11000.0,80.0,72.0,65.0,74.0,26.0,65.0,207653,https://sofifa.com/player/207653/miler-bolanos/220002,M. Bolaños,ST,71,71,1600000.0,11000.0,31,1990-06-01,172,63,112165.0,Chongqing Liangjiang Athletic,Chinese Super League,1.0,LS,23.0,Shanghai Shenhua FC,,2021.0,57,Ecuador,,,,Right,4,3,1,High/Low,Lean (170-185),No,,,"Flair, Speed Dribbler (AI), Technical Dribbler (AI)",80.0,72.0,65.0,74.0,26.0,65.0,60,75,49,67,67,76,69,59,62,71,85,76,80,74,81,74,50,74,64,68,59,23,77,68,61,59,21,25,24,15,15,9,6,9,,71,71,71,73-2,73-2,73-2,73-2,73-2,72-1,72-1,72-1,72-1,65+2,65+2,65+2,72-1,53+2,50+2,50+2,50+2,53+2,49+2,41+2,41+2,41+2,49+2,18+2,https://cdn.sofifa.net/players/207/653/22_120.png,https://cdn.sofifa.net/teams/112165/60.png,https://cdn.sofifa.net/flags/cn.png,,https://cdn.sofifa.net/flags/ec.png
225681,L. León,Luis Fernando León Bermeo,CB,71,71,28,Ecuador,,,Barcelona Sporting Club,Ecuadorian Serie A,1600000.0,800.0,58.0,37.0,47.0,50.0,71.0,72.0,225681,https://sofifa.com/player/225681/luis-fernando-leon/220002,L. León,CB,71,71,1600000.0,800.0,28,1993-04-11,183,69,110981.0,Barcelona Sporting Club,Ecuadorian Serie A,1.0,RCB,30.0,,2021-01-27,2022.0,57,Ecuador,,,,Right,3,2,1,Medium/Medium,Lean (170-185),No,3500000.0,,,58.0,37.0,47.0,50.0,71.0,72.0,28,24,69,68,25,33,29,58,50,73,56,60,46,62,52,55,64,69,72,52,76,69,23,30,45,55,70,75,72,12,7,16,9,14,,49+2,49+2,49+2,46,47,47,47,46,48+2,48+2,48+2,48+2,55+2,55+2,55+2,48+2,62+2,67+2,67+2,67+2,62+2,65+2,71,71,71,65+2,16+2,https://cdn.sofifa.net/players/225/681/22_120.png,https://cdn.sofifa.net/teams/110981/60.png,https://cdn.sofifa.net/flags/ec.png,,https://cdn.sofifa.net/flags/ec.png
225682,M. Pineida,Mario Alberto Pineida Martínez,"LB, RB",71,71,28,Ecuador,,,Barcelona Sporting Club,Ecuadorian Serie A,1700000.0,800.0,73.0,44.0,64.0,63.0,68.0,72.0,225682,https://sofifa.com/player/225682/mario-pineida/220002,M. Pineida,"LB, RB",71,71,1700000.0,800.0,28,1992-07-06,170,83,110981.0,Barcelona Sporting Club,Ecuadorian Serie A,1.0,LB,2.0,,2016-02-02,2023.0,57,Ecuador,,,,Right,3,3,1,High/Medium,Stocky (170-),No,3700000.0,,,73.0,44.0,64.0,63.0,68.0,72.0,70,41,69,70,39,54,48,43,56,69,71,74,69,68,75,50,56,79,76,42,58,67,59,65,45,71,70,69,64,14,7,12,13,7,,59+2,59+2,59+2,62,61,61,61,62,62+2,62+2,62+2,64+2,64+2,64+2,64+2,64+2,69+2,68+2,68+2,68+2,69+2,69+2,68+2,68+2,68+2,69+2,17+2,https://cdn.sofifa.net/players/225/682/22_120.png,https://cdn.sofifa.net/teams/110981/60.png,https://cdn.sofifa.net/flags/ec.png,,https://cdn.sofifa.net/flags/ec.png
250797,P. Ortíz,Pedro Alfredo Ortíz Angulo,GK,71,71,31,Ecuador,,,CS Emelec,Ecuadorian Serie A,1000000.0,550.0,,,,,,,250797,https://sofifa.com/player/250797/pedro-ortiz/220002,P. Ortíz,GK,71,71,1000000.0,550.0,31,1990-02-19,187,80,110984.0,CS Emelec,Ecuadorian Serie A,1.0,GK,12.0,,2020-01-01,2024.0,57,Ecuador,,,,Right,2,1,1,Medium/Medium,Normal (185+),No,2200000.0,,,,,,,,,10,8,12,19,5,9,12,12,17,14,28,23,31,58,33,52,83,20,85,6,17,14,5,65,10,35,7,11,10,73,70,69,70,73,26.0,23+2,23+2,23+2,20,23,23,23,20,24+2,24+2,24+2,21+2,24+2,24+2,24+2,21+2,18+2,22+2,22+2,22+2,18+2,18+2,24+2,24+2,24+2,18+2,70+1,https://cdn.sofifa.net/players/250/797/22_120.png,https://cdn.sofifa.net/teams/110984/60.png,https://cdn.sofifa.net/flags/ec.png,,https://cdn.sofifa.net/flags/ec.png
253340,E. Mera,Efrén Alexander Mera Moreira,"CAM, CM",71,71,36,Ecuador,,,Independiente del Valle,Ecuadorian Serie A,600000.0,550.0,68.0,70.0,67.0,73.0,50.0,62.0,253340,https://sofifa.com/player/253340/efren-mera/220002,E. Mera,"CAM, CM",71,71,600000.0,550.0,36,1985-06-23,167,66,112908.0,Independiente del Valle,Ecuadorian Serie A,1.0,SUB,10.0,,2017-01-03,2021.0,57,Ecuador,,,,Right,3,3,1,Medium/Medium,Normal (170-),No,1300000.0,,"Leadership, Technical Dribbler (AI)",68.0,70.0,67.0,73.0,50.0,62.0,59,69,43,70,59,72,74,66,65,73,69,68,74,72,79,74,55,69,56,73,68,51,69,69,57,68,56,49,42,11,12,15,9,8,,67+2,67+2,67+2,70,70,70,70,70,71,71,71,69+2,68+2,68+2,68+2,69+2,61+2,61+2,61+2,61+2,61+2,58+2,55+2,55+2,55+2,58+2,17+2,https://cdn.sofifa.net/players/253/340/22_120.png,https://cdn.sofifa.net/teams/112908/60.png,https://cdn.sofifa.net/flags/ec.png,,https://cdn.sofifa.net/flags/ec.png
255137,J. Cifuentes,José Adoni Cifuentes Charcopa,"CDM, CM",71,78,22,Ecuador,,,Los Angeles FC,USA Major League Soccer,3600000.0,5000.0,66.0,56.0,64.0,73.0,67.0,74.0,255137,https://sofifa.com/player/255137/jose-cifuentes/220002,J. Cifuentes,"CDM, CM",71,78,3600000.0,5000.0,22,1999-03-12,173,70,112996.0,Los Angeles FC,USA Major League Soccer,1.0,LCM,11.0,,2020-01-13,2022.0,57,Ecuador,,,,Right,4,3,1,Medium/High,Normal (170-185),No,6100000.0,,"Long Shot Taker (AI), Team Player",66.0,56.0,64.0,73.0,67.0,74.0,44,51,68,74,38,73,63,34,69,75,64,68,68,70,77,73,73,70,75,55,77,63,67,72,35,68,63,72,68,14,10,8,14,8,,66+2,66+2,66+2,66,68,68,68,66,69+2,69+2,69+2,67+2,70+2,70+2,70+2,67+2,66+2,70+2,70+2,70+2,66+2,66+2,69+2,69+2,69+2,66+2,18+2,https://cdn.sofifa.net/players/255/137/22_120.png,https://cdn.sofifa.net/teams/112996/60.png,https://cdn.sofifa.net/flags/us.png,,https://cdn.sofifa.net/flags/ec.png
186805,J. Montero,Jefferson Antonio Montero Vite,"LM, LW, RW",70,70,31,Ecuador,,,Gallos Blancos de Querétaro,Mexican Liga MX,1300000.0,7000.0,85.0,65.0,66.0,77.0,29.0,55.0,186805,https://sofifa.com/player/186805/jefferson-montero/220002,J. Montero,"LM, LW, RW",70,70,1300000.0,7000.0,31,1989-09-01,170,67,110150.0,Gallos Blancos de Querétaro,Mexican Liga MX,1.0,SUB,10.0,,2021-01-01,2021.0,57,Ecuador,,,,Right,3,4,1,High/Low,Normal (170-),Yes,2100000.0,,"Finesse Shot, Speed Dribbler (AI)",85.0,65.0,66.0,77.0,29.0,55.0,68,60,50,65,64,78,76,64,61,75,89,82,85,59,85,74,67,47,63,67,40,25,60,67,68,75,19,38,20,11,11,12,15,12,,66+2,66+2,66+2,71-1,69,69,69,71-1,69+1,69+1,69+1,69+1,62+2,62+2,62+2,69+1,51+2,48+2,48+2,48+2,51+2,48+2,41+2,41+2,41+2,48+2,17+2,https://cdn.sofifa.net/players/186/805/22_120.png,https://cdn.sofifa.net/teams/110150/60.png,https://cdn.sofifa.net/flags/mx.png,,https://cdn.sofifa.net/flags/ec.png
233529,F. Gaibor,Fernando Vicente Gaibor Orellana,"CAM, CM, CDM",70,70,29,Ecuador,,,Independiente del Valle,Ecuadorian Serie A,1600000.0,700.0,66.0,66.0,72.0,71.0,59.0,67.0,233529,https://sofifa.com/player/233529/fernando-gaibor/220002,F. Gaibor,"CAM, CM, CDM",70,70,1600000.0,700.0,29,1991-10-08,178,75,112908.0,Independiente del Valle,Ecuadorian Serie A,1.0,SUB,13.0,,2021-07-01,2022.0,57,Ecuador,,,,Right,3,3,1,Medium/Medium,Normal (170-185),No,3400000.0,,"Long Passer (AI), Playmaker (AI), Technical Dribbler (AI)",66.0,66.0,72.0,71.0,59.0,67.0,70,63,58,73,58,69,68,67,72,74,66,66,75,67,71,74,61,78,66,69,57,65,61,72,70,60,56,60,57,11,14,14,11,9,,66+2,66+2,66+2,69,68,68,68,69,70,70,70,69+1,70,70,70,69+1,67+2,67+2,67+2,67+2,67+2,65+2,62+2,62+2,62+2,65+2,18+2,https://cdn.sofifa.net/players/233/529/22_120.png,https://cdn.sofifa.net/teams/112908/60.png,https://cdn.sofifa.net/flags/ec.png,,https://cdn.sofifa.net/flags/ec.png
236267,D. Aimar,Darío Javier Aimar Álvarez,CB,70,74,26,Ecuador,,,Barcelona Sporting Club,Ecuadorian Serie A,2000000.0,700.0,64.0,29.0,47.0,51.0,71.0,72.0,236267,https://sofifa.com/player/236267/dario-aimar/220002,D. Aimar,CB,70,74,2000000.0,700.0,26,1995-01-05,182,80,110981.0,Barcelona Sporting Club,Ecuadorian Serie A,1.0,RES,14.0,,2016-02-02,2022.0,57,Ecuador,,,,Right,3,2,1,Low/Medium,Normal (170-185),No,4600000.0,,,64.0,29.0,47.0,51.0,71.0,72.0,30,25,70,68,31,32,31,30,52,69,64,64,62,69,59,39,74,68,76,26,64,69,28,31,38,59,69,74,68,13,13,12,7,15,,48+2,48+2,48+2,47,47,47,47,47,49+2,49+2,49+2,49+2,54+2,54+2,54+2,49+2,62+2,66+2,66+2,66+2,62+2,65+2,70+2,70+2,70+2,65+2,18+2,https://cdn.sofifa.net/players/236/267/22_120.png,https://cdn.sofifa.net/teams/110981/60.png,https://cdn.sofifa.net/flags/ec.png,,https://cdn.sofifa.net/flags/ec.png
240944,M. Estrada,Michael Steveen Estrada Martínez,ST,70,75,25,Ecuador,,,Deportivo Toluca,Mexican Liga MX,2400000.0,13000.0,73.0,64.0,50.0,67.0,24.0,72.0,240944,https://sofifa.com/player/240944/michael-estrada/220002,M. Estrada,ST,70,75,2400000.0,13000.0,25,1996-04-07,184,78,1882.0,Deportivo Toluca,Mexican Liga MX,1.0,SUB,7.0,,2020-01-01,2022.0,57,Ecuador,,,,Right,3,2,1,High/Low,Normal (170-185),No,4300000.0,,Speed Dribbler (AI),73.0,64.0,50.0,67.0,24.0,72.0,28,73,78,68,65,70,30,30,51,63,71,75,71,68,52,64,71,54,80,43,76,16,70,51,66,60,14,23,17,14,9,8,8,6,,70+2,70+2,70+2,63,66,66,66,63,64+2,64+2,64+2,62+2,57+2,57+2,57+2,62+2,43+2,45+2,45+2,45+2,43+2,41+2,44+2,44+2,44+2,41+2,16+2,https://cdn.sofifa.net/players/240/944/22_120.png,https://cdn.sofifa.net/teams/1882/60.png,https://cdn.sofifa.net/flags/mx.png,,https://cdn.sofifa.net/flags/ec.png
241412,A. Preciado,Eduar Ayrton Preciado García,LM,70,70,26,Ecuador,,,Santos Laguna,Mexican Liga MX,1700000.0,12000.0,85.0,71.0,64.0,70.0,32.0,66.0,241412,https://sofifa.com/player/241412/ayrton-preciado/220002,A. Preciado,LM,70,70,1700000.0,12000.0,26,1994-07-17,181,72,110144.0,Santos Laguna,Mexican Liga MX,1.0,SUB,32.0,,2018-07-22,2022.0,57,Ecuador,,,,Right,3,3,1,High/Medium,Lean (170-185),No,2900000.0,,Injury Prone,85.0,71.0,64.0,70.0,32.0,66.0,60,67,71,67,73,71,64,68,67,67,87,83,78,68,65,81,52,72,72,70,45,37,67,59,71,62,31,19,20,7,6,11,8,6,,71-1,71-1,71-1,69,70,70,70,69,68+2,68+2,68+2,69+1,63+2,63+2,63+2,69+1,54+2,51+2,51+2,51+2,54+2,51+2,44+2,44+2,44+2,51+2,14+2,https://cdn.sofifa.net/players/241/412/22_120.png,https://cdn.sofifa.net/teams/110144/60.png,https://cdn.sofifa.net/flags/mx.png,,https://cdn.sofifa.net/flags/ec.png
245065,D. Palacios,Juan Diego Palacios Ricardo,LB,70,80,21,Ecuador,,,Los Angeles FC,USA Major League Soccer,3400000.0,3000.0,75.0,33.0,60.0,68.0,65.0,66.0,245065,https://sofifa.com/player/245065/diego-palacios/220002,D. Palacios,LB,70,80,3400000.0,3000.0,21,1999-07-12,169,65,112996.0,Los Angeles FC,USA Major League Soccer,1.0,LB,12.0,,2019-08-07,2022.0,57,Ecuador,,,,Left,2,3,1,High/Medium,Normal (170-),No,5800000.0,,Speed Dribbler (AI),75.0,33.0,60.0,68.0,65.0,66.0,70,25,44,67,25,68,36,27,57,67,76,75,67,65,86,48,58,74,62,30,69,65,55,56,37,64,67,70,67,7,10,9,7,9,,52+2,52+2,52+2,61,58,58,58,61,60+2,60+2,60+2,64+2,62+2,62+2,62+2,64+2,69+2,66+2,66+2,66+2,69+2,68+2,64+2,64+2,64+2,68+2,15+2,https://cdn.sofifa.net/players/245/065/22_120.png,https://cdn.sofifa.net/teams/112996/60.png,https://cdn.sofifa.net/flags/us.png,,https://cdn.sofifa.net/flags/ec.png
246403,B. Caicedo,Beder Julio Caicedo Lastra,"LB, LM",70,70,29,Ecuador,,,Independiente del Valle,Ecuadorian Serie A,1400000.0,650.0,87.0,48.0,59.0,63.0,65.0,70.0,246403,https://sofifa.com/player/246403/beder-caicedo/220002,B. Caicedo,"LB, LM",70,70,1400000.0,650.0,29,1992-05-13,180,70,112908.0,Independiente del Valle,Ecuadorian Serie A,1.0,CB,15.0,,2020-01-13,2022.0,57,Ecuador,,,,Left,2,3,1,High/Medium,Lean (170-185),No,3000000.0,,Speed Dribbler (AI),87.0,48.0,59.0,63.0,65.0,70.0,70,52,59,62,40,58,55,49,56,64,86,88,75,69,73,42,73,71,71,46,64,68,60,50,49,52,67,63,62,11,9,13,10,14,,60+2,60+2,60+2,64,61,61,61,64,61+2,61+2,61+2,65+2,60+2,60+2,60+2,65+2,68+2,64+2,64+2,64+2,68+2,68+2,66+2,66+2,66+2,68+2,17+2,https://cdn.sofifa.net/players/246/403/22_120.png,https://cdn.sofifa.net/teams/112908/60.png,https://cdn.sofifa.net/flags/ec.png,,https://cdn.sofifa.net/flags/ec.png
208722,S. Mané,Sadio Mané,LW,89,89,29,Senegal,,,Liverpool,English Premier League,101000000.0,270000.0,91.0,83.0,80.0,89.0,44.0,77.0,208722,https://sofifa.com/player/208722/sadio-mane/220002,S. Mané,LW,89,89,101000000.0,270000.0,29,1992-04-10,175,69,9.0,Liverpool,English Premier League,1.0,LW,10.0,,2016-07-01,2023.0,136,Senegal,,,,Right,4,4,4,High/Medium,Unique,Yes,186900000.0,"#Speedster, #Dribbler, #Acrobat, #Clinical Finisher, #Complete Forward","Flair, Speed Dribbler (AI)",91.0,83.0,80.0,89.0,44.0,77.0,78,86,84,84,75,90,77,64,71,88,93,90,93,91,88,83,87,85,72,80,75,35,90,84,71,84,42,42,38,10,10,15,7,14,,86+3,86+3,86+3,87,88,88,88,87,87+2,87+2,87+2,86+3,80+3,80+3,80+3,86+3,68+3,65+3,65+3,65+3,68+3,65+3,59+3,59+3,59+3,65+3,19+3,https://cdn.sofifa.net/players/208/722/22_120.png,https://cdn.sofifa.net/teams/9/60.png,https://cdn.sofifa.net/flags/gb-eng.png,,https://cdn.sofifa.net/flags/sn.png
201024,K. Koulibaly,Kalidou Koulibaly,CB,86,86,30,Senegal,,,Napoli,Italian Serie A,55500000.0,105000.0,81.0,28.0,51.0,65.0,87.0,85.0,201024,https://sofifa.com/player/201024/kalidou-koulibaly/220002,K. Koulibaly,CB,86,86,55500000.0,105000.0,30,1991-06-20,187,89,48.0,Napoli,Italian Serie A,1.0,LCB,26.0,,2014-07-01,2023.0,136,Senegal,,,,Right,3,2,3,Medium/High,Unique,Yes,94400000.0,"#Tackling, #Strength",Power Header,81.0,28.0,51.0,65.0,87.0,85.0,30,22,84,63,14,69,28,28,63,64,74,87,51,83,34,55,82,70,94,15,83,85,35,52,33,82,90,88,86,7,11,7,13,5,,56+3,56+3,56+3,55,57,57,57,55,57+3,57+3,57+3,59+3,62+3,62+3,62+3,59+3,73+3,76+3,76+3,76+3,73+3,76+3,85+1,85+1,85+1,76+3,17+3,https://cdn.sofifa.net/players/201/024/22_120.png,https://cdn.sofifa.net/teams/48/60.png,https://cdn.sofifa.net/flags/it.png,,https://cdn.sofifa.net/flags/sn.png
234642,É. Mendy,Édouard Mendy,GK,83,85,29,Senegal,,,Chelsea,English Premier League,30000000.0,105000.0,,,,,,,234642,https://sofifa.com/player/234642/edouard-mendy/220002,É. Mendy,GK,83,85,30000000.0,105000.0,29,1992-03-01,197,86,5.0,Chelsea,English Premier League,1.0,GK,16.0,,2020-09-24,2025.0,136,Senegal,,,,Right,2,1,2,Medium/Medium,Lean (185+),Yes,57800000.0,,"Leadership, Comes For Crosses",,,,,,,10,5,10,39,9,13,13,14,46,31,36,33,48,80,27,59,39,35,72,9,22,13,6,44,13,57,10,11,13,83,82,78,81,84,35.0,28+2,28+2,28+2,26,29,29,29,26,31+2,31+2,31+2,29+2,34+2,34+2,34+2,29+2,26+2,31+2,31+2,31+2,26+2,25+2,25+2,25+2,25+2,25+2,82+2,https://cdn.sofifa.net/players/234/642/22_120.png,https://cdn.sofifa.net/teams/5/60.png,https://cdn.sofifa.net/flags/gb-eng.png,,https://cdn.sofifa.net/flags/sn.png
193474,I. Gueye,Idrissa Gana Gueye,"CDM, CM",82,82,31,Senegal,,,Paris Saint-Germain,French Ligue 1,21500000.0,88000.0,69.0,62.0,71.0,78.0,83.0,77.0,193474,https://sofifa.com/player/193474/idrissa-gueye/220002,I. Gueye,"CDM, CM",82,82,21500000.0,88000.0,31,1989-09-26,174,66,73.0,Paris Saint-Germain,French Ligue 1,1.0,CM,27.0,,2019-07-30,2023.0,136,Senegal,,,,Right,3,3,2,Medium/High,Lean (170-185),Yes,39800000.0,#Tactician ,"Long Shot Taker (AI), Team Player",69.0,62.0,71.0,78.0,83.0,77.0,60,54,69,80,32,76,60,66,76,79,70,69,79,81,82,80,86,85,69,68,83,86,69,68,55,79,82,87,83,8,6,8,12,13,,70+2,70+2,70+2,71,72,72,72,71,73+2,73+2,73+2,73+2,77+2,77+2,77+2,73+2,79+2,81+1,81+1,81+1,79+2,79+2,81+1,81+1,81+1,79+2,18+2,https://cdn.sofifa.net/players/193/474/22_120.png,https://cdn.sofifa.net/teams/73/60.png,https://cdn.sofifa.net/flags/fr.png,,https://cdn.sofifa.net/flags/sn.png
178250,P. Diop,Papa Kouly Diop,"CDM, CM",78,78,35,Senegal,,,UD Ibiza,Spanish Segunda División,4000000.0,7000.0,39.0,66.0,68.0,68.0,78.0,87.0,178250,https://sofifa.com/player/178250/papakouli-diop/220002,P. Diop,"CDM, CM",78,78,4000000.0,7000.0,35,1986-03-19,179,77,113981.0,UD Ibiza,Spanish Segunda División,2.0,SUB,18.0,,2021-08-20,2022.0,136,Senegal,,,,Right,3,3,1,Medium/Medium,Normal (170-185),No,6200000.0,#Strength,Dives Into Tackles (AI),39.0,66.0,68.0,68.0,78.0,87.0,58,57,75,72,67,63,70,69,74,76,35,43,61,75,66,82,82,76,92,71,89,79,59,65,61,73,76,79,77,8,8,9,13,16,,67+2,67+2,67+2,62,65,65,65,62,66+2,66+2,66+2,64+2,71+2,71+2,71+2,64+2,70+2,77+1,77+1,77+1,70+2,70+2,79-1,79-1,79-1,70+2,18+2,https://cdn.sofifa.net/players/178/250/22_120.png,https://cdn.sofifa.net/teams/113981/60.png,https://cdn.sofifa.net/flags/es.png,,https://cdn.sofifa.net/flags/sn.png
186801,C. Kouyaté,Cheikhou Kouyaté,"CB, CDM",78,78,31,Senegal,,,Crystal Palace,English Premier League,9500000.0,51000.0,64.0,64.0,62.0,69.0,78.0,85.0,186801,https://sofifa.com/player/186801/cheikhou-kouyate/220002,C. Kouyaté,"CB, CDM",78,78,9500000.0,51000.0,31,1989-12-21,189,83,1799.0,Crystal Palace,English Premier League,1.0,CDM,8.0,,2018-08-01,2022.0,136,Senegal,,,,Right,3,3,2,High/High,Lean (185+),Yes,18100000.0,#Engine,"Leadership, Long Passer (AI)",64.0,64.0,62.0,69.0,78.0,85.0,53,63,79,69,50,68,39,47,65,73,61,66,62,79,54,74,77,87,85,63,85,77,69,65,52,72,77,79,76,15,8,9,12,9,,70+2,70+2,70+2,67,69,69,69,67,68+2,68+2,68+2,68+2,71+2,71+2,71+2,68+2,73+2,75+2,75+2,75+2,73+2,74+2,78,78,78,74+2,18+2,https://cdn.sofifa.net/players/186/801/22_120.png,https://cdn.sofifa.net/teams/1799/60.png,https://cdn.sofifa.net/flags/gb-eng.png,,https://cdn.sofifa.net/flags/sn.png
225711,A. Diallo,Abdou Diallo,"CB, LB",78,82,25,Senegal,,,Paris Saint-Germain,French Ligue 1,17500000.0,62000.0,74.0,39.0,71.0,76.0,78.0,77.0,225711,https://sofifa.com/player/225711/abdou-diallo/220002,A. Diallo,"CB, LB",78,82,17500000.0,62000.0,25,1996-05-04,187,79,73.0,Paris Saint-Germain,French Ligue 1,1.0,SUB,22.0,,2019-07-16,2024.0,136,Senegal,,,,Left,3,3,2,Medium/Medium,Normal (185+),Yes,33700000.0,,Injury Prone,74.0,39.0,71.0,76.0,78.0,77.0,69,38,78,78,39,75,58,32,76,78,72,76,73,77,71,51,84,74,77,24,77,78,61,69,41,81,77,78,81,12,7,7,7,8,,63+2,63+2,63+2,68,66,66,66,68,69+2,69+2,69+2,71+2,72+2,72+2,72+2,71+2,76+2,77+2,77+2,77+2,76+2,77+2,78+2,78+2,78+2,77+2,16+2,https://cdn.sofifa.net/players/225/711/22_120.png,https://cdn.sofifa.net/teams/73/60.png,https://cdn.sofifa.net/flags/fr.png,,https://cdn.sofifa.net/flags/sn.png
235353,I. Sarr,Ismaïla Sarr,"RW, RM, ST",78,86,23,Senegal,,,Watford,English Premier League,31000000.0,53000.0,94.0,76.0,67.0,80.0,22.0,67.0,235353,https://sofifa.com/player/235353/ismaila-sarr/220002,I. Sarr,"RW, RM, ST",78,86,31000000.0,53000.0,23,1998-02-25,185,76,1795.0,Watford,English Premier League,1.0,RM,23.0,,2019-08-08,2024.0,136,Senegal,,,,Right,2,4,1,High/Medium,Lean (185+),Yes,65100000.0,#Speedster,Speed Dribbler (AI),94.0,76.0,67.0,80.0,22.0,67.0,68,75,44,69,76,82,78,55,59,79,94,94,78,76,74,82,48,73,71,78,53,17,73,68,58,78,25,16,21,14,13,7,6,9,,75+2,75+2,75+2,78,77,77,77,78,75+2,75+2,75+2,76+2,66+2,66+2,66+2,76+2,55+2,49+2,49+2,49+2,55+2,50+2,39+2,39+2,39+2,50+2,18+2,https://cdn.sofifa.net/players/235/353/22_120.png,https://cdn.sofifa.net/teams/1795/60.png,https://cdn.sofifa.net/flags/gb-eng.png,,https://cdn.sofifa.net/flags/sn.png
246242,B. Dia,Boulaye Dia,ST,77,83,24,Senegal,,,Villarreal CF,Spain Primera Division,17000000.0,30000.0,78.0,77.0,55.0,74.0,27.0,75.0,246242,https://sofifa.com/player/246242/boulaye-dia/220002,B. Dia,ST,77,83,17000000.0,30000.0,24,1996-11-16,180,75,483.0,Villarreal CF,Spain Primera Division,1.0,SUB,16.0,,2021-07-13,2026.0,136,Senegal,,,,Right,3,3,1,High/Medium,Normal (170-185),No,39100000.0,,Injury Prone,78.0,77.0,55.0,74.0,27.0,75.0,37,80,74,68,67,77,56,43,44,77,79,78,65,74,62,79,74,72,83,68,60,22,79,60,77,60,28,17,14,11,10,15,14,10,,77+2,77+2,77+2,71,75,75,75,71,71+2,71+2,71+2,69+2,63+2,63+2,63+2,69+2,49+2,48+2,48+2,48+2,49+2,46+2,45+2,45+2,45+2,46+2,18+2,https://cdn.sofifa.net/players/246/242/22_120.png,https://cdn.sofifa.net/teams/483/60.png,https://cdn.sofifa.net/flags/es.png,,https://cdn.sofifa.net/flags/sn.png
201956,S. Sané,Salif Sané,CB,76,76,30,Senegal,,,FC Schalke 04,German 2. Bundesliga,6000000.0,13000.0,52.0,49.0,64.0,63.0,76.0,79.0,201956,https://sofifa.com/player/201956/salif-sane/220002,S. Sané,CB,76,76,6000000.0,13000.0,30,1990-08-25,196,85,34.0,FC Schalke 04,German 2. Bundesliga,2.0,SUB,26.0,,2018-07-01,2022.0,136,Senegal,,,,Right,3,2,2,Medium/High,Lean (185+),Yes,9600000.0,"#Aerial Threat, #Strength","Injury Prone, Power Header, Team Player",52.0,49.0,64.0,63.0,76.0,79.0,57,37,83,71,26,62,33,58,71,68,50,54,52,76,35,77,51,63,91,55,78,75,48,62,43,73,73,77,75,14,7,10,13,16,,61+2,61+2,61+2,59,60,60,60,59,61+2,61+2,61+2,61+2,67+2,67+2,67+2,61+2,68+2,73+2,73+2,73+2,68+2,69+2,76,76,76,69+2,19+2,https://cdn.sofifa.net/players/201/956/22_120.png,https://cdn.sofifa.net/teams/34/60.png,https://cdn.sofifa.net/flags/de.png,,https://cdn.sofifa.net/flags/sn.png
201976,A. Gomis,Alfred Benjamin Gomis,GK,76,78,27,Senegal,,,Stade Rennais FC,French Ligue 1,7000000.0,30000.0,,,,,,,201976,https://sofifa.com/player/201976/alfred-gomis/220002,A. Gomis,GK,76,78,7000000.0,30000.0,27,1993-09-05,196,80,74.0,Stade Rennais FC,French Ligue 1,1.0,GK,16.0,,2020-09-29,2025.0,136,Senegal,,,,Right,3,1,1,Medium/Medium,Lean (185+),No,13800000.0,,Long Passer (AI),,,,,,,15,16,11,34,11,15,12,12,35,24,43,41,60,73,54,53,76,33,57,15,16,21,16,61,23,57,18,14,10,76,76,70,75,76,42.0,30+2,30+2,30+2,30,32,32,32,30,34+2,34+2,34+2,31+2,34+2,34+2,34+2,31+2,27+2,30+2,30+2,30+2,27+2,26+2,26+2,26+2,26+2,26+2,75+2,https://cdn.sofifa.net/players/201/976/22_120.png,https://cdn.sofifa.net/teams/74/60.png,https://cdn.sofifa.net/flags/fr.png,,https://cdn.sofifa.net/flags/sn.png
204077,M. Niang,M'Baye Babacar Niang,ST,76,79,26,Senegal,,,Stade Rennais FC,French Ligue 1,10000000.0,44000.0,77.0,78.0,67.0,74.0,31.0,72.0,204077,https://sofifa.com/player/204077/mbaye-niang/220002,M. Niang,ST,76,79,10000000.0,44000.0,26,1994-12-19,188,83,74.0,Stade Rennais FC,French Ligue 1,1.0,SUB,19.0,,2019-05-31,2023.0,136,Senegal,,,,Right,4,3,2,High/Low,Normal (185+),Yes,19800000.0,,"Flair, Speed Dribbler (AI)",77.0,78.0,67.0,74.0,31.0,72.0,65,77,69,69,72,77,70,66,58,75,76,78,70,68,63,87,71,68,82,74,52,30,76,71,75,74,30,24,20,4,6,4,4,4,,76+2,76+2,76+2,74,75,75,75,74,73+2,73+2,73+2,72+2,66+2,66+2,66+2,72+2,54+2,51+2,51+2,51+2,54+2,50+2,46+2,46+2,46+2,50+2,11+2,https://cdn.sofifa.net/players/204/077/22_120.png,https://cdn.sofifa.net/teams/74/60.png,https://cdn.sofifa.net/flags/fr.png,,https://cdn.sofifa.net/flags/sn.png
215699,Y. Sabaly,Youssouf Sabaly,"RB, RM",76,76,28,Senegal,,,Real Betis Balompié,Spain Primera Division,7000000.0,22000.0,78.0,46.0,63.0,71.0,73.0,70.0,215699,https://sofifa.com/player/215699/youssouf-sabaly/220002,Y. Sabaly,"RB, RM",76,76,7000000.0,22000.0,28,1993-03-05,173,67,449.0,Real Betis Balompié,Spain Primera Division,1.0,SUB,23.0,,2021-07-01,2026.0,136,Senegal,,,,Right,3,3,2,Medium/Medium,Normal (170-185),No,14700000.0,,Early Crosser,78.0,46.0,63.0,71.0,73.0,70.0,74,43,55,73,37,71,59,38,60,69,77,78,73,73,82,53,70,77,68,44,67,75,72,45,43,70,75,75,73,9,11,8,15,11,,62+2,62+2,62+2,67,64,64,64,67,64+2,64+2,64+2,69+2,66+2,66+2,66+2,69+2,74+2,71+2,71+2,71+2,74+2,74+2,71+2,71+2,71+2,74+2,18+2,https://cdn.sofifa.net/players/215/699/22_120.png,https://cdn.sofifa.net/teams/449/60.png,https://cdn.sofifa.net/flags/es.png,,https://cdn.sofifa.net/flags/sn.png
215785,K. Baldé,Keita Baldé Diao,"ST, LM",76,79,26,Senegal,,,Cagliari,Italian Serie A,10000000.0,33000.0,91.0,74.0,71.0,79.0,30.0,70.0,215785,https://sofifa.com/player/215785/keita-balde/220002,K. Baldé,"ST, LM",76,79,10000000.0,33000.0,26,1995-03-08,184,77,1842.0,Cagliari,Italian Serie A,1.0,SUB,98.0,,2021-09-01,2024.0,136,Senegal,,,,Right,4,4,2,High/Medium,Normal (170-185),Yes,17800000.0,#Speedster,"Finesse Shot, Flair, Speed Dribbler (AI)",91.0,74.0,71.0,79.0,30.0,70.0,74,76,70,74,68,81,69,58,64,78,90,91,80,70,77,79,78,70,75,70,54,31,74,70,60,79,17,29,28,12,8,13,8,15,,76+2,76+2,76+2,78,77,77,77,78,76+2,76+2,76+2,77+2,68+2,68+2,68+2,77+2,58+2,53+2,53+2,53+2,58+2,54+2,47+2,47+2,47+2,54+2,17+2,https://cdn.sofifa.net/players/215/785/22_120.png,https://cdn.sofifa.net/teams/1842/60.png,https://cdn.sofifa.net/flags/it.png,,https://cdn.sofifa.net/flags/sn.png
228386,P. Cissé,Pape Abou Cissé,CB,76,81,25,Senegal,,,Olympiacos CFP,Greek Super League,10000000.0,1000.0,79.0,32.0,46.0,45.0,74.0,86.0,228386,https://sofifa.com/player/228386/pape-abou-cisse/220002,P. Cissé,CB,76,81,10000000.0,1000.0,25,1995-09-14,197,90,280.0,Olympiacos CFP,Greek Super League,1.0,LCB,66.0,,2017-01-19,2022.0,136,Senegal,,,,Right,2,2,1,Medium/High,Normal (185+),No,21800000.0,"#Aerial Threat, #Strength",,79.0,32.0,46.0,45.0,74.0,86.0,27,23,76,64,33,39,29,33,58,49,76,81,49,68,35,56,81,71,94,27,87,69,39,30,38,58,73,77,76,14,16,9,15,13,,52+2,52+2,52+2,46,48,48,48,46,47+2,47+2,47+2,50+2,53+2,53+2,53+2,50+2,63+2,67+2,67+2,67+2,63+2,67+2,76+2,76+2,76+2,67+2,20+2,https://cdn.sofifa.net/players/228/386/22_120.png,https://cdn.sofifa.net/teams/280/60.png,https://cdn.sofifa.net/flags/gr.png,,https://cdn.sofifa.net/flags/sn.png
233631,A. Ndiaye,Amath Ndiaye Diedhiou,"LM, ST, RM",76,79,24,Senegal,,,RCD Mallorca,Spain Primera Division,10000000.0,22000.0,92.0,71.0,67.0,79.0,46.0,67.0,233631,https://sofifa.com/player/233631/amath-ndiaye/220002,A. Ndiaye,"LM, ST, RM",76,79,10000000.0,22000.0,24,1996-07-16,173,70,453.0,RCD Mallorca,Spain Primera Division,1.0,SUB,23.0,,2021-07-01,2025.0,136,Senegal,,,,Right,4,4,1,High/Medium,Lean (170-185),No,22800000.0,#Speedster,"Flair, Speed Dribbler (AI), Technical Dribbler (AI)",92.0,71.0,67.0,79.0,46.0,67.0,66,75,65,69,72,83,69,65,61,76,93,91,82,68,72,76,78,64,65,60,75,41,74,67,49,75,41,52,35,6,7,14,8,9,,74+2,74+2,74+2,76,75,75,75,76,74+2,74+2,74+2,75+2,67+2,67+2,67+2,75+2,61+2,58+2,58+2,58+2,61+2,59+2,56+2,56+2,56+2,59+2,14+2,https://cdn.sofifa.net/players/233/631/22_120.png,https://cdn.sofifa.net/teams/453/60.png,https://cdn.sofifa.net/flags/es.png,,https://cdn.sofifa.net/flags/sn.png
238227,K. Diatta,Krépin Diatta,RM,76,83,22,Senegal,,,AS Monaco,French Ligue 1,15000000.0,38000.0,93.0,69.0,66.0,78.0,47.0,69.0,238227,https://sofifa.com/player/238227/krepin-diatta/220002,K. Diatta,RM,76,83,15000000.0,38000.0,22,1999-02-25,175,69,69.0,AS Monaco,French Ligue 1,1.0,SUB,27.0,,2021-01-22,2025.0,136,Senegal,,,,Right,4,4,1,High/Medium,Lean (170-185),No,31500000.0,"#Speedster, #Acrobat",Speed Dribbler (AI),93.0,69.0,66.0,78.0,47.0,69.0,67,68,62,69,68,79,62,42,65,74,92,94,91,70,78,73,94,89,62,73,57,48,65,69,59,71,55,32,50,10,8,11,11,12,,71+2,71+2,71+2,75,73,73,73,75,73+2,73+2,73+2,75+2,68+2,68+2,68+2,75+2,66+2,60+2,60+2,60+2,66+2,63+2,55+2,55+2,55+2,63+2,17+2,https://cdn.sofifa.net/players/238/227/22_120.png,https://cdn.sofifa.net/teams/69/60.png,https://cdn.sofifa.net/flags/fr.png,,https://cdn.sofifa.net/flags/sn.png
198861,N. Mendy,Nampalys Mendy,"CDM, CM",75,75,29,Senegal,,,Leicester City,English Premier League,4800000.0,70000.0,67.0,54.0,69.0,75.0,74.0,71.0,198861,https://sofifa.com/player/198861/nampalys-mendy/220002,N. Mendy,"CDM, CM",75,75,4800000.0,70000.0,29,1992-06-23,167,73,95.0,Leicester City,English Premier League,1.0,SUB,24.0,,2016-07-03,2023.0,136,Senegal,,,,Right,3,3,1,Low/High,Stocky (170-),Yes,9100000.0,,,67.0,54.0,69.0,75.0,74.0,71.0,61,49,65,77,41,71,69,54,72,78,71,64,75,73,87,61,76,70,68,59,77,72,56,64,55,75,76,75,74,14,12,9,12,15,,63+2,63+2,63+2,67,66,66,66,67,69+2,69+2,69+2,68+2,71+2,71+2,71+2,68+2,72+2,74+1,74+1,74+1,72+2,72+2,73+2,73+2,73+2,72+2,20+2,https://cdn.sofifa.net/players/198/861/22_120.png,https://cdn.sofifa.net/teams/95/60.png,https://cdn.sofifa.net/flags/gb-eng.png,,https://cdn.sofifa.net/flags/sn.png
225293,H. Diallo,Habibou Mouhamadou Diallo,"ST, RM",75,78,26,Senegal,,,RC Strasbourg Alsace,French Ligue 1,7500000.0,24000.0,72.0,74.0,55.0,71.0,23.0,72.0,225293,https://sofifa.com/player/225293/habib-diallo/220002,H. Diallo,"ST, RM",75,78,7500000.0,24000.0,26,1995-06-15,186,79,76.0,RC Strasbourg Alsace,French Ligue 1,1.0,SUB,20.0,,2020-10-05,2025.0,136,Senegal,,,,Right,3,3,2,Medium/Low,Normal (185+),No,15600000.0,,Power Header,72.0,74.0,55.0,71.0,23.0,72.0,49,78,81,66,72,71,55,37,43,74,71,73,67,75,68,77,87,70,79,61,55,19,78,57,80,66,13,17,17,13,14,14,15,12,,75+2,75+2,75+2,69,72,72,72,69,68+2,68+2,68+2,68+2,60+2,60+2,60+2,68+2,48+2,45+2,45+2,45+2,48+2,45+2,43+2,43+2,43+2,45+2,20+2,https://cdn.sofifa.net/players/225/293/22_120.png,https://cdn.sofifa.net/teams/76/60.png,https://cdn.sofifa.net/flags/fr.png,,https://cdn.sofifa.net/flags/sn.png
211099,O. Nguette,Opa Nguette,"LW, RW, ST",74,74,26,Senegal,,,FC Metz,French Ligue 1,4600000.0,19000.0,85.0,67.0,67.0,76.0,40.0,63.0,211099,https://sofifa.com/player/211099/opa-nguette/220002,O. Nguette,"LW, RW, ST",74,74,4600000.0,19000.0,26,1994-07-08,182,76,68.0,FC Metz,French Ligue 1,1.0,SUB,11.0,,2016-07-01,2022.0,136,Senegal,,,,Right,3,4,1,High/Medium,Lean (170-185),No,9200000.0,,"Injury Prone, Technical Dribbler (AI)",85.0,67.0,67.0,76.0,40.0,63.0,68,66,58,70,55,77,62,55,62,76,88,82,81,72,71,70,71,62,68,66,51,31,75,69,70,72,43,40,32,7,8,8,7,15,,71+2,71+2,71+2,74,73,73,73,74,73+1,73+1,73+1,73+1,66+2,66+2,66+2,73+1,58+2,55+2,55+2,55+2,58+2,56+2,50+2,50+2,50+2,56+2,16+2,https://cdn.sofifa.net/players/211/099/22_120.png,https://cdn.sofifa.net/teams/68/60.png,https://cdn.sofifa.net/flags/fr.png,,https://cdn.sofifa.net/flags/sn.png
220131,M. Diagne,Mbaye Diagne,ST,74,74,29,Senegal,,,Galatasaray SK,Turkish Süper Lig,4200000.0,50000.0,64.0,76.0,57.0,62.0,29.0,73.0,220131,https://sofifa.com/player/220131/mbaye-diagne/220002,M. Diagne,ST,74,74,4200000.0,50000.0,29,1991-10-28,191,86,325.0,Galatasaray SK,Turkish Süper Lig,1.0,SUB,90.0,,2019-01-31,2023.0,136,Senegal,,,,Right,4,2,1,Medium/Low,Normal (185+),No,8400000.0,#Strength,"Power Header, Outside Foot Shot",64.0,76.0,57.0,62.0,29.0,73.0,56,78,83,61,68,61,67,48,45,70,65,64,41,73,39,81,61,59,88,70,55,19,77,60,72,74,21,25,29,7,10,10,10,8,,74,74,74,66,69,69,69,66,65+2,65+2,65+2,64+2,59+2,59+2,59+2,64+2,48+2,46+2,46+2,46+2,48+2,47+2,46+2,46+2,46+2,47+2,16+2,https://cdn.sofifa.net/players/220/131/22_120.png,https://cdn.sofifa.net/teams/325/60.png,https://cdn.sofifa.net/flags/tr.png,,https://cdn.sofifa.net/flags/sn.png
187084,M. Diouf,Mame Biram Diouf,"ST, RW",73,73,33,Senegal,,,Atakaş Hatayspor,Turkish Süper Lig,1900000.0,14000.0,74.0,71.0,60.0,67.0,55.0,81.0,187084,https://sofifa.com/player/187084/mame-diouf/220002,M. Diouf,"ST, RW",73,73,1900000.0,14000.0,33,1987-12-16,185,79,101028.0,Atakaş Hatayspor,Turkish Süper Lig,1.0,ST,92.0,,2020-08-31,2022.0,136,Senegal,,,,Right,3,3,2,High/Medium,Normal (185+),Yes,3800000.0,,Power Header,74.0,71.0,60.0,67.0,55.0,81.0,63,73,79,66,65,66,59,36,44,69,71,77,69,70,60,75,89,80,81,61,78,57,76,66,75,66,44,58,55,11,5,12,7,12,,73,73,73,69,70,70,70,69,68+2,68+2,68+2,68+2,64+2,64+2,64+2,68+2,64+2,62+2,62+2,62+2,64+2,64+2,64+2,64+2,64+2,64+2,16+2,https://cdn.sofifa.net/players/187/084/22_120.png,https://cdn.sofifa.net/teams/101028/60.png,https://cdn.sofifa.net/flags/tr.png,,https://cdn.sofifa.net/flags/sn.png
188879,A. N'Diaye,Alfred John Momar N'Diaye,CDM,73,73,31,Senegal,,,Al Shabab,Saudi Abdul L. Jameel League,2100000.0,24000.0,59.0,63.0,65.0,68.0,71.0,86.0,188879,https://sofifa.com/player/188879/alfred-ndiaye/220002,A. N'Diaye,CDM,73,73,2100000.0,24000.0,31,1990-03-06,189,90,111674.0,Al Shabab,Saudi Abdul L. Jameel League,1.0,RDM,81.0,,2019-08-31,2022.0,136,Senegal,,,,Right,3,3,1,Medium/High,Stocky (185+),Yes,3600000.0,#Strength,Dives Into Tackles (AI),59.0,63.0,65.0,68.0,71.0,86.0,66,58,61,68,46,69,51,32,67,68,61,58,66,70,52,74,69,84,90,68,82,74,64,68,54,71,73,71,71,11,7,13,15,10,,66+2,66+2,66+2,66,66,66,66,66,67+2,67+2,67+2,67+2,69+2,69+2,69+2,67+2,70+2,72+1,72+1,72+1,70+2,70+2,73,73,73,70+2,17+2,https://cdn.sofifa.net/players/188/879/22_120.png,https://cdn.sofifa.net/teams/111674/60.png,https://cdn.sofifa.net/flags/sa.png,,https://cdn.sofifa.net/flags/sn.png
197937,P. Djilobodji,Papiss Mison Djilobodji,CB,73,73,32,Senegal,,,Gazişehir Gaziantep F.K.,Turkish Süper Lig,2000000.0,12000.0,57.0,46.0,54.0,56.0,71.0,80.0,197937,https://sofifa.com/player/197937/papy-djilobodji/220002,P. Djilobodji,CB,73,73,2000000.0,12000.0,32,1988-12-01,193,82,110776.0,Gazişehir Gaziantep F.K.,Turkish Süper Lig,1.0,CB,3.0,,2019-07-23,2024.0,136,Senegal,,,,Left,3,2,1,Medium/Medium,Normal (185+),No,4000000.0,,"Solid Player, Dives Into Tackles (AI), Leadership, Long Passer (AI), Power Header",57.0,46.0,54.0,56.0,71.0,80.0,22,32,75,70,23,56,27,55,74,59,61,54,51,61,46,72,85,71,84,66,78,73,38,51,27,54,63,76,74,12,13,9,6,10,,55+2,55+2,55+2,51,55,55,55,51,56+2,56+2,56+2,54+2,62+2,62+2,62+2,54+2,62+2,70+2,70+2,70+2,62+2,64+2,73,73,73,64+2,16+2,https://cdn.sofifa.net/players/197/937/22_120.png,https://cdn.sofifa.net/teams/110776/60.png,https://cdn.sofifa.net/flags/tr.png,,https://cdn.sofifa.net/flags/sn.png
217620,A. Seck,Abdoulaye Seck,CB,73,74,29,Senegal,,,Royal Antwerp FC,Belgian Jupiler Pro League,2800000.0,17000.0,74.0,47.0,57.0,58.0,70.0,86.0,217620,https://sofifa.com/player/217620/abdoulaye-seck/220002,A. Seck,CB,73,74,2800000.0,17000.0,29,1992-06-04,192,95,230.0,Royal Antwerp FC,Belgian Jupiler Pro League,1.0,RCB,4.0,,2018-08-29,2023.0,136,Senegal,,,,Right,4,2,1,High/High,Stocky (185+),No,4400000.0,#Strength,"Solid Player, Dives Into Tackles (AI), Long Passer (AI), Power Header",74.0,47.0,57.0,58.0,70.0,86.0,61,41,75,62,26,58,35,29,70,62,68,78,48,64,36,68,71,73,95,48,84,70,28,45,46,65,65,72,72,14,15,11,15,13,,57+2,57+2,57+2,56,55,55,55,56,55+2,55+2,55+2,59+2,59+2,59+2,59+2,59+2,67+2,68+2,68+2,68+2,67+2,69+2,73+1,73+1,73+1,69+2,20+2,https://cdn.sofifa.net/players/217/620/22_120.png,https://cdn.sofifa.net/teams/230/60.png,https://cdn.sofifa.net/flags/be.png,,https://cdn.sofifa.net/flags/sn.png
226861,S. Thioub,Sada Thioub,"RM, LM, RW",73,74,26,Senegal,,,Angers SCO,French Ligue 1,3600000.0,19000.0,78.0,71.0,69.0,73.0,30.0,69.0,226861,https://sofifa.com/player/226861/sada-thioub/220002,S. Thioub,"RM, LM, RW",73,74,3600000.0,19000.0,26,1995-06-01,179,75,1530.0,Angers SCO,French Ligue 1,1.0,SUB,22.0,,2019-07-23,2023.0,136,Senegal,,,,Left,4,3,1,High/Medium,Stocky (170-185),No,7500000.0,,"Finesse Shot, Team Player, Technical Dribbler (AI)",78.0,71.0,69.0,73.0,30.0,69.0,71,70,54,72,68,75,69,61,63,74,77,79,65,69,76,71,52,71,83,74,36,21,72,66,67,67,42,21,16,8,12,7,16,13,,71+2,71+2,71+2,73,72,72,72,73,71+2,71+2,71+2,72+2,65+2,65+2,65+2,72+2,54+2,51+2,51+2,51+2,54+2,50+2,43+2,43+2,43+2,50+2,18+2,https://cdn.sofifa.net/players/226/861/22_120.png,https://cdn.sofifa.net/teams/1530/60.png,https://cdn.sofifa.net/flags/fr.png,,https://cdn.sofifa.net/flags/sn.png
203376,V. van Dijk,Virgil van Dijk,CB,89,89,29,Netherlands,LCB,4.0,Liverpool,English Premier League,86000000.0,230000.0,78.0,60.0,71.0,72.0,91.0,84.0,203376,https://sofifa.com/player/203376/virgil-van-dijk/220002,V. van Dijk,CB,89,89,86000000.0,230000.0,29,1991-07-08,193,92,9.0,Liverpool,English Premier League,1.0,LCB,4.0,,2018-01-01,2025.0,34,Netherlands,105035.0,LCB,4.0,Right,3,2,4,Medium/Medium,Unique,Yes,159100000.0,"#Tackling, #Tactician, #Strength, #Complete Defender","Leadership, Long Passer (AI), Power Header",78.0,60.0,71.0,72.0,91.0,84.0,53,52,87,79,45,70,60,70,86,76,66,88,61,87,53,81,90,69,92,64,83,90,47,65,62,90,92,92,86,13,10,13,11,11,,70+3,70+3,70+3,67,69,69,69,67,70+3,70+3,70+3,70+3,75+3,75+3,75+3,70+3,79+3,84+3,84+3,84+3,79+3,81+3,88+1,88+1,88+1,81+3,20+3,https://cdn.sofifa.net/players/203/376/22_120.png,https://cdn.sofifa.net/teams/9/60.png,https://cdn.sofifa.net/flags/gb-eng.png,https://cdn.sofifa.net/teams/105035/60.png,https://cdn.sofifa.net/flags/nl.png
228702,F. de Jong,Frenkie de Jong,"CM, CDM, CB",87,92,24,Netherlands,CDM,21.0,FC Barcelona,Spain Primera Division,119500000.0,210000.0,81.0,69.0,85.0,88.0,77.0,78.0,228702,https://sofifa.com/player/228702/frenkie-de-jong/220002,F. de Jong,"CM, CDM, CB",87,92,119500000.0,210000.0,24,1997-05-12,180,74,241.0,FC Barcelona,Spain Primera Division,1.0,RCM,21.0,,2019-07-01,2026.0,34,Netherlands,105035.0,CDM,21.0,Right,3,4,3,High/Medium,Unique,Yes,253900000.0,"#Dribbler, #Playmaker, #Acrobat, #Complete Midfielder","Flair, Playmaker (AI), Outside Foot Shot, Technical Dribbler (AI)",81.0,69.0,85.0,88.0,77.0,78.0,78,72,72,91,70,88,84,64,87,89,80,82,88,88,79,68,76,90,74,66,75,82,77,86,45,90,76,76,77,7,13,10,10,9,,78+3,78+3,78+3,83,82,82,82,83,85+3,85+3,85+3,85+3,86+3,86+3,86+3,85+3,83+3,83+3,83+3,83+3,83+3,82+3,78+3,78+3,78+3,82+3,18+3,https://cdn.sofifa.net/players/228/702/22_120.png,https://cdn.sofifa.net/teams/241/60.png,https://cdn.sofifa.net/flags/es.png,https://cdn.sofifa.net/teams/105035/60.png,https://cdn.sofifa.net/flags/nl.png
198176,S. de Vrij,Stefan de Vrij,CB,85,85,29,Netherlands,RCB,6.0,Inter,Italian Serie A,45000000.0,145000.0,72.0,41.0,64.0,70.0,87.0,79.0,198176,https://sofifa.com/player/198176/stefan-de-vrij/220002,S. de Vrij,CB,85,85,45000000.0,145000.0,29,1992-02-05,189,78,44.0,Inter,Italian Serie A,1.0,CB,6.0,,2018-07-01,2023.0,34,Netherlands,105035.0,RCB,6.0,Right,3,2,3,Medium/High,Unique,Yes,76500000.0,"#Tackling, #Tactician ",Long Passer (AI),72.0,41.0,64.0,70.0,87.0,79.0,49,25,84,75,27,66,45,16,71,75,69,74,61,85,59,65,79,80,79,60,77,87,31,70,41,85,89,87,85,8,10,7,14,13,,59+3,59+3,59+3,61,62,62,62,61,65+3,65+3,65+3,64+3,71+3,71+3,71+3,64+3,77+3,81+3,81+3,81+3,77+3,79+3,84+1,84+1,84+1,79+3,19+3,https://cdn.sofifa.net/players/198/176/22_120.png,https://cdn.sofifa.net/teams/44/60.png,https://cdn.sofifa.net/flags/it.png,https://cdn.sofifa.net/teams/105035/60.png,https://cdn.sofifa.net/flags/nl.png
202556,M. Depay,Memphis Depay,"CF, LW, CAM",85,86,27,Netherlands,ST,10.0,FC Barcelona,Spain Primera Division,63000000.0,220000.0,82.0,83.0,82.0,84.0,30.0,79.0,202556,https://sofifa.com/player/202556/memphis-depay/220002,M. Depay,"CF, LW, CAM",85,86,63000000.0,220000.0,27,1994-02-13,176,78,241.0,FC Barcelona,Spain Primera Division,1.0,LW,9.0,,2021-07-01,2023.0,34,Netherlands,105035.0,ST,10.0,Right,3,5,3,High/Low,Unique,Yes,133900000.0,#Dribbler,"Flair, Long Shot Taker (AI), Playmaker (AI), Outside Foot Shot, Technical Dribbler (AI)",82.0,83.0,82.0,84.0,30.0,79.0,84,83,65,81,74,86,85,83,76,85,81,83,80,83,81,87,69,79,83,83,72,28,85,85,76,80,23,31,20,8,14,6,12,10,,82+3,82+3,82+3,84,84,84,84,84,83+3,83+3,83+3,83+3,77+3,77+3,77+3,83+3,61+3,59+3,59+3,59+3,61+3,56+3,49+3,49+3,49+3,56+3,19+3,https://cdn.sofifa.net/players/202/556/22_120.png,https://cdn.sofifa.net/teams/241/60.png,https://cdn.sofifa.net/flags/es.png,https://cdn.sofifa.net/teams/105035/60.png,https://cdn.sofifa.net/flags/nl.png
235243,M. de Ligt,Matthijs de Ligt,CB,85,90,21,Netherlands,SUB,3.0,Juventus,Italian Serie A,75000000.0,81000.0,73.0,59.0,60.0,69.0,84.0,87.0,235243,https://sofifa.com/player/235243/matthijs-de-ligt/220002,M. de Ligt,CB,85,90,75000000.0,81000.0,21,1999-08-12,189,89,45.0,Juventus,Italian Serie A,1.0,LCB,4.0,,2019-07-18,2024.0,34,Netherlands,105035.0,SUB,3.0,Right,3,2,3,Medium/High,Unique,Yes,129400000.0,#Strength,"Solid Player, Power Header",73.0,59.0,60.0,69.0,84.0,87.0,52,50,85,75,45,65,48,55,63,73,71,75,60,84,62,82,93,75,93,66,83,81,44,45,40,82,84,85,85,12,11,11,12,10,,68+3,68+3,68+3,64,65,65,65,64,64+3,64+3,64+3,65+3,67+3,67+3,67+3,65+3,75+3,78+3,78+3,78+3,75+3,78+3,84+3,84+3,84+3,78+3,19+3,https://cdn.sofifa.net/players/235/243/22_120.png,https://cdn.sofifa.net/teams/45/60.png,https://cdn.sofifa.net/flags/it.png,https://cdn.sofifa.net/teams/105035/60.png,https://cdn.sofifa.net/flags/nl.png
181291,G. Wijnaldum,Georginio Wijnaldum,"CM, CDM",84,84,30,Netherlands,RCM,8.0,Paris Saint-Germain,French Ligue 1,40500000.0,115000.0,77.0,75.0,80.0,86.0,79.0,79.0,181291,https://sofifa.com/player/181291/georginio-wijnaldum/220002,G. Wijnaldum,"CM, CDM",84,84,40500000.0,115000.0,30,1990-11-11,175,74,73.0,Paris Saint-Germain,French Ligue 1,1.0,RCM,18.0,,2021-07-01,2024.0,34,Netherlands,105035.0,RCM,8.0,Right,4,4,3,High/High,Unique,Yes,74900000.0,#Engine,"Solid Player, Flair",77.0,75.0,80.0,86.0,79.0,79.0,72,75,78,87,73,85,78,73,81,88,78,76,84,86,88,78,81,93,74,73,75,80,79,79,74,86,79,80,70,16,6,14,12,6,,80+3,80+3,80+3,81,82,82,82,81,82+2,82+2,82+2,82+2,83+1,83+1,83+1,82+2,81+3,82+2,82+2,82+2,81+3,80+3,79+3,79+3,79+3,80+3,19+3,https://cdn.sofifa.net/players/181/291/22_120.png,https://cdn.sofifa.net/teams/73/60.png,https://cdn.sofifa.net/flags/fr.png,https://cdn.sofifa.net/teams/105035/60.png,https://cdn.sofifa.net/flags/nl.png
223689,W. Weghorst,Wout Weghorst,ST,83,83,28,Netherlands,SUB,19.0,VfL Wolfsburg,German 1. Bundesliga,37000000.0,95000.0,63.0,83.0,59.0,70.0,52.0,86.0,223689,https://sofifa.com/player/223689/wout-weghorst/220002,W. Weghorst,ST,83,83,37000000.0,95000.0,28,1992-08-07,197,84,175.0,VfL Wolfsburg,German 1. Bundesliga,1.0,ST,9.0,,2018-07-01,2023.0,34,Netherlands,105035.0,SUB,19.0,Right,3,2,2,High/High,Normal (185+),No,62900000.0,"#Aerial Threat, #Strength",Power Header,63.0,83.0,59.0,70.0,52.0,86.0,42,87,92,76,83,65,40,37,43,79,59,66,62,85,44,86,79,83,89,74,85,34,88,67,71,83,44,67,30,11,9,14,16,12,,82+1,82+1,82+1,72,77,77,77,72,73+2,73+2,73+2,70+2,70+2,70+2,70+2,70+2,59+2,63+2,63+2,63+2,59+2,58+2,64+2,64+2,64+2,58+2,20+2,https://cdn.sofifa.net/players/223/689/22_120.png,https://cdn.sofifa.net/teams/175/60.png,https://cdn.sofifa.net/flags/de.png,https://cdn.sofifa.net/teams/105035/60.png,https://cdn.sofifa.net/flags/nl.png
190815,D. Blind,Daley Blind,"CB, CDM, LB",82,82,31,Netherlands,LB,17.0,Ajax,Holland Eredivisie,21000000.0,23000.0,45.0,64.0,82.0,79.0,83.0,72.0,190815,https://sofifa.com/player/190815/daley-blind/220002,D. Blind,"CB, CDM, LB",82,82,21000000.0,23000.0,31,1990-03-09,180,72,245.0,Ajax,Holland Eredivisie,1.0,LB,17.0,,2018-07-17,2023.0,34,Netherlands,105035.0,LB,17.0,Left,3,3,3,High/Medium,Normal (170-185),Yes,29400000.0,#Tactician ,"Long Passer (AI), Outside Foot Shot, Team Player",45.0,64.0,82.0,79.0,83.0,72.0,80,60,76,84,66,77,84,62,85,84,48,43,72,83,72,74,76,76,72,64,67,87,66,83,54,84,83,84,80,12,9,10,14,10,,70+3,70+3,70+3,72,73,73,73,72,76+3,76+3,76+3,74+3,81+1,81+1,81+1,74+3,78+3,82,82,82,78+3,78+3,80+2,80+2,80+2,78+3,19+3,https://cdn.sofifa.net/players/190/815/22_120.png,https://cdn.sofifa.net/teams/245/60.png,https://cdn.sofifa.net/flags/nl.png,https://cdn.sofifa.net/teams/105035/60.png,https://cdn.sofifa.net/flags/nl.png
208461,M. de Roon,Marten Elco de Roon,"CDM, CM",82,82,30,Netherlands,SUB,15.0,Atalanta,Italian Serie A,25500000.0,59000.0,66.0,68.0,71.0,73.0,82.0,83.0,208461,https://sofifa.com/player/208461/marten-de-roon/220002,M. de Roon,"CDM, CM",82,82,25500000.0,59000.0,30,1991-03-29,185,76,39.0,Atalanta,Italian Serie A,1.0,RCM,15.0,,2017-08-11,2024.0,34,Netherlands,105035.0,SUB,15.0,Right,3,3,3,Medium/High,Normal (185+),Yes,43400000.0,,Solid Player,66.0,68.0,71.0,73.0,82.0,83.0,68,60,75,78,64,71,61,48,75,76,64,68,61,82,73,76,80,92,77,77,85,84,67,69,80,81,82,84,81,14,15,7,12,12,,71+3,71+3,71+3,71,72,72,72,71,72+3,72+3,72+3,72+3,76+3,76+3,76+3,72+3,79+3,81+1,81+1,81+1,79+3,79+3,81+1,81+1,81+1,79+3,21+3,https://cdn.sofifa.net/players/208/461/22_120.png,https://cdn.sofifa.net/teams/39/60.png,https://cdn.sofifa.net/flags/it.png,https://cdn.sofifa.net/teams/105035/60.png,https://cdn.sofifa.net/flags/nl.png
233096,D. Dumfries,Denzel Justus Morris Dumfries,RB,82,84,25,Netherlands,RB,22.0,Inter,Italian Serie A,35000000.0,100000.0,80.0,61.0,66.0,72.0,78.0,89.0,233096,https://sofifa.com/player/233096/denzel-dumfries/220002,D. Dumfries,RB,82,84,35000000.0,100000.0,25,1996-04-18,188,80,44.0,Inter,Italian Serie A,1.0,SUB,2.0,,2021-08-15,2025.0,34,Netherlands,105035.0,RB,22.0,Right,3,2,3,High/Medium,Normal (185+),Yes,62100000.0,,"Long Throw-in, Solid Player, Speed Dribbler (AI)",80.0,61.0,66.0,72.0,78.0,89.0,73,64,84,74,38,71,50,35,65,74,76,84,68,80,60,66,92,94,89,54,83,77,74,58,48,73,75,79,77,10,10,7,13,14,,73+3,73+3,73+3,72,71,71,71,72,70+3,70+3,70+3,73+3,72+3,72+3,72+3,73+3,78+3,76+3,76+3,76+3,78+3,79+3,80+3,80+3,80+3,79+3,19+3,https://cdn.sofifa.net/players/233/096/22_120.png,https://cdn.sofifa.net/teams/44/60.png,https://cdn.sofifa.net/flags/it.png,https://cdn.sofifa.net/teams/105035/60.png,https://cdn.sofifa.net/flags/nl.png
200260,S. Berghuis,Steven Berghuis,RW,81,81,29,Netherlands,RW,11.0,Ajax,Holland Eredivisie,25500000.0,26000.0,80.0,81.0,82.0,82.0,36.0,66.0,200260,https://sofifa.com/player/200260/steven-berghuis/220002,S. Berghuis,RW,81,81,25500000.0,26000.0,29,1991-12-19,182,75,245.0,Ajax,Holland Eredivisie,1.0,SUB,23.0,,2021-07-19,2025.0,34,Netherlands,105035.0,RW,11.0,Left,3,4,2,Medium/Medium,Lean (170-185),Yes,35700000.0,,"Early Crosser, Finesse Shot, Long Shot Taker (AI), Playmaker (AI), Outside Foot Shot, Technical Dribbler (AI)",80.0,81.0,82.0,82.0,36.0,66.0,84,80,48,82,76,81,86,76,80,84,83,78,85,77,75,82,56,77,59,85,70,37,77,82,84,80,34,36,30,9,11,7,7,15,,76+2,76+2,76+2,81,80,80,80,81,81,81,81,81,76+2,76+2,76+2,81,63+2,61+2,61+2,61+2,63+2,58+2,49+2,49+2,49+2,58+2,18+2,https://cdn.sofifa.net/players/200/260/22_120.png,https://cdn.sofifa.net/teams/245/60.png,https://cdn.sofifa.net/flags/nl.png,https://cdn.sofifa.net/teams/105035/60.png,https://cdn.sofifa.net/flags/nl.png
225953,S. Bergwijn,Steven Charles Bergwijn,"LM, LW, RM",80,84,23,Netherlands,SUB,7.0,Tottenham Hotspur,English Premier League,30000000.0,82000.0,85.0,78.0,75.0,82.0,39.0,69.0,225953,https://sofifa.com/player/225953/steven-bergwijn/220002,S. Bergwijn,"LM, LW, RM",80,84,30000000.0,82000.0,23,1997-10-08,178,78,18.0,Tottenham Hotspur,English Premier League,1.0,SUB,23.0,,2020-01-29,2025.0,34,Netherlands,105035.0,SUB,7.0,Right,2,4,2,High/Medium,Stocky (170-185),Yes,59300000.0,,"Flair, Long Shot Taker (AI), Speed Dribbler (AI), Outside Foot Shot, Technical Dribbler (AI)",85.0,78.0,75.0,82.0,39.0,69.0,77,75,60,80,75,84,78,66,63,82,87,84,79,78,89,84,68,74,75,81,50,34,78,77,68,76,52,28,26,11,14,12,14,13,,78+2,78+2,78+2,80,80,80,80,80,79+2,79+2,79+2,79+2,72+2,72+2,72+2,79+2,62+2,58+2,58+2,58+2,62+2,58+2,51+2,51+2,51+2,58+2,20+2,https://cdn.sofifa.net/players/225/953/22_120.png,https://cdn.sofifa.net/teams/18/60.png,https://cdn.sofifa.net/flags/gb-eng.png,https://cdn.sofifa.net/teams/105035/60.png,https://cdn.sofifa.net/flags/nl.png
231447,D. Malen,Donyell Malen,ST,80,85,22,Netherlands,SUB,18.0,Borussia Dortmund,German 1. Bundesliga,33000000.0,59000.0,90.0,79.0,72.0,83.0,30.0,74.0,231447,https://sofifa.com/player/231447/donyell-malen/220002,D. Malen,ST,80,85,33000000.0,59000.0,22,1999-01-19,179,78,22.0,Borussia Dortmund,German 1. Bundesliga,1.0,LS,21.0,,2021-07-27,2026.0,34,Netherlands,105035.0,SUB,18.0,Right,3,4,2,Medium/Low,Normal (170-185),No,58600000.0,#Speedster,"Flair, Outside Foot Shot, Technical Dribbler (AI)",90.0,79.0,72.0,83.0,30.0,74.0,71,82,69,75,74,83,74,61,64,83,90,90,84,81,83,79,77,79,75,72,62,31,80,77,74,76,27,24,16,7,9,9,10,14,,80+2,80+2,80+2,81,81,81,81,81,80+2,80+2,80+2,80+2,72+2,72+2,72+2,80+2,59+2,55+2,55+2,55+2,59+2,55+2,47+2,47+2,47+2,55+2,18+2,https://cdn.sofifa.net/players/231/447/22_120.png,https://cdn.sofifa.net/teams/22/60.png,https://cdn.sofifa.net/flags/de.png,https://cdn.sofifa.net/teams/105035/60.png,https://cdn.sofifa.net/flags/nl.png
203483,D. Klaassen,Davy Klaassen,"CAM, CM",79,79,28,Netherlands,LCM,14.0,Ajax,Holland Eredivisie,17500000.0,21000.0,71.0,80.0,73.0,76.0,72.0,78.0,203483,https://sofifa.com/player/203483/davy-klaassen/220002,D. Klaassen,"CAM, CM",79,79,17500000.0,21000.0,28,1993-02-21,179,70,245.0,Ajax,Holland Eredivisie,1.0,CAM,6.0,,2020-10-05,2024.0,34,Netherlands,105035.0,LCM,14.0,Right,3,3,2,High/High,Normal (170-185),Yes,24500000.0,#Engine,"Dives Into Tackles (AI), Outside Foot Shot",71.0,80.0,73.0,76.0,72.0,78.0,67,81,77,79,82,75,61,44,77,80,69,72,68,82,68,81,69,90,73,75,79,73,83,78,76,82,68,75,65,12,6,13,16,10,,79,79,79,77,79,79,79,77,78+1,78+1,78+1,77+2,79,79,79,77+2,75+2,76+2,76+2,76+2,75+2,74+2,74+2,74+2,74+2,74+2,19+2,https://cdn.sofifa.net/players/203/483/22_120.png,https://cdn.sofifa.net/teams/245/60.png,https://cdn.sofifa.net/flags/nl.png,https://cdn.sofifa.net/teams/105035/60.png,https://cdn.sofifa.net/flags/nl.png
240679,T. Koopmeiners,Teun Koopmeiners,"CDM, CM, CB",79,84,23,Netherlands,SUB,20.0,Atalanta,Italian Serie A,24500000.0,41000.0,65.0,72.0,79.0,72.0,76.0,77.0,240679,https://sofifa.com/player/240679/teun-koopmeiners/220002,T. Koopmeiners,"CDM, CM, CB",79,84,24500000.0,41000.0,23,1998-02-28,183,77,39.0,Atalanta,Italian Serie A,1.0,SUB,7.0,,2021-08-30,2026.0,34,Netherlands,105035.0,SUB,20.0,Left,2,3,2,Medium/Medium,Normal (170-185),No,43500000.0,,"Solid Player, Long Passer (AI), Long Shot Taker (AI), Playmaker (AI)",65.0,72.0,79.0,72.0,76.0,77.0,76,67,73,82,66,70,69,77,83,76,66,64,66,80,71,78,78,84,75,76,71,79,68,76,85,79,77,75,75,14,8,14,12,10,,72+2,72+2,72+2,73,73,73,73,73,74+2,74+2,74+2,74+2,78+2,78+2,78+2,74+2,77+2,78+2,78+2,78+2,77+2,76+2,76+2,76+2,76+2,76+2,19+2,https://cdn.sofifa.net/players/240/679/22_120.png,https://cdn.sofifa.net/teams/39/60.png,https://cdn.sofifa.net/flags/it.png,https://cdn.sofifa.net/teams/105035/60.png,https://cdn.sofifa.net/flags/nl.png
242516,C. Gakpo,Cody Mathès Gakpo,"LM, ST",79,85,22,Netherlands,LW,9.0,PSV,Holland Eredivisie,28000000.0,19000.0,85.0,78.0,74.0,79.0,41.0,72.0,242516,https://sofifa.com/player/242516/cody-gakpo/220002,C. Gakpo,"LM, ST",79,85,28000000.0,19000.0,22,1999-05-07,189,76,247.0,PSV,Holland Eredivisie,1.0,LAM,11.0,,2016-07-07,2025.0,34,Netherlands,105035.0,LW,9.0,Right,4,3,1,Medium/Medium,Lean (185+),Yes,44800000.0,,"Finesse Shot, Outside Foot Shot, Technical Dribbler (AI)",85.0,78.0,74.0,79.0,41.0,72.0,79,79,60,74,72,79,77,73,64,80,84,86,80,74,74,83,74,76,76,76,58,39,77,76,63,76,43,38,28,15,11,7,9,5,,77+2,77+2,77+2,79,78,78,78,79,77+2,77+2,77+2,78+2,71+2,71+2,71+2,78+2,62+2,59+2,59+2,59+2,62+2,59+2,53+2,53+2,53+2,59+2,17+2,https://cdn.sofifa.net/players/242/516/22_120.png,https://cdn.sofifa.net/teams/247/60.png,https://cdn.sofifa.net/flags/nl.png,https://cdn.sofifa.net/teams/105035/60.png,https://cdn.sofifa.net/flags/nl.png
246104,R. Gravenberch,Ryan Jiro Gravenberch,"CM, CDM",78,90,19,Netherlands,SUB,16.0,Ajax,Holland Eredivisie,33000000.0,11000.0,77.0,74.0,77.0,82.0,68.0,71.0,246104,https://sofifa.com/player/246104/ryan-gravenberch/220002,R. Gravenberch,"CM, CDM",78,90,33000000.0,11000.0,19,2002-05-16,190,79,245.0,Ajax,Holland Eredivisie,1.0,LCM,8.0,,2018-07-01,2023.0,34,Netherlands,105035.0,SUB,16.0,Right,4,4,1,Medium/Medium,Lean (185+),Yes,52800000.0,,"Solid Player, Flair, Outside Foot Shot, Technical Dribbler (AI)",77.0,74.0,77.0,82.0,68.0,71.0,74,74,58,79,69,83,73,56,78,84,76,78,80,73,75,77,72,81,74,78,52,74,72,80,58,79,71,67,59,12,8,6,11,12,,75+2,75+2,75+2,78,78,78,78,78,79+2,79+2,79+2,78+2,78+2,78+2,78+2,78+2,74+2,74+2,74+2,74+2,74+2,72+2,68+2,68+2,68+2,72+2,17+2,https://cdn.sofifa.net/players/246/104/22_120.png,https://cdn.sofifa.net/teams/245/60.png,https://cdn.sofifa.net/flags/nl.png,https://cdn.sofifa.net/teams/105035/60.png,https://cdn.sofifa.net/flags/nl.png
170597,T. Krul,Tim Krul,GK,77,77,33,Netherlands,SUB,13.0,Norwich City,English Premier League,3400000.0,27000.0,,,,,,,170597,https://sofifa.com/player/170597/tim-krul/220002,T. Krul,GK,77,77,3400000.0,27000.0,33,1988-04-03,188,74,1792.0,Norwich City,English Premier League,1.0,GK,1.0,,2018-07-24,2024.0,34,Netherlands,105035.0,SUB,13.0,Left,2,1,2,Medium/Medium,Lean (185+),Yes,6800000.0,,Comes For Crosses,,,,,,,13,11,19,32,16,13,13,15,29,25,43,35,48,72,42,53,72,36,63,14,36,19,8,52,42,52,14,17,14,77,75,71,77,79,40.0,28+2,28+2,28+2,27,29,29,29,27,30+2,30+2,30+2,28+2,31+2,31+2,31+2,28+2,27+2,30+2,30+2,30+2,27+2,26+2,29+2,29+2,29+2,26+2,76+1,https://cdn.sofifa.net/players/170/597/22_120.png,https://cdn.sofifa.net/teams/1792/60.png,https://cdn.sofifa.net/flags/gb-eng.png,https://cdn.sofifa.net/teams/105035/60.png,https://cdn.sofifa.net/flags/nl.png
232229,J. Bijlow,Justin Bijlow,GK,77,85,23,Netherlands,GK,1.0,Feyenoord,Holland Eredivisie,20000000.0,8000.0,,,,,,,232229,https://sofifa.com/player/232229/justin-bijlow/220002,J. Bijlow,GK,77,85,20000000.0,8000.0,23,1998-01-22,188,76,246.0,Feyenoord,Holland Eredivisie,1.0,GK,1.0,,2015-07-01,2025.0,34,Netherlands,105035.0,GK,1.0,Right,2,1,1,Medium/Medium,Normal (185+),No,34000000.0,,"Injury Prone, Comes For Crosses",,,,,,,10,10,11,33,10,11,10,10,44,21,58,55,56,75,32,58,67,30,70,10,22,10,10,58,16,54,16,12,14,80,75,77,73,78,57.0,30+2,30+2,30+2,29,31,31,31,29,33+2,33+2,33+2,31+2,33+2,33+2,33+2,31+2,26+2,29+2,29+2,29+2,26+2,26+2,26+2,26+2,26+2,26+2,76+2,https://cdn.sofifa.net/players/232/229/22_120.png,https://cdn.sofifa.net/teams/246/60.png,https://cdn.sofifa.net/flags/nl.png,https://cdn.sofifa.net/teams/105035/60.png,https://cdn.sofifa.net/flags/nl.png
238041,T. Malacia,Tyrell Malacia,LB,77,82,21,Netherlands,SUB,5.0,Feyenoord,Holland Eredivisie,15000000.0,8000.0,81.0,56.0,64.0,75.0,72.0,73.0,238041,https://sofifa.com/player/238041/tyrell-malacia/220002,T. Malacia,LB,77,82,15000000.0,8000.0,21,1999-08-17,169,67,246.0,Feyenoord,Holland Eredivisie,1.0,LB,15.0,,2015-12-02,2024.0,34,Netherlands,105035.0,SUB,5.0,Left,3,3,1,High/Low,Lean (170-),No,23600000.0,,"Long Throw-in, Dives Into Tackles (AI), Early Crosser, Speed Dribbler (AI)",81.0,56.0,64.0,75.0,72.0,73.0,75,50,58,75,59,75,36,35,56,74,82,81,82,71,89,65,85,80,67,62,77,70,60,52,46,66,70,78,76,9,9,12,8,8,,65+2,65+2,65+2,70,67,67,67,70,68+2,68+2,68+2,70+2,67+2,67+2,67+2,70+2,75+2,71+2,71+2,71+2,75+2,75+2,72+2,72+2,72+2,75+2,16+2,https://cdn.sofifa.net/players/238/041/22_120.png,https://cdn.sofifa.net/teams/246/60.png,https://cdn.sofifa.net/flags/nl.png,https://cdn.sofifa.net/teams/105035/60.png,https://cdn.sofifa.net/flags/nl.png
228279,J. Drommel,Joël Drommel,GK,75,81,24,Netherlands,SUB,23.0,PSV,Holland Eredivisie,7000000.0,10000.0,,,,,,,228279,https://sofifa.com/player/228279/joel-drommel/220002,J. Drommel,GK,75,81,7000000.0,10000.0,24,1996-11-16,193,90,247.0,PSV,Holland Eredivisie,1.0,GK,16.0,,2021-07-01,2026.0,34,Netherlands,105035.0,SUB,23.0,Right,3,1,1,Medium/Medium,Normal (185+),No,11200000.0,,"GK Long Throw, Rushes Out Of Goal, Comes For Crosses",,,,,,,12,13,21,44,12,25,21,21,39,32,50,52,62,67,49,58,75,40,70,16,22,10,10,53,32,65,12,20,19,75,73,77,74,77,51.0,33+2,33+2,33+2,33,34,34,34,33,37+2,37+2,37+2,35+2,36+2,36+2,36+2,35+2,30+2,32+2,32+2,32+2,30+2,29+2,29+2,29+2,29+2,29+2,74+2,https://cdn.sofifa.net/players/228/279/22_120.png,https://cdn.sofifa.net/teams/247/60.png,https://cdn.sofifa.net/flags/nl.png,https://cdn.sofifa.net/teams/105035/60.png,https://cdn.sofifa.net/flags/nl.png
251805,J. Timber,Jurriën David Norman Timber,"CB, RB",75,86,20,Netherlands,SUB,2.0,Ajax,Holland Eredivisie,11500000.0,10000.0,83.0,44.0,64.0,75.0,75.0,79.0,251805,https://sofifa.com/player/251805/jurrien-timber/220002,J. Timber,"CB, RB",75,86,11500000.0,10000.0,20,2001-06-17,179,77,245.0,Ajax,Holland Eredivisie,1.0,RCB,2.0,,2019-01-01,2024.0,34,Netherlands,105035.0,SUB,2.0,Right,3,3,1,High/Medium,Normal (170-185),No,18400000.0,,,83.0,44.0,64.0,75.0,75.0,79.0,59,35,67,75,41,75,44,31,66,77,80,86,73,69,74,58,82,77,80,46,76,75,61,63,42,80,77,76,69,6,6,8,14,14,,63+2,63+2,63+2,67,66,66,66,67,68+2,68+2,68+2,70+2,69+2,69+2,69+2,70+2,73+2,74+2,74+2,74+2,73+2,74+2,75+2,75+2,75+2,74+2,16+2,https://cdn.sofifa.net/players/251/805/22_120.png,https://cdn.sofifa.net/teams/245/60.png,https://cdn.sofifa.net/flags/nl.png,https://cdn.sofifa.net/teams/105035/60.png,https://cdn.sofifa.net/flags/nl.png
235663,G. Til,Guus Berend Til,"CAM, CM",73,79,23,Netherlands,SUB,12.0,Feyenoord,Holland Eredivisie,4800000.0,35000.0,67.0,71.0,69.0,73.0,59.0,71.0,235663,https://sofifa.com/player/235663/guus-til/220002,G. Til,"CAM, CM",73,79,4800000.0,35000.0,23,1997-12-22,186,78,246.0,Feyenoord,Holland Eredivisie,1.0,CAM,26.0,Spartak Moskva,,2022.0,34,Netherlands,105035.0,SUB,12.0,Right,3,3,1,Medium/Medium,Normal (185+),No,,,,67.0,71.0,69.0,73.0,59.0,71.0,53,75,69,77,59,72,58,63,72,75,64,69,68,75,73,70,52,87,68,66,65,66,77,73,66,69,52,59,57,12,6,12,11,14,,72+2,72+2,72+2,71,73,73,73,71,73+2,73+2,73+2,72+2,74+2,74+2,74+2,72+2,67+2,69+2,69+2,69+2,67+2,66+2,63+2,63+2,63+2,66+2,18+2,https://cdn.sofifa.net/players/235/663/22_120.png,https://cdn.sofifa.net/teams/246/60.png,https://cdn.sofifa.net/flags/nl.png,https://cdn.sofifa.net/teams/105035/60.png,https://cdn.sofifa.net/flags/nl.png
202126,H. Kane,Harry Kane,ST,90,90,27,England,ST,9.0,Tottenham Hotspur,English Premier League,129500000.0,240000.0,70.0,91.0,83.0,83.0,47.0,83.0,202126,https://sofifa.com/player/202126/harry-kane/220002,H. Kane,ST,90,90,129500000.0,240000.0,27,1993-07-28,188,89,18.0,Tottenham Hotspur,English Premier League,1.0,ST,10.0,,2010-07-28,2024.0,14,England,1318.0,ST,9.0,Right,5,3,4,High/High,Unique,Yes,246100000.0,"#Distance Shooter, #Clinical Finisher","Leadership, Long Passer (AI), Long Shot Taker (AI), Playmaker (AI), Outside Foot Shot",70.0,91.0,83.0,83.0,47.0,83.0,80,94,86,85,88,83,83,65,86,85,65,74,71,92,70,91,79,83,85,86,80,44,94,87,91,91,50,36,38,8,10,11,14,11,,88+2,88+2,88+2,84,86,86,86,84,85+3,85+3,85+3,84+3,82+3,82+3,82+3,84+3,67+3,68+3,68+3,68+3,67+3,64+3,61+3,61+3,61+3,64+3,20+3,https://cdn.sofifa.net/players/202/126/22_120.png,https://cdn.sofifa.net/teams/18/60.png,https://cdn.sofifa.net/flags/gb-eng.png,https://cdn.sofifa.net/teams/1318/60.png,https://cdn.sofifa.net/flags/gb-eng.png
202652,R. Sterling,Raheem Sterling,"LW, RW",88,89,26,England,LW,10.0,Manchester City,English Premier League,107500000.0,290000.0,91.0,82.0,79.0,87.0,45.0,66.0,202652,https://sofifa.com/player/202652/raheem-sterling/220002,R. Sterling,"LW, RW",88,89,107500000.0,290000.0,26,1994-12-08,170,69,10.0,Manchester City,English Premier League,1.0,SUB,7.0,,2015-07-14,2023.0,14,England,1318.0,LW,10.0,Right,3,4,4,High/Medium,Unique,Yes,206900000.0,"#Speedster, #Dribbler, #Acrobat","Flair, Speed Dribbler (AI)",91.0,82.0,79.0,87.0,45.0,66.0,79,85,46,83,67,87,79,72,69,86,95,88,94,90,93,78,57,79,64,83,59,30,91,82,67,78,47,53,47,15,12,12,15,9,,81+3,81+3,81+3,87,86,86,86,87,86+3,86+3,86+3,85+3,78+3,78+3,78+3,85+3,69+3,64+3,64+3,64+3,69+3,65+3,55+3,55+3,55+3,65+3,21+3,https://cdn.sofifa.net/players/202/652/22_120.png,https://cdn.sofifa.net/teams/10/60.png,https://cdn.sofifa.net/flags/gb-eng.png,https://cdn.sofifa.net/teams/1318/60.png,https://cdn.sofifa.net/flags/gb-eng.png
231281,T. Alexander-Arnold,Trent Alexander-Arnold,RB,87,92,22,England,SUB,22.0,Liverpool,English Premier League,114000000.0,150000.0,79.0,68.0,88.0,80.0,80.0,72.0,231281,https://sofifa.com/player/231281/trent-alexander-arnold/220002,T. Alexander-Arnold,RB,87,92,114000000.0,150000.0,22,1998-10-07,180,69,9.0,Liverpool,English Premier League,1.0,RB,66.0,,2015-10-07,2025.0,14,England,1318.0,SUB,22.0,Right,4,3,3,High/Medium,Unique,Yes,219500000.0,#Crosser,"Early Crosser, Long Passer (AI), Long Shot Taker (AI)",79.0,68.0,88.0,80.0,80.0,72.0,92,60,69,86,62,78,87,85,90,86,77,80,73,82,73,82,66,88,63,75,74,82,77,87,55,81,80,83,79,14,15,14,6,7,,75+3,75+3,75+3,80,79,79,79,80,81+3,81+3,81+3,82+3,84+3,84+3,84+3,82+3,84+3,83+3,83+3,83+3,84+3,83+3,78+3,78+3,78+3,83+3,19+3,https://cdn.sofifa.net/players/231/281/22_120.png,https://cdn.sofifa.net/teams/9/60.png,https://cdn.sofifa.net/flags/gb-eng.png,https://cdn.sofifa.net/teams/1318/60.png,https://cdn.sofifa.net/flags/gb-eng.png
233049,J. Sancho,Jadon Sancho,"RM, CF, LM",87,91,21,England,SUB,17.0,Manchester United,English Premier League,116500000.0,150000.0,81.0,76.0,82.0,91.0,36.0,65.0,233049,https://sofifa.com/player/233049/jadon-sancho/220002,J. Sancho,"RM, CF, LM",87,91,116500000.0,150000.0,21,2000-03-25,180,76,11.0,Manchester United,English Premier League,1.0,LM,25.0,,2021-07-23,2026.0,14,England,1318.0,SUB,17.0,Right,3,5,3,High/Medium,Unique,Yes,224300000.0,"#Dribbler, #Acrobat","Finesse Shot, Flair, Playmaker (AI), Technical Dribbler (AI)",81.0,76.0,82.0,91.0,36.0,65.0,82,83,38,87,83,92,84,65,70,90,85,78,91,85,90,73,51,77,68,65,44,39,83,87,62,86,32,39,32,7,11,10,11,13,,78+3,78+3,78+3,85,84,84,84,85,85+3,85+3,85+3,85+3,79+3,79+3,79+3,85+3,66+3,62+3,62+3,62+3,66+3,60+3,48+3,48+3,48+3,60+3,19+3,https://cdn.sofifa.net/players/233/049/22_120.png,https://cdn.sofifa.net/teams/11/60.png,https://cdn.sofifa.net/flags/gb-eng.png,https://cdn.sofifa.net/teams/1318/60.png,https://cdn.sofifa.net/flags/gb-eng.png
188377,K. Walker,Kyle Walker,RB,85,85,31,England,RB,2.0,Manchester City,English Premier League,39000000.0,170000.0,92.0,63.0,76.0,78.0,80.0,82.0,188377,https://sofifa.com/player/188377/kyle-walker/220002,K. Walker,RB,85,85,39000000.0,170000.0,31,1990-05-28,183,83,10.0,Manchester City,English Premier League,1.0,RB,2.0,,2017-07-14,2024.0,14,England,1318.0,RB,2.0,Right,2,3,3,High/High,Unique,Yes,72200000.0,"#Speedster, #Engine","Long Throw-in, Speed Dribbler (AI)",92.0,63.0,76.0,78.0,80.0,82.0,77,51,74,79,57,79,76,71,77,81,89,94,66,85,69,86,83,86,80,69,84,80,68,69,63,75,77,84,83,12,6,16,15,8,,74+3,74+3,74+3,76,76,76,76,76,75+3,75+3,75+3,78+3,77+3,77+3,77+3,78+3,82+3,80+3,80+3,80+3,82+3,82+3,81+3,81+3,81+3,82+3,19+3,https://cdn.sofifa.net/players/188/377/22_120.png,https://cdn.sofifa.net/teams/10/60.png,https://cdn.sofifa.net/flags/gb-eng.png,https://cdn.sofifa.net/teams/1318/60.png,https://cdn.sofifa.net/flags/gb-eng.png
231677,M. Rashford,Marcus Rashford,"LM, ST",85,89,23,England,SUB,11.0,Manchester United,English Premier League,77500000.0,150000.0,90.0,84.0,79.0,84.0,43.0,77.0,231677,https://sofifa.com/player/231677/marcus-rashford/220002,M. Rashford,"LM, ST",85,89,77500000.0,150000.0,23,1997-10-31,186,70,11.0,Manchester United,English Premier League,1.0,SUB,10.0,,2014-07-01,2023.0,14,England,1318.0,SUB,11.0,Right,3,5,3,High/Medium,Unique,Yes,149200000.0,#Dribbler,"Power Free-Kick, Flair, Long Shot Taker (AI), Speed Dribbler (AI), Team Player",90.0,84.0,79.0,84.0,43.0,77.0,80,83,68,80,73,86,83,76,71,84,86,93,84,84,75,92,74,86,75,81,73,42,83,81,84,80,45,38,33,11,6,15,7,14,,83+3,83+3,83+3,84,84,84,84,84,83+3,83+3,83+3,83+3,77+3,77+3,77+3,83+3,67+3,64+3,64+3,64+3,67+3,63+3,57+3,57+3,57+3,63+3,18+3,https://cdn.sofifa.net/players/231/677/22_120.png,https://cdn.sofifa.net/teams/11/60.png,https://cdn.sofifa.net/flags/gb-eng.png,https://cdn.sofifa.net/teams/1318/60.png,https://cdn.sofifa.net/flags/gb-eng.png
183711,J. Henderson,Jordan Henderson,"CDM, CM",84,84,31,England,SUB,8.0,Liverpool,English Premier League,29500000.0,140000.0,66.0,74.0,83.0,79.0,78.0,81.0,183711,https://sofifa.com/player/183711/jordan-henderson/220002,J. Henderson,"CDM, CM",84,84,29500000.0,140000.0,31,1990-06-17,182,80,9.0,Liverpool,English Premier League,1.0,RCM,14.0,,2011-06-09,2025.0,14,England,1318.0,SUB,8.0,Right,3,3,3,High/High,Normal (170-185),Yes,54600000.0,#Engine,"Leadership, Early Crosser, Long Passer (AI), Team Player",66.0,74.0,83.0,79.0,78.0,81.0,82,73,65,85,71,78,80,74,87,83,67,66,69,85,68,77,78,86,78,75,83,81,78,80,64,82,79,81,76,7,13,7,9,13,,76+3,76+3,76+3,78,78,78,78,78,79+3,79+3,79+3,80+3,82+2,82+2,82+2,80+3,80+3,82+2,82+2,82+2,80+3,79+3,79+3,79+3,79+3,79+3,19+3,https://cdn.sofifa.net/players/183/711/22_120.png,https://cdn.sofifa.net/teams/9/60.png,https://cdn.sofifa.net/flags/gb-eng.png,https://cdn.sofifa.net/teams/1318/60.png,https://cdn.sofifa.net/flags/gb-eng.png
186345,K. Trippier,Kieran Trippier,"RB, RWB, RM",84,84,30,England,SUB,12.0,Atlético de Madrid,Spain Primera Division,36500000.0,74000.0,73.0,63.0,82.0,77.0,80.0,72.0,186345,https://sofifa.com/player/186345/kieran-trippier/220002,K. Trippier,"RB, RWB, RM",84,84,36500000.0,74000.0,30,1990-09-19,173,69,240.0,Atlético de Madrid,Spain Primera Division,1.0,SUB,23.0,,2019-07-17,2023.0,14,England,1318.0,SUB,12.0,Right,4,3,2,Medium/Medium,Normal (170-185),Yes,74800000.0,#Crosser,"Long Throw-in, Solid Player, Early Crosser",73.0,63.0,82.0,77.0,80.0,72.0,86,54,79,81,58,74,86,82,80,82,74,73,73,81,77,75,78,87,64,70,73,80,76,80,66,77,79,81,80,11,14,8,11,10,,72+2,72+2,72+2,76,75,75,75,76,76+2,76+2,76+2,78+2,79+2,79+2,79+2,78+2,81+2,80+2,80+2,80+2,81+2,81+2,78+2,78+2,78+2,81+2,19+2,https://cdn.sofifa.net/players/186/345/22_120.png,https://cdn.sofifa.net/teams/240/60.png,https://cdn.sofifa.net/flags/es.png,https://cdn.sofifa.net/teams/1318/60.png,https://cdn.sofifa.net/flags/gb-eng.png
203263,H. Maguire,Harry Maguire,CB,84,86,28,England,LCB,6.0,Manchester United,English Premier League,42500000.0,155000.0,50.0,55.0,69.0,70.0,85.0,87.0,203263,https://sofifa.com/player/203263/harry-maguire/220002,H. Maguire,CB,84,86,42500000.0,155000.0,28,1993-03-05,194,100,11.0,Manchester United,English Premier League,1.0,LCB,5.0,,2019-08-05,2024.0,14,England,1318.0,LCB,6.0,Right,3,2,3,High/High,Stocky (185+),Yes,81800000.0,"#Aerial Threat, #Tactician, #Strength","Solid Player, Leadership, Long Passer (AI), Power Header",50.0,55.0,69.0,70.0,85.0,87.0,51,48,87,78,47,71,48,46,84,76,47,53,50,84,41,75,85,82,90,52,84,86,61,70,44,85,87,83,78,14,16,9,14,9,,67+3,67+3,67+3,64,67,67,67,64,69+3,69+3,69+3,68+3,76+3,76+3,76+3,68+3,74+3,82+3,82+3,82+3,74+3,76+3,84+2,84+2,84+2,76+3,21+3,https://cdn.sofifa.net/players/203/263/22_120.png,https://cdn.sofifa.net/teams/11/60.png,https://cdn.sofifa.net/flags/gb-eng.png,https://cdn.sofifa.net/teams/1318/60.png,https://cdn.sofifa.net/flags/gb-eng.png
205988,L. Shaw,Luke Shaw,LB,84,86,25,England,LB,3.0,Manchester United,English Premier League,48500000.0,140000.0,79.0,54.0,79.0,80.0,81.0,80.0,205988,https://sofifa.com/player/205988/luke-shaw/220002,L. Shaw,LB,84,86,48500000.0,140000.0,25,1995-07-12,181,75,11.0,Manchester United,English Premier League,1.0,LB,23.0,,2014-06-27,2023.0,14,England,1318.0,LB,3.0,Left,2,3,2,High/Medium,Stocky (170-185),Yes,93400000.0,,"Injury Prone, Early Crosser, Speed Dribbler (AI)",79.0,54.0,79.0,80.0,81.0,80.0,85,44,78,82,56,80,83,54,69,82,76,81,75,82,77,70,83,80,79,54,84,79,78,81,44,83,83,83,79,10,12,13,7,7,,71+2,71+2,71+2,76,75,75,75,76,76+2,76+2,76+2,78+2,78+2,78+2,78+2,78+2,81+2,80+2,80+2,80+2,81+2,81+2,81+2,81+2,81+2,81+2,17+2,https://cdn.sofifa.net/players/205/988/22_120.png,https://cdn.sofifa.net/teams/11/60.png,https://cdn.sofifa.net/flags/gb-eng.png,https://cdn.sofifa.net/teams/1318/60.png,https://cdn.sofifa.net/flags/gb-eng.png
206517,J. Grealish,Jack Grealish,"LW, LM, CAM",84,85,25,England,SUB,7.0,Manchester City,English Premier League,50500000.0,180000.0,80.0,76.0,83.0,88.0,46.0,64.0,206517,https://sofifa.com/player/206517/jack-grealish/220002,J. Grealish,"LW, LM, CAM",84,85,50500000.0,180000.0,25,1995-09-10,180,81,10.0,Manchester City,English Premier League,1.0,LW,10.0,,2021-08-05,2027.0,14,England,1318.0,SUB,7.0,Right,3,4,3,High/Medium,Unique,Yes,97200000.0,#Dribbler,"Flair, Playmaker (AI), Technical Dribbler (AI)",80.0,76.0,83.0,88.0,46.0,64.0,81,77,36,85,72,89,78,74,82,88,81,79,85,79,84,76,36,80,61,80,60,44,81,85,58,88,48,49,43,11,6,11,10,13,,75+3,75+3,75+3,83,82,82,82,83,84+1,84+1,84+1,83+2,80+3,80+3,80+3,83+2,68+3,67+3,67+3,67+3,68+3,64+3,53+3,53+3,53+3,64+3,18+3,https://cdn.sofifa.net/players/206/517/22_120.png,https://cdn.sofifa.net/teams/10/60.png,https://cdn.sofifa.net/flags/gb-eng.png,https://cdn.sofifa.net/teams/1318/60.png,https://cdn.sofifa.net/flags/gb-eng.png
237692,P. Foden,Philip Foden,"CAM, LW, CM",84,92,21,England,RW,20.0,Manchester City,English Premier League,94500000.0,125000.0,84.0,78.0,80.0,87.0,56.0,57.0,237692,https://sofifa.com/player/237692/phil-foden/220002,P. Foden,"CAM, LW, CM",84,92,94500000.0,125000.0,21,2000-05-28,171,69,10.0,Manchester City,English Premier League,1.0,SUB,47.0,,2016-07-01,2024.0,14,England,1318.0,RW,20.0,Left,3,4,3,High/Medium,Lean (170-185),Yes,193700000.0,"#Dribbler, #Acrobat","Flair, Long Shot Taker (AI), Playmaker (AI), Technical Dribbler (AI)",84.0,78.0,80.0,87.0,56.0,57.0,75,79,47,84,59,86,73,59,78,88,86,82,90,83,91,82,49,79,44,77,64,59,82,84,64,82,58,59,47,8,15,6,10,13,,77+3,77+3,77+3,83,83,83,83,83,84+3,84+3,84+3,83+3,81+3,81+3,81+3,83+3,72+3,70+3,70+3,70+3,72+3,68+3,59+3,59+3,59+3,68+3,19+3,https://cdn.sofifa.net/players/237/692/22_120.png,https://cdn.sofifa.net/teams/10/60.png,https://cdn.sofifa.net/flags/gb-eng.png,https://cdn.sofifa.net/teams/1318/60.png,https://cdn.sofifa.net/flags/gb-eng.png
203574,J. Stones,John Stones,CB,83,86,27,England,RCB,5.0,Manchester City,English Premier League,41000000.0,140000.0,70.0,51.0,71.0,74.0,84.0,78.0,203574,https://sofifa.com/player/203574/john-stones/220002,J. Stones,CB,83,86,41000000.0,140000.0,27,1994-05-28,188,76,10.0,Manchester City,English Premier League,1.0,SUB,5.0,,2016-08-09,2026.0,14,England,1318.0,RCB,5.0,Right,4,3,2,High/Medium,Lean (185+),Yes,78900000.0,,Long Throw-in,70.0,51.0,71.0,74.0,84.0,78.0,62,52,84,83,44,72,52,37,75,83,67,73,61,82,59,55,83,77,78,44,80,83,52,67,52,80,84,85,82,7,15,11,10,8,,67+2,67+2,67+2,68,68,68,68,68,70+2,70+2,70+2,71+2,75+2,75+2,75+2,71+2,78+2,81+2,81+2,81+2,78+2,79+2,83+2,83+2,83+2,79+2,18+2,https://cdn.sofifa.net/players/203/574/22_120.png,https://cdn.sofifa.net/teams/10/60.png,https://cdn.sofifa.net/flags/gb-eng.png,https://cdn.sofifa.net/teams/1318/60.png,https://cdn.sofifa.net/flags/gb-eng.png
204935,J. Pickford,Jordan Pickford,GK,83,85,27,England,GK,1.0,Everton,English Premier League,33000000.0,83000.0,,,,,,,204935,https://sofifa.com/player/204935/jordan-pickford/220002,J. Pickford,GK,83,85,33000000.0,83000.0,27,1994-03-07,185,77,7.0,Everton,English Premier League,1.0,GK,1.0,,2017-06-15,2024.0,14,England,1318.0,GK,1.0,Left,4,1,3,Medium/Medium,Normal (185+),Yes,65200000.0,,"Solid Player, Long Passer (AI), Rushes Out Of Goal, Saves with Feet",,,,,,,17,19,15,55,20,14,18,16,56,40,53,44,55,80,55,65,77,45,70,13,45,24,18,69,45,65,21,20,12,83,78,87,80,86,49.0,37+3,37+3,37+3,36,39,39,39,36,43+3,43+3,43+3,39+3,45+3,45+3,45+3,39+3,34+3,42+3,42+3,42+3,34+3,33+3,34+3,34+3,34+3,33+3,82+3,https://cdn.sofifa.net/players/204/935/22_120.png,https://cdn.sofifa.net/teams/7/60.png,https://cdn.sofifa.net/flags/gb-eng.png,https://cdn.sofifa.net/teams/1318/60.png,https://cdn.sofifa.net/flags/gb-eng.png
233064,M. Mount,Mason Mount,"CAM, CM, RW",83,89,22,England,LCM,19.0,Chelsea,English Premier League,58500000.0,120000.0,74.0,79.0,84.0,83.0,55.0,65.0,233064,https://sofifa.com/player/233064/mason-mount/220002,M. Mount,"CAM, CM, RW",83,89,58500000.0,120000.0,22,1999-01-10,178,70,5.0,Chelsea,English Premier League,1.0,RW,19.0,,2016-01-10,2024.0,14,England,1318.0,LCM,19.0,Right,4,3,3,High/High,Lean (170-185),Yes,119900000.0,#Engine,"Long Shot Taker (AI), Technical Dribbler (AI)",74.0,79.0,84.0,83.0,55.0,65.0,82,79,59,86,75,82,81,83,83,85,77,71,80,84,76,81,54,86,54,82,68,59,81,83,60,84,54,57,41,11,12,13,8,12,,77+3,77+3,77+3,82,81,81,81,82,83+3,83+3,83+3,82+3,81+3,81+3,81+3,82+3,71+3,71+3,71+3,71+3,71+3,68+3,60+3,60+3,60+3,68+3,19+3,https://cdn.sofifa.net/players/233/064/22_120.png,https://cdn.sofifa.net/teams/5/60.png,https://cdn.sofifa.net/flags/gb-eng.png,https://cdn.sofifa.net/teams/1318/60.png,https://cdn.sofifa.net/flags/gb-eng.png
234378,D. Rice,Declan Rice,"CDM, CM",82,87,22,England,CDM,4.0,West Ham United,English Premier League,43000000.0,69000.0,66.0,53.0,71.0,74.0,81.0,79.0,234378,https://sofifa.com/player/234378/declan-rice/220002,D. Rice,"CDM, CM",82,87,43000000.0,69000.0,22,1999-01-14,185,80,19.0,West Ham United,English Premier League,1.0,LDM,41.0,,2016-06-29,2024.0,14,England,1318.0,CDM,4.0,Right,3,2,1,Medium/High,Normal (185+),Yes,84900000.0,,"Leadership, Long Passer (AI)",66.0,53.0,71.0,74.0,81.0,79.0,50,42,71,82,40,75,58,53,80,79,64,68,53,77,61,70,74,84,76,60,82,83,54,75,71,80,80,83,80,8,11,14,5,9,,64+2,64+2,64+2,66,68,68,68,66,71+2,71+2,71+2,70+2,76+2,76+2,76+2,70+2,76+2,81+2,81+2,81+2,76+2,76+2,79+2,79+2,79+2,76+2,16+2,https://cdn.sofifa.net/players/234/378/22_120.png,https://cdn.sofifa.net/teams/19/60.png,https://cdn.sofifa.net/flags/gb-eng.png,https://cdn.sofifa.net/teams/1318/60.png,https://cdn.sofifa.net/flags/gb-eng.png
221479,D. Calvert-Lewin,Dominic Calvert-Lewin,ST,81,85,24,England,SUB,18.0,Everton,English Premier League,37500000.0,90000.0,83.0,77.0,64.0,77.0,39.0,82.0,221479,https://sofifa.com/player/221479/dominic-calvert-lewin/220002,D. Calvert-Lewin,ST,81,85,37500000.0,90000.0,24,1997-03-16,187,71,7.0,Everton,English Premier League,1.0,ST,9.0,,2016-08-31,2025.0,14,England,1318.0,SUB,18.0,Right,3,3,2,High/Medium,Unique,Yes,74100000.0,,Power Header,83.0,77.0,64.0,77.0,39.0,82.0,65,82,89,72,73,76,64,54,47,80,76,89,72,81,65,79,91,80,83,65,78,35,84,64,77,76,38,31,23,12,12,8,7,11,,81+2,81+2,81+2,76,78,78,78,76,74+2,74+2,74+2,75+2,67+2,67+2,67+2,75+2,59+2,56+2,56+2,56+2,59+2,57+2,55+2,55+2,55+2,57+2,18+2,https://cdn.sofifa.net/players/221/479/22_120.png,https://cdn.sofifa.net/teams/7/60.png,https://cdn.sofifa.net/flags/gb-eng.png,https://cdn.sofifa.net/teams/1318/60.png,https://cdn.sofifa.net/flags/gb-eng.png
224081,K. Phillips,Kalvin Phillips,"CDM, CM, CB",81,85,25,England,RCM,14.0,Leeds United,English Premier League,32500000.0,82000.0,67.0,65.0,76.0,75.0,78.0,82.0,224081,https://sofifa.com/player/224081/kalvin-phillips/220002,K. Phillips,"CDM, CM, CB",81,85,32500000.0,82000.0,25,1995-12-02,178,72,8.0,Leeds United,English Premier League,1.0,CDM,23.0,,2014-07-01,2024.0,14,England,1318.0,RCM,14.0,Right,3,3,2,Medium/High,Stocky (170-185),Yes,64200000.0,,"Dives Into Tackles (AI), Long Passer (AI), Team Player",67.0,65.0,76.0,75.0,78.0,82.0,70,62,65,80,55,73,62,71,82,79,69,66,72,76,72,75,82,85,78,67,86,77,66,74,58,78,79,82,77,8,8,8,12,14,,70+2,70+2,70+2,72,72,72,72,72,74+2,74+2,74+2,74+2,77+2,77+2,77+2,74+2,77+2,80+2,80+2,80+2,77+2,76+2,78+2,78+2,78+2,76+2,18+2,https://cdn.sofifa.net/players/224/081/22_120.png,https://cdn.sofifa.net/teams/8/60.png,https://cdn.sofifa.net/flags/gb-eng.png,https://cdn.sofifa.net/teams/1318/60.png,https://cdn.sofifa.net/flags/gb-eng.png
233306,D. Henderson,Dean Henderson,GK,80,87,24,England,SUB,13.0,Manchester United,English Premier League,36000000.0,70000.0,,,,,,,233306,https://sofifa.com/player/233306/dean-henderson/220002,D. Henderson,GK,80,87,36000000.0,70000.0,24,1997-03-12,188,85,11.0,Manchester United,English Premier League,1.0,SUB,26.0,,2015-08-25,2025.0,14,England,1318.0,SUB,13.0,Right,3,1,2,Medium/Medium,Normal (185+),Yes,73800000.0,,"GK Long Throw, Rushes Out Of Goal, Comes For Crosses, Saves with Feet",,,,,,,14,9,13,37,5,13,13,10,45,32,51,48,61,79,56,59,63,34,60,6,20,11,8,48,16,56,15,14,14,80,79,78,76,83,50.0,30+2,30+2,30+2,30,31,31,31,30,33+2,33+2,33+2,32+2,34+2,34+2,34+2,32+2,28+2,31+2,31+2,31+2,28+2,28+2,26+2,26+2,26+2,28+2,79+2,https://cdn.sofifa.net/players/233/306/22_120.png,https://cdn.sofifa.net/teams/11/60.png,https://cdn.sofifa.net/flags/gb-eng.png,https://cdn.sofifa.net/teams/1318/60.png,https://cdn.sofifa.net/flags/gb-eng.png
246669,B. Saka,Bukayo Saka,"RM, LM, LB",80,88,19,England,SUB,16.0,Arsenal,English Premier League,45500000.0,50000.0,84.0,68.0,76.0,82.0,65.0,64.0,246669,https://sofifa.com/player/246669/bukayo-saka/220002,B. Saka,"RM, LM, LB",80,88,45500000.0,50000.0,19,2001-09-05,178,65,1.0,Arsenal,English Premier League,1.0,LM,7.0,,2018-09-14,2025.0,14,England,1318.0,SUB,16.0,Left,3,3,2,High/Medium,Lean (170-185),Yes,95600000.0,,"Team Player, Technical Dribbler (AI)",84.0,68.0,76.0,82.0,65.0,64.0,79,69,45,79,63,84,76,69,63,80,86,82,83,76,83,68,54,77,58,65,66,68,78,79,64,73,65,69,67,7,8,13,9,13,,71+2,71+2,71+2,79,77,77,77,79,78+2,78+2,78+2,79+2,75+2,75+2,75+2,79+2,75+2,71+2,71+2,71+2,75+2,73+2,66+2,66+2,66+2,73+2,17+2,https://cdn.sofifa.net/players/246/669/22_120.png,https://cdn.sofifa.net/teams/1/60.png,https://cdn.sofifa.net/flags/gb-eng.png,https://cdn.sofifa.net/teams/1318/60.png,https://cdn.sofifa.net/flags/gb-eng.png
252371,J. Bellingham,Jude Victor William Bellingham,"CM, LM",79,89,18,England,SUB,21.0,Borussia Dortmund,German 1. Bundesliga,37000000.0,21000.0,75.0,69.0,73.0,80.0,75.0,77.0,252371,https://sofifa.com/player/252371/jude-bellingham/220002,J. Bellingham,"CM, LM",79,89,37000000.0,21000.0,18,2003-06-29,186,75,22.0,Borussia Dortmund,German 1. Bundesliga,1.0,RCM,22.0,,2020-07-23,2025.0,14,England,1318.0,SUB,21.0,Right,4,3,2,High/High,Lean (185+),Yes,70300000.0,#Engine,"Dives Into Tackles (AI), Technical Dribbler (AI)",75.0,69.0,73.0,80.0,75.0,77.0,62,69,57,79,64,80,58,45,78,80,78,73,81,82,77,74,75,87,71,69,82,77,72,78,56,76,78,78,69,14,11,10,5,8,,73+2,73+2,73+2,76,76,76,76,76,77+2,77+2,77+2,76+2,79+2,79+2,79+2,76+2,76+2,78+2,78+2,78+2,76+2,75+2,75+2,75+2,75+2,75+2,18+2,https://cdn.sofifa.net/players/252/371/22_120.png,https://cdn.sofifa.net/teams/22/60.png,https://cdn.sofifa.net/flags/de.png,https://cdn.sofifa.net/teams/1318/60.png,https://cdn.sofifa.net/flags/gb-eng.png
212419,T. Mings,Tyrone Mings,CB,78,80,28,England,SUB,15.0,Aston Villa,English Premier League,14000000.0,61000.0,72.0,44.0,67.0,66.0,78.0,81.0,212419,https://sofifa.com/player/212419/tyrone-mings/220002,T. Mings,CB,78,80,14000000.0,61000.0,28,1993-03-13,196,77,2.0,Aston Villa,English Premier League,1.0,LCB,5.0,,2019-07-08,2024.0,14,England,1318.0,SUB,15.0,Left,2,3,2,Medium/Medium,Normal (185+),Yes,27700000.0,#Aerial Threat,"Leadership, Long Passer (AI)",72.0,44.0,67.0,66.0,78.0,81.0,70,37,77,73,34,68,53,37,75,67,62,81,55,79,46,61,71,72,84,42,86,78,53,57,45,71,79,78,77,7,10,13,7,15,,61+2,61+2,61+2,63,62,62,62,63,63+2,63+2,63+2,66+2,68+2,68+2,68+2,66+2,74+2,75+2,75+2,75+2,74+2,75+2,78+2,78+2,78+2,75+2,18+2,https://cdn.sofifa.net/players/212/419/22_120.png,https://cdn.sofifa.net/teams/2/60.png,https://cdn.sofifa.net/flags/gb-eng.png,https://cdn.sofifa.net/teams/1318/60.png,https://cdn.sofifa.net/flags/gb-eng.png
233934,A. Ramsdale,Aaron Ramsdale,GK,74,79,23,England,SUB,23.0,Arsenal,English Premier League,5000000.0,36000.0,,,,,,,233934,https://sofifa.com/player/233934/aaron-ramsdale/220002,A. Ramsdale,GK,74,79,5000000.0,36000.0,23,1998-05-14,188,77,1.0,Arsenal,English Premier League,1.0,SUB,32.0,,2021-08-20,2025.0,14,England,1318.0,SUB,23.0,Right,3,1,1,Medium/Medium,Lean (185+),Yes,9900000.0,,"Solid Player, Comes For Crosses",,,,,,,15,14,15,31,16,18,17,16,33,28,47,50,53,70,49,52,66,35,59,15,35,20,11,47,25,55,18,16,15,75,72,69,71,76,48.0,30+2,30+2,30+2,30,31,31,31,30,32+2,32+2,32+2,31+2,32+2,32+2,32+2,31+2,28+2,31+2,31+2,31+2,28+2,28+2,28+2,28+2,28+2,28+2,73+2,https://cdn.sofifa.net/players/233/934/22_120.png,https://cdn.sofifa.net/teams/1/60.png,https://cdn.sofifa.net/flags/gb-eng.png,https://cdn.sofifa.net/teams/1318/60.png,https://cdn.sofifa.net/flags/gb-eng.png
241788,M. Taremi,Mehdi Taremi,"ST, CF",79,79,28,Iran,,,FC Porto,Portuguese Liga ZON SAGRES,18000000.0,19000.0,76.0,79.0,70.0,80.0,38.0,71.0,241788,https://sofifa.com/player/241788/mehdi-taremi/220002,M. Taremi,"ST, CF",79,79,18000000.0,19000.0,28,1992-07-18,187,83,236.0,FC Porto,Portuguese Liga ZON SAGRES,1.0,RS,9.0,,2020-08-31,2024.0,161,Iran,,,,Right,4,4,1,High/Medium,Normal (185+),No,36000000.0,,"Flair, Technical Dribbler (AI)",76.0,79.0,70.0,80.0,38.0,71.0,68,81,70,74,74,81,74,43,64,83,77,76,73,81,65,81,74,80,76,74,46,23,83,73,76,81,38,41,25,9,11,9,15,8,,79,79,79,78,79,79,79,78,78+1,78+1,78+1,77+2,72+2,72+2,72+2,77+2,59+2,57+2,57+2,57+2,59+2,56+2,50+2,50+2,50+2,56+2,18+2,https://cdn.sofifa.net/players/241/788/22_120.png,https://cdn.sofifa.net/teams/236/60.png,https://cdn.sofifa.net/flags/pt.png,,https://cdn.sofifa.net/flags/ir.png
197136,K. Ansarifard,Karim Ansarifard,ST,74,74,31,Iran,,,AEK Athens,Greek Super League,3600000.0,1000.0,74.0,77.0,62.0,71.0,43.0,72.0,197136,https://sofifa.com/player/197136/karim-ansarifard/220002,K. Ansarifard,ST,74,74,3600000.0,1000.0,31,1990-04-03,187,80,278.0,AEK Athens,Greek Super League,1.0,SUB,10.0,,2020-08-25,2023.0,161,Iran,,,,Right,4,3,1,High/Medium,Normal (185+),No,7900000.0,,Long Shot Taker (AI),74.0,77.0,62.0,71.0,43.0,72.0,59,77,70,68,72,72,68,56,57,69,73,75,72,73,69,78,74,73,74,77,66,54,75,58,75,75,30,42,39,8,14,9,15,12,,74,74,74,71,72,72,72,71,69+2,69+2,69+2,69+2,65+2,65+2,65+2,69+2,59+2,57+2,57+2,57+2,59+2,57+2,55+2,55+2,55+2,57+2,19+2,https://cdn.sofifa.net/players/197/136/22_120.png,https://cdn.sofifa.net/teams/278/60.png,https://cdn.sofifa.net/flags/gr.png,,https://cdn.sofifa.net/flags/ir.png
243551,A. Gholizadeh,Ali Gholizadeh,"LM, RM, CM",74,76,25,Iran,,,Royal Charleroi S.C.,Belgian Jupiler Pro League,5500000.0,13000.0,77.0,67.0,68.0,77.0,48.0,70.0,243551,https://sofifa.com/player/243551/ali-gholizadeh/220002,A. Gholizadeh,"LM, RM, CM",74,76,5500000.0,13000.0,25,1996-03-10,176,69,670.0,Royal Charleroi S.C.,Belgian Jupiler Pro League,1.0,RCM,8.0,,2018-07-01,2022.0,161,Iran,,,,Left,3,4,1,Medium/Medium,Normal (170-185),No,8700000.0,,"Flair, Long Shot Taker (AI), Technical Dribbler (AI)",77.0,67.0,68.0,77.0,48.0,70.0,65,68,34,68,58,78,63,65,65,78,79,75,77,70,78,72,78,80,68,64,62,43,70,73,55,72,49,55,47,14,12,13,10,8,,68+2,68+2,68+2,73,72,72,72,73,72+2,72+2,72+2,73+2,69+2,69+2,69+2,73+2,63+2,62+2,62+2,62+2,63+2,60+2,55+2,55+2,55+2,60+2,18+2,https://cdn.sofifa.net/players/243/551/22_120.png,https://cdn.sofifa.net/teams/670/60.png,https://cdn.sofifa.net/flags/be.png,,https://cdn.sofifa.net/flags/ir.png
215871,A. Jahanbakhsh,Alireza Jahanbakhsh,RW,73,73,27,Iran,,,Feyenoord,Holland Eredivisie,3200000.0,10000.0,77.0,72.0,68.0,76.0,43.0,69.0,215871,https://sofifa.com/player/215871/alireza-jahanbakhsh/220002,A. Jahanbakhsh,RW,73,73,3200000.0,10000.0,27,1993-08-11,180,78,246.0,Feyenoord,Holland Eredivisie,1.0,RW,9.0,,2021-07-17,2024.0,161,Iran,,,,Right,4,4,2,Medium/Medium,Normal (170-185),Yes,4800000.0,,"Flair, Speed Dribbler (AI)",77.0,72.0,68.0,76.0,43.0,69.0,70,67,62,71,74,77,64,46,62,76,76,77,78,70,75,84,84,73,66,74,68,42,72,73,58,75,45,37,40,13,11,9,7,7,,72+1,72+1,72+1,73,73,73,73,73,73,73,73,73,68+2,68+2,68+2,73,61+2,58+2,58+2,58+2,61+2,58+2,54+2,54+2,54+2,58+2,16+2,https://cdn.sofifa.net/players/215/871/22_120.png,https://cdn.sofifa.net/teams/246/60.png,https://cdn.sofifa.net/flags/nl.png,,https://cdn.sofifa.net/flags/ir.png
237419,A. Abedzadeh,Amir Abedzadeh,GK,73,74,28,Iran,,,SD Ponferradina,Spanish Segunda División,2400000.0,6000.0,,,,,,,237419,https://sofifa.com/player/237419/amir-abedzadeh/220002,A. Abedzadeh,GK,73,74,2400000.0,6000.0,28,1993-04-26,186,80,2023.0,SD Ponferradina,Spanish Segunda División,2.0,GK,1.0,,2021-07-08,2023.0,161,Iran,,,,Right,2,1,1,Medium/Medium,Normal (185+),No,4000000.0,,Long Passer (AI),,,,,,,12,10,13,24,12,10,13,14,35,15,30,25,53,70,36,50,55,21,60,11,26,14,10,50,11,34,13,14,14,72,70,67,73,73,28.0,24+2,24+2,24+2,22,24,24,24,22,26+2,26+2,26+2,23+2,27+2,27+2,27+2,23+2,21+2,26+2,26+2,26+2,21+2,21+2,24+2,24+2,24+2,21+2,72+2,https://cdn.sofifa.net/players/237/419/22_120.png,https://cdn.sofifa.net/teams/2023/60.png,https://cdn.sofifa.net/flags/es.png,,https://cdn.sofifa.net/flags/ir.png
194354,E. Haji Safi,Ehsan Haji Safi,"LB, LM, CAM",72,72,31,Iran,,,AEK Athens,Greek Super League,1700000.0,900.0,76.0,67.0,70.0,73.0,67.0,70.0,194354,https://sofifa.com/player/194354/ehsan-haji-safi/220002,E. Haji Safi,"LB, LM, CAM",72,72,1700000.0,900.0,31,1990-02-25,178,71,278.0,AEK Athens,Greek Super League,1.0,LB,26.0,,2021-08-02,2023.0,161,Iran,,,,Left,3,3,1,High/Medium,Normal (170-185),No,3700000.0,,Long Shot Taker (AI),76.0,67.0,70.0,73.0,67.0,70.0,74,56,56,70,54,72,69,72,68,74,77,76,72,70,83,83,63,70,73,79,63,69,68,67,66,63,70,67,66,10,8,12,13,12,,68+2,68+2,68+2,71,70,70,70,71,70+2,70+2,70+2,71+1,70+2,70+2,70+2,71+1,71+1,69+2,69+2,69+2,71+1,70+2,67+2,67+2,67+2,70+2,17+2,https://cdn.sofifa.net/players/194/354/22_120.png,https://cdn.sofifa.net/teams/278/60.png,https://cdn.sofifa.net/flags/gr.png,,https://cdn.sofifa.net/flags/ir.png
239593,K. Rezaei,Kaveh Rezaei,ST,71,71,29,Iran,,,Oud-Heverlee Leuven,Belgian Jupiler Pro League,1900000.0,11000.0,67.0,73.0,67.0,67.0,28.0,70.0,239593,https://sofifa.com/player/239593/kaveh-rezaei/220002,K. Rezaei,ST,71,71,1900000.0,11000.0,29,1992-04-05,185,79,100087.0,Oud-Heverlee Leuven,Belgian Jupiler Pro League,1.0,ST,99.0,,2021-08-04,2022.0,161,Iran,,,,Right,4,3,1,High/High,Normal (185+),No,2900000.0,,Long Throw-in,67.0,73.0,67.0,67.0,28.0,70.0,67,71,75,70,66,66,68,70,50,68,65,68,64,71,63,77,73,73,73,71,58,18,74,71,79,71,33,18,13,10,6,14,7,14,,71,71,71,69,70,70,70,69,69+2,69+2,69+2,68+2,62+2,62+2,62+2,68+2,50+2,48+2,48+2,48+2,50+2,47+2,44+2,44+2,44+2,47+2,16+2,https://cdn.sofifa.net/players/239/593/22_120.png,https://cdn.sofifa.net/teams/100087/60.png,https://cdn.sofifa.net/flags/be.png,,https://cdn.sofifa.net/flags/ir.png
244259,S. Moharrami,Sadegh Moharrami,"RB, RM",71,74,25,Iran,,,Dinamo Zagreb,Croatian Prva HNL,2300000.0,550.0,81.0,30.0,52.0,68.0,70.0,59.0,244259,https://sofifa.com/player/244259/sadegh-moharrami/220002,S. Moharrami,"RB, RM",71,74,2300000.0,550.0,25,1996-03-01,174,71,211.0,Dinamo Zagreb,Croatian Prva HNL,1.0,SUB,2.0,,2018-07-02,2025.0,161,Iran,,,,Right,2,3,1,High/High,Normal (170-185),No,5200000.0,,"Speed Dribbler (AI), Team Player",81.0,30.0,52.0,68.0,70.0,59.0,57,26,56,59,21,67,39,27,51,66,82,81,75,62,84,34,79,75,48,27,61,75,53,45,38,57,66,75,72,6,13,7,14,9,,51+2,51+2,51+2,59,56,56,56,59,57+2,57+2,57+2,61+2,58+2,58+2,58+2,61+2,69+2,65+2,65+2,65+2,69+2,69+2,66+2,66+2,66+2,69+2,16+2,https://cdn.sofifa.net/players/244/259/22_120.png,https://cdn.sofifa.net/teams/211/60.png,https://cdn.sofifa.net/flags/hr.png,,https://cdn.sofifa.net/flags/ir.png
231949,S. Ghoddos,Saman Ghoddos,"CAM, CM, LW",70,70,27,Iran,,,Brentford,English Premier League,1700000.0,24000.0,60.0,72.0,69.0,71.0,49.0,65.0,231949,https://sofifa.com/player/231949/saman-ghoddos/220002,S. Ghoddos,"CAM, CM, LW",70,70,1700000.0,24000.0,27,1993-09-06,177,79,1925.0,Brentford,English Premier League,1.0,SUB,14.0,,2021-01-15,2023.0,161,Iran,,,,Right,3,4,1,Medium/Low,Normal (170-185),Yes,3400000.0,,,60.0,72.0,69.0,71.0,49.0,65.0,67,70,64,72,68,69,65,78,64,73,61,60,68,68,78,78,58,62,67,73,63,46,68,70,62,69,51,46,44,10,11,6,13,9,,69+1,69+1,69+1,69,70,70,70,69,70,70,70,68+2,67+2,67+2,67+2,68+2,59+2,60+2,60+2,60+2,59+2,57+2,56+2,56+2,56+2,57+2,17+2,https://cdn.sofifa.net/players/231/949/22_120.png,https://cdn.sofifa.net/teams/1925/60.png,https://cdn.sofifa.net/flags/gb-eng.png,,https://cdn.sofifa.net/flags/ir.png
241790,A. Beiranvand,Alireza Safar Beiranvand,GK,70,72,28,Iran,,,Boavista FC,Portuguese Liga ZON SAGRES,1400000.0,9000.0,,,,,,,241790,https://sofifa.com/player/241790/alireza-beiranvand/220002,A. Beiranvand,GK,70,72,1400000.0,9000.0,28,1992-09-21,196,85,1898.0,Boavista FC,Portuguese Liga ZON SAGRES,1.0,SUB,98.0,Royal Antwerp FC,,2022.0,161,Iran,,,,Right,1,1,1,Medium/Medium,Normal (185+),No,,,"Injury Prone, GK Long Throw, Comes For Crosses, Saves with Feet",,,,,,,13,8,13,21,9,12,12,10,25,17,38,48,32,70,28,47,54,21,79,10,28,22,4,28,17,40,21,15,14,77,61,63,70,70,42.0,26+2,26+2,26+2,22,23,23,23,22,23+2,23+2,23+2,23+2,23+2,23+2,23+2,23+2,24+2,26+2,26+2,26+2,24+2,25+2,29+2,29+2,29+2,25+2,69+2,https://cdn.sofifa.net/players/241/790/22_120.png,https://cdn.sofifa.net/teams/1898/60.png,https://cdn.sofifa.net/flags/pt.png,,https://cdn.sofifa.net/flags/ir.png
227921,M. Pouraliganji,Morteza Pouraliganji,"CB, CDM, CM",69,69,29,Iran,,,Shenzhen FC,Chinese Super League,1200000.0,6000.0,69.0,57.0,61.0,68.0,69.0,73.0,227921,https://sofifa.com/player/227921/morteza-pouraliganji/220002,M. Pouraliganji,"CB, CDM, CM",69,69,1200000.0,6000.0,29,1992-04-19,187,83,111773.0,Shenzhen FC,Chinese Super League,1.0,LCB,35.0,,2020-09-22,2022.0,161,Iran,,,,Right,3,3,1,Low/Medium,Normal (185+),No,1900000.0,,Injury Prone,69.0,57.0,61.0,68.0,69.0,73.0,52,58,69,65,64,68,58,48,67,72,69,69,62,66,61,62,73,76,73,48,71,67,64,61,49,60,69,71,67,11,10,12,16,14,,65+2,65+2,65+2,64,65,65,65,64,65+2,65+2,65+2,66+2,66+2,66+2,66+2,66+2,67+2,69,69,69,67+2,67+2,69,69,69,67+2,19+2,https://cdn.sofifa.net/players/227/921/22_120.png,https://cdn.sofifa.net/teams/111773/60.png,https://cdn.sofifa.net/flags/cn.png,,https://cdn.sofifa.net/flags/ir.png
198288,S. Beitashour,Steven Mehrdad Beitashour,RB,68,68,34,Iran,,,Colorado Rapids,USA Major League Soccer,450000.0,3000.0,68.0,51.0,66.0,67.0,64.0,71.0,198288,https://sofifa.com/player/198288/steven-beitashour/220002,S. Beitashour,RB,68,68,450000.0,3000.0,34,1987-02-01,178,71,694.0,Colorado Rapids,USA Major League Soccer,1.0,SUB,33.0,,2020-09-29,2025.0,161,Iran,,,,Right,3,3,1,Medium/Medium,Normal (170-185),No,675000.0,,Early Crosser,68.0,51.0,66.0,67.0,64.0,71.0,66,45,53,68,59,66,72,59,60,67,66,70,68,69,67,64,64,75,74,51,62,67,61,65,37,67,64,65,63,12,8,7,16,7,,61+2,61+2,61+2,64,63,63,63,64,64+2,64+2,64+2,65+2,65+2,65+2,65+2,65+2,67+1,66+2,66+2,66+2,67+1,66+2,65+2,65+2,65+2,66+2,17+2,https://cdn.sofifa.net/players/198/288/22_120.png,https://cdn.sofifa.net/teams/694/60.png,https://cdn.sofifa.net/flags/us.png,,https://cdn.sofifa.net/flags/ir.png
217441,S. Makani,Sosha Makani,GK,68,68,34,Iran,,,Mjøndalen IF,Norwegian Eliteserien,210000.0,2000.0,,,,,,,217441,https://sofifa.com/player/217441/sosha-makani/220002,S. Makani,GK,68,68,210000.0,2000.0,34,1986-11-18,192,80,112420.0,Mjøndalen IF,Norwegian Eliteserien,1.0,GK,1.0,,2020-02-13,2022.0,161,Iran,,,,Right,2,1,1,Medium/Medium,Normal (185+),No,263000.0,,Injury Prone,,,,,,,18,19,19,29,11,18,16,18,23,25,43,46,36,59,65,45,55,40,65,14,23,22,11,57,28,30,12,19,16,69,66,60,68,73,44.0,29+2,29+2,29+2,28,30,30,30,28,31+2,31+2,31+2,30+2,31+2,31+2,31+2,30+2,28+2,29+2,29+2,29+2,28+2,27+2,27+2,27+2,27+2,27+2,67+1,https://cdn.sofifa.net/players/217/441/22_120.png,https://cdn.sofifa.net/teams/112420/60.png,https://cdn.sofifa.net/flags/no.png,,https://cdn.sofifa.net/flags/ir.png
263238,S. Niazmand,Seyed Payam Niazmand,GK,68,73,26,Iran,,,Portimonense SC,Portuguese Liga ZON SAGRES,1400000.0,3000.0,,,,,,,263238,https://sofifa.com/player/263238/seyed-payam-niazmand/220002,S. Niazmand,GK,68,73,1400000.0,3000.0,26,1995-04-06,194,84,10031.0,Portimonense SC,Portuguese Liga ZON SAGRES,1.0,SUB,12.0,,2021-07-12,2024.0,161,Iran,,,,Right,2,1,1,Medium/Medium,Normal (185+),No,3000000.0,,"GK Long Throw, Rushes Out Of Goal",,,,,,,14,8,14,27,6,17,14,13,20,21,25,34,39,63,27,49,39,21,64,8,27,7,4,56,12,49,6,12,14,69,66,65,69,68,29.0,24+2,24+2,24+2,24,26,26,26,24,27+2,27+2,27+2,25+2,27+2,27+2,27+2,25+2,21+2,23+2,23+2,23+2,21+2,20+2,22+2,22+2,22+2,20+2,67+2,https://cdn.sofifa.net/players/263/238/22_120.png,https://cdn.sofifa.net/teams/10031/60.png,https://cdn.sofifa.net/flags/pt.png,,https://cdn.sofifa.net/flags/ir.png
233241,S. Ezatolahi,Saeid Ezatolahi Afagh,"CDM, CM",67,73,24,Iran,,,Vejle Boldklub,Danish Superliga,1500000.0,3000.0,60.0,57.0,60.0,62.0,65.0,72.0,233241,https://sofifa.com/player/233241/saeid-ezatolahi/220002,S. Ezatolahi,"CDM, CM",67,73,1500000.0,3000.0,24,1996-10-01,190,78,822.0,Vejle Boldklub,Danish Superliga,1.0,CDM,6.0,,2020-08-20,2023.0,161,Iran,,,,Right,3,2,1,Medium/Medium,Normal (185+),No,2200000.0,,,60.0,57.0,60.0,62.0,65.0,72.0,49,52,60,66,41,61,49,55,67,66,63,58,59,64,52,72,58,69,73,60,75,67,57,60,45,63,65,66,62,14,10,15,7,14,,61+2,61+2,61+2,60,61,61,61,60,62+2,62+2,62+2,61+2,64+2,64+2,64+2,61+2,63+2,66+2,66+2,66+2,63+2,63+2,66+2,66+2,66+2,63+2,17+2,https://cdn.sofifa.net/players/233/241/22_120.png,https://cdn.sofifa.net/teams/822/60.png,https://cdn.sofifa.net/flags/dk.png,,https://cdn.sofifa.net/flags/ir.png
243549,M. Hosseini,Seyed Majid Hosseini,"CB, CDM",67,71,25,Iran,,,Yukatel Kayserispor,Turkish Süper Lig,1300000.0,5000.0,64.0,28.0,46.0,51.0,70.0,68.0,243549,https://sofifa.com/player/243549/majid-hosseini/220002,M. Hosseini,"CB, CDM",67,71,1300000.0,5000.0,25,1996-06-20,183,76,101020.0,Yukatel Kayserispor,Turkish Süper Lig,1.0,SUB,5.0,,2021-07-27,2022.0,161,Iran,,,,Right,3,2,1,Medium/High,Stocky (170-185),No,2700000.0,,,64.0,28.0,46.0,51.0,70.0,68.0,28,18,70,62,22,42,35,37,58,54,63,65,55,65,67,45,75,72,73,30,50,69,26,30,45,66,67,72,70,6,13,12,12,13,,46+2,46+2,46+2,44,44,44,44,44,46+2,46+2,46+2,48+2,52+2,52+2,52+2,48+2,61+2,63+2,63+2,63+2,61+2,63+2,67+2,67+2,67+2,63+2,17+2,https://cdn.sofifa.net/players/243/549/22_120.png,https://cdn.sofifa.net/teams/101020/60.png,https://cdn.sofifa.net/flags/tr.png,,https://cdn.sofifa.net/flags/ir.png
264425,M. Mohebi,Mohammad Mohebi,"LW, RW",67,73,23,Iran,,,Santa Clara,Portuguese Liga ZON SAGRES,1600000.0,2000.0,76.0,67.0,58.0,70.0,34.0,61.0,264425,https://sofifa.com/player/264425/mohammad-mohebi/220002,M. Mohebi,"LW, RW",67,73,1600000.0,2000.0,23,1998-01-20,186,84,1438.0,Santa Clara,Portuguese Liga ZON SAGRES,1.0,SUB,30.0,,2021-08-24,2024.0,161,Iran,,,,Right,3,2,1,Medium/Medium,Normal (185+),No,3700000.0,,,76.0,67.0,58.0,70.0,34.0,61.0,63,67,58,59,68,72,58,46,52,74,73,78,63,70,59,75,43,64,72,61,35,32,57,57,60,61,27,35,32,7,8,10,12,11,,67+2,67+2,67+2,67,67,67,67,67,65+2,65+2,65+2,66+2,60+2,60+2,60+2,66+2,54+2,49+2,49+2,49+2,54+2,51+2,45+2,45+2,45+2,51+2,16+2,https://cdn.sofifa.net/players/264/425/22_120.png,https://cdn.sofifa.net/teams/1438/60.png,https://cdn.sofifa.net/flags/pt.png,,https://cdn.sofifa.net/flags/ir.png
259094,A. Alipour,Ali Alipour,ST,66,71,25,Iran,,,Clube Sport Marítimo,Portuguese Liga ZON SAGRES,1300000.0,4000.0,75.0,68.0,50.0,64.0,23.0,60.0,259094,https://sofifa.com/player/259094/ali-alipour/220002,A. Alipour,ST,66,71,1300000.0,4000.0,25,1995-11-11,181,74,1893.0,Clube Sport Marítimo,Portuguese Liga ZON SAGRES,1.0,RS,9.0,,2020-09-28,2022.0,161,Iran,,,,Right,4,2,1,High/Medium,Normal (170-185),No,2800000.0,,,75.0,68.0,50.0,64.0,23.0,60.0,42,70,66,56,69,62,51,41,43,63,76,74,73,65,64,71,80,69,60,62,45,17,64,54,63,69,22,17,13,11,14,11,6,14,,66+2,66+2,66+2,63,64,64,64,63,62+2,62+2,62+2,61+2,54+2,54+2,54+2,61+2,44+2,41+2,41+2,41+2,44+2,42+2,38+2,38+2,38+2,42+2,17+2,https://cdn.sofifa.net/players/259/094/22_120.png,https://cdn.sofifa.net/teams/1893/60.png,https://cdn.sofifa.net/flags/pt.png,,https://cdn.sofifa.net/flags/ir.png
244537,M. Naderi,Mohammad Naderi,"LB, CB, CDM",65,71,24,Iran,,,Altay SK,Turkish Süper Lig,1100000.0,3000.0,64.0,27.0,51.0,48.0,63.0,76.0,244537,https://sofifa.com/player/244537/mohammad-naderi/220002,M. Naderi,"LB, CB, CDM",65,71,1100000.0,3000.0,24,1996-10-05,188,86,101006.0,Altay SK,Turkish Süper Lig,1.0,LWB,2.0,,2021-08-12,2022.0,161,Iran,,,,Left,3,2,1,Medium/Medium,Normal (185+),No,2400000.0,,,64.0,27.0,51.0,48.0,63.0,76.0,62,24,57,52,30,34,31,32,54,59,62,66,64,62,59,31,63,73,81,24,70,66,35,44,38,50,62,65,63,15,12,13,7,13,,45+2,45+2,45+2,48,45,45,45,48,47+2,47+2,47+2,51+2,52+2,52+2,52+2,51+2,62+2,62+2,62+2,62+2,62+2,63+2,65+2,65+2,65+2,63+2,17+2,https://cdn.sofifa.net/players/244/537/22_120.png,https://cdn.sofifa.net/teams/101006/60.png,https://cdn.sofifa.net/flags/tr.png,,https://cdn.sofifa.net/flags/ir.png
241793,A. Karimi,Ali Karimi,CAM,64,65,27,Iran,,,Yukatel Kayserispor,Turkish Süper Lig,675000.0,4000.0,59.0,61.0,62.0,65.0,51.0,54.0,241793,https://sofifa.com/player/241793/ali-karimi/220002,A. Karimi,CAM,64,65,675000.0,4000.0,27,1994-02-11,185,79,101020.0,Yukatel Kayserispor,Turkish Süper Lig,1.0,RES,6.0,,2021-08-10,2024.0,161,Iran,,,,Right,3,2,1,High/Medium,Lean (185+),No,1400000.0,,,59.0,61.0,62.0,65.0,51.0,54.0,58,61,70,66,48,68,59,49,59,69,64,54,59,48,58,64,67,55,51,61,59,41,66,63,48,58,49,53,48,6,14,13,9,5,,62+2,62+2,62+2,63,63,63,63,63,64+1,64+1,64+1,62+2,61+2,61+2,61+2,62+2,55+2,55+2,55+2,55+2,55+2,54+2,54+2,54+2,54+2,54+2,13+2,https://cdn.sofifa.net/players/241/793/22_120.png,https://cdn.sofifa.net/teams/101020/60.png,https://cdn.sofifa.net/flags/tr.png,,https://cdn.sofifa.net/flags/ir.png
264640,I. Basafa,Iman Basafa,CDM,62,62,29,Iran,,,Bengaluru FC,Indian Super League,350000.0,550.0,48.0,54.0,55.0,53.0,60.0,70.0,264640,https://sofifa.com/player/264640/iman-basafa/220002,I. Basafa,CDM,62,62,350000.0,550.0,29,1992-01-03,187,80,113302.0,Bengaluru FC,Indian Super League,1.0,SUB,24.0,,2021-09-14,2022.0,161,Iran,,,,Right,3,2,1,Medium/Medium,Normal (185+),No,473000.0,,,48.0,54.0,55.0,53.0,60.0,70.0,44,48,58,61,52,52,47,60,59,58,52,44,42,66,42,62,62,75,74,60,58,58,53,54,54,60,60,62,60,9,5,6,11,7,,56+2,56+2,56+2,53,55,55,55,53,56+2,56+2,56+2,55+2,59+2,59+2,59+2,55+2,58+2,61+1,61+1,61+1,58+2,59+2,61+1,61+1,61+1,59+2,14+2,https://cdn.sofifa.net/players/264/640/22_120.png,https://cdn.sofifa.net/teams/113302/60.png,https://cdn.sofifa.net/flags/in.png,,https://cdn.sofifa.net/flags/ir.png
227796,C. Pulisic,Christian Mate Pulisic,"LW, RW, LM",82,88,22,United States,LW,10.0,Chelsea,English Premier League,49000000.0,120000.0,89.0,70.0,73.0,86.0,37.0,59.0,227796,https://sofifa.com/player/227796/christian-pulisic/220002,C. Pulisic,"LW, RW, LM",82,88,49000000.0,120000.0,22,1998-09-18,177,69,5.0,Chelsea,English Premier League,1.0,LW,10.0,,2019-01-02,2024.0,95,United States,1387.0,LW,10.0,Right,4,4,3,Medium/Medium,Lean (170-185),Yes,100500000.0,#Dribbler,"Injury Prone, Speed Dribbler (AI)",89.0,70.0,73.0,86.0,37.0,59.0,74,73,50,77,70,88,69,58,59,85,91,87,87,78,88,77,79,76,54,57,45,33,79,80,61,80,38,32,47,8,12,13,16,14,,75+3,75+3,75+3,81,80,80,80,81,79+3,79+3,79+3,80+3,72+3,72+3,72+3,80+3,64+3,57+3,57+3,57+3,64+3,60+3,49+3,49+3,49+3,60+3,20+3,https://cdn.sofifa.net/players/227/796/22_120.png,https://cdn.sofifa.net/teams/5/60.png,https://cdn.sofifa.net/flags/gb-eng.png,https://cdn.sofifa.net/teams/1387/60.png,https://cdn.sofifa.net/flags/us.png
204082,J. Brooks,John Anthony Brooks,CB,78,79,28,United States,LCB,6.0,VfL Wolfsburg,German 1. Bundesliga,13500000.0,56000.0,59.0,39.0,59.0,64.0,80.0,76.0,204082,https://sofifa.com/player/204082/john-brooks/220002,J. Brooks,CB,78,79,13500000.0,56000.0,28,1993-01-28,193,78,175.0,VfL Wolfsburg,German 1. Bundesliga,1.0,LCB,25.0,,2017-07-01,2022.0,95,United States,1387.0,LCB,6.0,Left,3,2,2,Medium/High,Normal (185+),Yes,24000000.0,,"Long Passer (AI), Power Header",59.0,39.0,59.0,64.0,80.0,76.0,36,39,85,74,32,64,30,28,74,64,53,64,55,75,51,50,74,61,84,29,74,76,40,59,45,81,78,83,76,8,7,10,9,10,,57+2,57+2,57+2,56,57,57,57,56,60+2,60+2,60+2,59+2,65+2,65+2,65+2,59+2,67+2,74+2,74+2,74+2,67+2,69+2,78+1,78+1,78+1,69+2,16+2,https://cdn.sofifa.net/players/204/082/22_120.png,https://cdn.sofifa.net/teams/175/60.png,https://cdn.sofifa.net/flags/de.png,https://cdn.sofifa.net/teams/1387/60.png,https://cdn.sofifa.net/flags/us.png
232999,T. Adams,Tyler Shaan Adams,"CDM, RWB",77,83,22,United States,CDM,4.0,RB Leipzig,German 1. Bundesliga,15500000.0,49000.0,81.0,48.0,70.0,73.0,74.0,75.0,232999,https://sofifa.com/player/232999/tyler-adams/220002,T. Adams,"CDM, RWB",77,83,15500000.0,49000.0,22,1999-02-14,175,72,112172.0,RB Leipzig,German 1. Bundesliga,1.0,SUB,14.0,,2019-01-01,2025.0,95,United States,1387.0,CDM,4.0,Right,3,3,2,High/High,Normal (170-185),Yes,29500000.0,#Engine,Injury Prone,81.0,48.0,70.0,73.0,74.0,75.0,55,48,65,80,33,70,52,42,74,73,78,83,79,77,85,51,84,86,68,46,78,74,65,74,51,76,74,77,69,6,13,12,8,7,,64+2,64+2,64+2,69,68,68,68,69,71+2,71+2,71+2,71+2,74+2,74+2,74+2,71+2,74+2,76+2,76+2,76+2,74+2,74+2,74+2,74+2,74+2,74+2,16+2,https://cdn.sofifa.net/players/232/999/22_120.png,https://cdn.sofifa.net/teams/112172/60.png,https://cdn.sofifa.net/flags/de.png,https://cdn.sofifa.net/teams/1387/60.png,https://cdn.sofifa.net/flags/us.png
234777,Z. Steffen,Zack Thomas Steffen,GK,77,82,26,United States,GK,1.0,Manchester City,English Premier League,12000000.0,73000.0,,,,,,,234777,https://sofifa.com/player/234777/zack-steffen/220002,Z. Steffen,GK,77,82,12000000.0,73000.0,26,1995-04-02,191,86,10.0,Manchester City,English Premier League,1.0,SUB,13.0,,2019-07-01,2022.0,95,United States,1387.0,GK,1.0,Right,3,1,1,Medium/Medium,Stocky (185+),Yes,23100000.0,,"Rushes Out Of Goal, Saves with Feet",,,,,,,14,9,13,52,8,15,13,11,52,31,54,52,58,72,49,56,71,39,69,12,31,19,9,58,37,56,13,12,12,78,73,74,72,83,53.0,31+2,31+2,31+2,32,34,34,34,32,38+2,38+2,38+2,35+2,39+2,39+2,39+2,35+2,30+2,35+2,35+2,35+2,30+2,29+2,29+2,29+2,29+2,29+2,76+2,https://cdn.sofifa.net/players/234/777/22_120.png,https://cdn.sofifa.net/teams/10/60.png,https://cdn.sofifa.net/flags/gb-eng.png,https://cdn.sofifa.net/teams/1387/60.png,https://cdn.sofifa.net/flags/us.png
238744,W. McKennie,Weston James Earl McKennie,"CM, RM, LM",77,82,22,United States,RCM,8.0,Juventus,Italian Serie A,16000000.0,57000.0,81.0,71.0,74.0,76.0,76.0,83.0,238744,https://sofifa.com/player/238744/weston-mckennie/220002,W. McKennie,"CM, RM, LM",77,82,16000000.0,57000.0,22,1998-08-28,183,84,45.0,Juventus,Italian Serie A,1.0,SUB,14.0,,2021-03-03,2025.0,95,United States,1387.0,RCM,8.0,Right,3,3,2,High/High,Normal (170-185),Yes,27600000.0,,Giant Throw-in,81.0,71.0,74.0,76.0,76.0,83.0,65,69,80,79,75,77,67,63,75,76,80,81,73,76,69,74,92,85,81,71,81,76,78,77,61,76,74,77,77,7,9,12,9,11,,76+2,76+2,76+2,75,76,76,76,75,76+2,76+2,76+2,76+2,77+2,77+2,77+2,76+2,76+2,77+2,77+2,77+2,76+2,77+2,78+2,78+2,78+2,77+2,17+2,https://cdn.sofifa.net/players/238/744/22_120.png,https://cdn.sofifa.net/teams/45/60.png,https://cdn.sofifa.net/flags/it.png,https://cdn.sofifa.net/teams/1387/60.png,https://cdn.sofifa.net/flags/us.png
245541,G. Reyna,Giovanni Alejandro Reyna,"CAM, LM, RM",77,87,18,United States,ST,7.0,Borussia Dortmund,German 1. Bundesliga,22000000.0,18000.0,77.0,71.0,74.0,82.0,36.0,71.0,245541,https://sofifa.com/player/245541/giovanni-reyna/220002,G. Reyna,"CAM, LM, RM",77,87,22000000.0,18000.0,18,2002-11-13,185,79,22.0,Borussia Dortmund,German 1. Bundesliga,1.0,LCM,7.0,,2019-12-07,2025.0,95,United States,1387.0,ST,7.0,Right,2,4,2,Medium/Medium,Normal (185+),Yes,41800000.0,,Technical Dribbler (AI),77.0,71.0,74.0,82.0,36.0,71.0,69,68,45,79,75,85,78,64,64,79,78,76,84,77,76,78,66,74,75,76,57,33,72,78,50,76,35,35,37,10,13,14,12,7,,72+2,72+2,72+2,77,76,76,76,77,77+2,77+2,77+2,76+2,72+2,72+2,72+2,76+2,60+2,58+2,58+2,58+2,60+2,56+2,49+2,49+2,49+2,56+2,18+2,https://cdn.sofifa.net/players/245/541/22_120.png,https://cdn.sofifa.net/teams/22/60.png,https://cdn.sofifa.net/flags/de.png,https://cdn.sofifa.net/teams/1387/60.png,https://cdn.sofifa.net/flags/us.png
251804,S. Dest,Sergiño Gianni Dest,"RB, RM",76,85,20,United States,LB,2.0,FC Barcelona,Spain Primera Division,15500000.0,67000.0,87.0,59.0,72.0,81.0,67.0,66.0,251804,https://sofifa.com/player/251804/sergino-dest/220002,S. Dest,"RB, RM",76,85,15500000.0,67000.0,20,2000-11-03,175,62,241.0,FC Barcelona,Spain Primera Division,1.0,RB,2.0,,2020-10-01,2025.0,95,United States,1387.0,LB,2.0,Right,4,4,1,High/Low,Normal (170-185),Yes,34900000.0,,Flair,87.0,59.0,72.0,81.0,67.0,66.0,73,58,58,77,44,83,72,38,67,77,89,86,88,76,76,65,56,80,60,62,68,68,75,72,39,73,67,70,69,11,10,10,15,15,,70+2,70+2,70+2,76,74,74,74,76,75+2,75+2,75+2,77+2,74+2,74+2,74+2,77+2,75+2,71+2,71+2,71+2,75+2,74+2,68+2,68+2,68+2,74+2,20+2,https://cdn.sofifa.net/players/251/804/22_120.png,https://cdn.sofifa.net/teams/241/60.png,https://cdn.sofifa.net/flags/es.png,https://cdn.sofifa.net/teams/1387/60.png,https://cdn.sofifa.net/flags/us.png
233267,M. Turner,Matthew Charles Turner,GK,75,77,27,United States,SUB,22.0,New England Revolution,USA Major League Soccer,5000000.0,7000.0,,,,,,,233267,https://sofifa.com/player/233267/matt-turner/220002,M. Turner,GK,75,77,5000000.0,7000.0,27,1994-06-24,191,88,691.0,New England Revolution,USA Major League Soccer,1.0,GK,30.0,,2016-03-03,2021.0,95,United States,1387.0,SUB,22.0,Right,2,1,1,Medium/Medium,Lean (185+),Yes,7900000.0,,"Leadership, Comes For Crosses, Saves with Feet",,,,,,,13,15,14,24,16,16,13,14,29,24,38,39,48,69,42,50,55,35,64,18,25,27,15,55,14,49,11,11,11,76,71,66,79,76,38.0,29+2,29+2,29+2,27,30,30,30,27,31+2,31+2,31+2,28+2,31+2,31+2,31+2,28+2,26+2,28+2,28+2,28+2,26+2,25+2,26+2,26+2,26+2,25+2,74+2,https://cdn.sofifa.net/players/233/267/22_120.png,https://cdn.sofifa.net/teams/691/60.png,https://cdn.sofifa.net/flags/us.png,https://cdn.sofifa.net/teams/1387/60.png,https://cdn.sofifa.net/flags/us.png
212591,W. Zimmerman,Walker Dwain Zimmerman,CB,74,76,28,United States,RCB,3.0,Nashville SC,USA Major League Soccer,4200000.0,8000.0,52.0,50.0,54.0,55.0,72.0,84.0,212591,https://sofifa.com/player/212591/walker-zimmerman/220002,W. Zimmerman,CB,74,76,4200000.0,8000.0,28,1993-05-19,191,89,114162.0,Nashville SC,USA Major League Soccer,1.0,SUB,25.0,,2020-02-11,2021.0,95,United States,1387.0,RCB,3.0,Right,3,2,1,Medium/Medium,Normal (185+),No,6400000.0,#Strength,Injury Prone,52.0,50.0,54.0,55.0,72.0,84.0,39,52,78,69,49,48,33,38,66,64,44,58,42,71,51,57,82,78,87,40,83,72,48,44,56,70,72,72,68,13,14,8,10,9,,59+2,59+2,59+2,53,56,56,56,53,55+2,55+2,55+2,56+2,61+2,61+2,61+2,56+2,64+2,70+2,70+2,70+2,64+2,66+2,74+2,74+2,74+2,66+2,18+2,https://cdn.sofifa.net/players/212/591/22_120.png,https://cdn.sofifa.net/teams/114162/60.png,https://cdn.sofifa.net/flags/us.png,https://cdn.sofifa.net/teams/1387/60.png,https://cdn.sofifa.net/flags/us.png
241496,T. Weah,Timothy Tarpeh Weah,"ST, RM",74,81,21,United States,SUB,21.0,LOSC Lille,French Ligue 1,8500000.0,24000.0,87.0,71.0,67.0,76.0,45.0,61.0,241496,https://sofifa.com/player/241496/timothy-weah/220002,T. Weah,"ST, RM",74,81,8500000.0,24000.0,21,2000-02-22,183,66,65.0,LOSC Lille,French Ligue 1,1.0,SUB,22.0,,2019-06-29,2024.0,95,United States,1387.0,SUB,21.0,Right,3,3,2,High/Medium,Lean (170-185),Yes,17900000.0,,"Flair, Outside Foot Shot",87.0,71.0,67.0,76.0,45.0,61.0,62,73,67,71,71,75,64,45,63,75,86,88,87,74,71,70,69,60,65,69,52,44,76,72,60,70,41,44,38,7,9,12,15,14,,74+2,74+2,74+2,75,75,75,75,75,74+2,74+2,74+2,73+2,68+2,68+2,68+2,73+2,60+2,58+2,58+2,58+2,60+2,58+2,54+2,54+2,54+2,58+2,18+2,https://cdn.sofifa.net/players/241/496/22_120.png,https://cdn.sofifa.net/teams/65/60.png,https://cdn.sofifa.net/flags/fr.png,https://cdn.sofifa.net/teams/1387/60.png,https://cdn.sofifa.net/flags/us.png
212478,G. Zardes,Gyasi Zardes,ST,73,73,29,United States,RW,9.0,Columbus Crew,USA Major League Soccer,3000000.0,9000.0,85.0,71.0,52.0,68.0,44.0,79.0,212478,https://sofifa.com/player/212478/gyasi-zardes/220002,G. Zardes,ST,73,73,3000000.0,9000.0,29,1991-09-02,188,80,687.0,Columbus Crew,USA Major League Soccer,1.0,ST,11.0,,2018-02-07,2021.0,95,United States,1387.0,RW,9.0,Right,5,3,3,High/High,Lean (185+),Yes,4500000.0,#Engine,,85.0,71.0,52.0,68.0,44.0,79.0,41,73,66,60,68,70,60,30,45,67,81,88,76,70,50,77,86,91,79,62,62,37,80,59,68,64,39,50,30,11,7,11,14,11,,73,73,73,68,71,71,71,68,67+3,67+3,67+3,67+3,62+3,62+3,62+3,67+3,57+3,55+3,55+3,55+3,57+3,56+3,54+3,54+3,54+3,56+3,17+3,https://cdn.sofifa.net/players/212/478/22_120.png,https://cdn.sofifa.net/teams/687/60.png,https://cdn.sofifa.net/flags/us.png,https://cdn.sofifa.net/teams/1387/60.png,https://cdn.sofifa.net/flags/us.png
212722,D. Yedlin,DeAndre Roselle Yedlin,RB,73,73,27,United States,SUB,11.0,Galatasaray SK,Turkish Süper Lig,2900000.0,37000.0,92.0,51.0,62.0,73.0,67.0,69.0,212722,https://sofifa.com/player/212722/deandre-yedlin/220002,D. Yedlin,RB,73,73,2900000.0,37000.0,27,1993-07-09,172,75,325.0,Galatasaray SK,Turkish Süper Lig,1.0,SUB,2.0,,2021-02-01,2022.0,95,United States,1387.0,SUB,11.0,Right,3,3,1,High/Medium,Normal (170-185),Yes,5800000.0,"#Speedster, #Acrobat",,92.0,51.0,62.0,73.0,67.0,69.0,67,40,59,67,60,71,70,28,52,71,93,92,90,69,83,73,92,66,67,51,74,67,64,60,38,68,66,71,70,7,15,7,11,11,,64+2,64+2,64+2,68,66,66,66,68,66+2,66+2,66+2,68+2,64+2,64+2,64+2,68+2,71+2,67+2,67+2,67+2,71+2,71+2,69+2,69+2,69+2,71+2,17+2,https://cdn.sofifa.net/players/212/722/22_120.png,https://cdn.sofifa.net/teams/325/60.png,https://cdn.sofifa.net/flags/tr.png,https://cdn.sofifa.net/teams/1387/60.png,https://cdn.sofifa.net/flags/us.png
217714,P. Arriola,Paul Joseph Arriola Hendricks,"RM, CAM, RW",73,74,26,United States,SUB,14.0,D.C. United,USA Major League Soccer,3600000.0,8000.0,81.0,67.0,67.0,73.0,57.0,75.0,217714,https://sofifa.com/player/217714/paul-arriola/220002,P. Arriola,"RM, CAM, RW",73,74,3600000.0,8000.0,26,1995-02-05,168,66,688.0,D.C. United,USA Major League Soccer,1.0,RW,7.0,,2017-08-10,2021.0,95,United States,1387.0,SUB,14.0,Right,3,3,1,High/High,Normal (170-),Yes,5700000.0,#Engine,,81.0,67.0,67.0,73.0,57.0,75.0,66,67,46,68,61,74,72,47,62,70,81,81,79,68,79,71,75,89,67,64,77,51,72,73,66,67,60,62,57,16,10,9,13,14,,68+2,68+2,68+2,71,71,71,71,71,71+2,71+2,71+2,72+2,69+2,69+2,69+2,72+2,67+2,65+2,65+2,65+2,67+2,65+2,61+2,61+2,61+2,65+2,19+2,https://cdn.sofifa.net/players/217/714/22_120.png,https://cdn.sofifa.net/teams/688/60.png,https://cdn.sofifa.net/flags/us.png,https://cdn.sofifa.net/teams/1387/60.png,https://cdn.sofifa.net/flags/us.png
229348,A. Robinson,Antonee Robinson,"LB, LWB",73,80,23,United States,SUB,5.0,Fulham,English League Championship,6000000.0,33000.0,87.0,42.0,57.0,72.0,68.0,70.0,229348,https://sofifa.com/player/229348/antonee-robinson/220002,A. Robinson,"LB, LWB",73,80,6000000.0,33000.0,23,1997-08-08,183,70,144.0,Fulham,English League Championship,2.0,LB,33.0,,2020-08-20,2024.0,95,United States,1387.0,SUB,5.0,Left,3,3,1,High/Medium,Lean (170-185),Yes,12600000.0,,"Long Throw-in, Speed Dribbler (AI)",87.0,42.0,57.0,72.0,68.0,70.0,66,40,55,61,45,74,39,39,55,70,86,88,77,69,69,43,70,76,67,41,72,72,61,53,45,58,65,72,69,12,9,15,14,9,,59+2,59+2,59+2,66,63,63,63,66,63+2,63+2,63+2,67+2,63+2,63+2,63+2,67+2,71+2,67+2,67+2,67+2,71+2,71+2,68+2,68+2,68+2,71+2,18+2,https://cdn.sofifa.net/players/229/348/22_120.png,https://cdn.sofifa.net/teams/144/60.png,https://cdn.sofifa.net/flags/gb-eng.png,https://cdn.sofifa.net/teams/1387/60.png,https://cdn.sofifa.net/flags/us.png
237000,R. Cannon,Reggie Jacob Cannon,RB,73,82,23,United States,RB,20.0,Boavista FC,Portuguese Liga ZON SAGRES,6500000.0,10000.0,90.0,36.0,60.0,70.0,66.0,75.0,237000,https://sofifa.com/player/237000/reggie-cannon/220002,R. Cannon,RB,73,82,6500000.0,10000.0,23,1998-06-11,180,75,1898.0,Boavista FC,Portuguese Liga ZON SAGRES,1.0,SUB,2.0,,2020-09-09,2025.0,95,United States,1387.0,RB,20.0,Right,3,2,1,High/High,Normal (170-185),Yes,15000000.0,"#Speedster, #Engine",Early Crosser,90.0,36.0,60.0,70.0,66.0,75.0,66,30,56,66,33,70,58,21,60,69,89,91,82,61,75,48,80,90,71,31,64,63,64,56,33,59,66,71,68,6,14,10,6,11,,57+2,57+2,57+2,65,61,61,61,65,63+2,63+2,63+2,68+2,64+2,64+2,64+2,68+2,71+2,67+2,67+2,67+2,71+2,71+2,67+2,67+2,67+2,71+2,15+2,https://cdn.sofifa.net/players/237/000/22_120.png,https://cdn.sofifa.net/teams/1898/60.png,https://cdn.sofifa.net/flags/pt.png,https://cdn.sofifa.net/teams/1387/60.png,https://cdn.sofifa.net/flags/us.png
201447,S. Lletget,Sebastian Francisco Lletget,"CM, CAM",72,72,28,United States,LCM,16.0,LA Galaxy,USA Major League Soccer,2300000.0,7000.0,71.0,64.0,72.0,75.0,62.0,72.0,201447,https://sofifa.com/player/201447/sebastian-lletget/220002,S. Lletget,"CM, CAM",72,72,2300000.0,7000.0,28,1992-09-03,178,75,697.0,LA Galaxy,USA Major League Soccer,1.0,CAM,17.0,,2015-05-08,2021.0,95,United States,1387.0,LCM,16.0,Right,5,4,1,High/High,Normal (170-185),Yes,3500000.0,,"Finesse Shot, Flair",71.0,64.0,72.0,75.0,62.0,72.0,68,64,55,79,60,75,70,54,69,76,69,72,75,74,72,73,59,78,76,57,56,61,68,72,58,75,62,64,60,6,14,13,7,9,,69+2,69+2,69+2,72,71,71,71,72,72,72,72,73-1,72,72,72,73-1,69+2,69+2,69+2,69+2,69+2,68+2,64+2,64+2,64+2,68+2,16+2,https://cdn.sofifa.net/players/201/447/22_120.png,https://cdn.sofifa.net/teams/697/60.png,https://cdn.sofifa.net/flags/us.png,https://cdn.sofifa.net/teams/1387/60.png,https://cdn.sofifa.net/flags/us.png
215565,M. Miazga,Matthew Miazga,CB,72,75,25,United States,SUB,23.0,Deportivo Alavés,Spain Primera Division,2800000.0,51000.0,51.0,26.0,47.0,58.0,73.0,77.0,215565,https://sofifa.com/player/215565/matt-miazga/220002,M. Miazga,CB,72,75,2800000.0,51000.0,25,1995-07-19,193,84,463.0,Deportivo Alavés,Spain Primera Division,1.0,SUB,4.0,Chelsea,,2022.0,95,United States,1387.0,SUB,23.0,Right,3,2,1,Low/Medium,Normal (185+),Yes,,,,51.0,26.0,47.0,58.0,73.0,77.0,25,18,73,67,34,51,27,21,62,66,53,50,57,70,42,35,63,71,83,32,75,75,27,32,31,71,72,72,70,10,7,14,7,15,,47+2,47+2,47+2,46,47,47,47,46,50+2,50+2,50+2,50+2,57+2,57+2,57+2,50+2,62+2,69+2,69+2,69+2,62+2,64+2,72+2,72+2,72+2,64+2,17+2,https://cdn.sofifa.net/players/215/565/22_120.png,https://cdn.sofifa.net/teams/463/60.png,https://cdn.sofifa.net/flags/es.png,https://cdn.sofifa.net/teams/1387/60.png,https://cdn.sofifa.net/flags/us.png
176237,J. Altidore,Jozy Altidore,ST,71,71,31,United States,SUB,17.0,Toronto FC,USA Major League Soccer,1600000.0,6000.0,66.0,73.0,60.0,65.0,32.0,80.0,176237,https://sofifa.com/player/176237/jozy-altidore/220002,J. Altidore,ST,71,71,1600000.0,6000.0,31,1989-11-06,183,79,111651.0,Toronto FC,USA Major League Soccer,1.0,ST,17.0,,2015-01-16,2022.0,95,United States,1387.0,SUB,17.0,Right,4,3,3,Medium/Low,Normal (170-185),Yes,2400000.0,#Strength,Injury Prone,66.0,73.0,60.0,65.0,32.0,80.0,46,73,73,66,70,66,68,73,50,66,64,67,61,68,53,78,69,63,91,67,77,32,72,67,71,68,22,34,17,16,9,14,12,12,,71,71,71,65,69,69,69,65,67+3,67+3,67+3,64+3,61+3,61+3,61+3,64+3,48+3,51+3,51+3,51+3,48+3,46+3,49+3,49+3,49+3,46+3,18+3,https://cdn.sofifa.net/players/176/237/22_120.png,https://cdn.sofifa.net/teams/111651/60.png,https://cdn.sofifa.net/flags/ca.png,https://cdn.sofifa.net/teams/1387/60.png,https://cdn.sofifa.net/flags/us.png
219736,E. Horvath,Ethan Shea Horvath,GK,71,75,26,United States,SUB,12.0,Nottingham Forest,English League Championship,2000000.0,22000.0,,,,,,,219736,https://sofifa.com/player/219736/ethan-horvath/220002,E. Horvath,GK,71,75,2000000.0,22000.0,26,1995-06-09,195,83,14.0,Nottingham Forest,English League Championship,2.0,SUB,1.0,,2021-07-13,2024.0,95,United States,1387.0,SUB,12.0,Right,3,1,1,Medium/Medium,Normal (185+),No,4000000.0,,Cautious With Crosses,,,,,,,11,17,13,31,14,16,16,17,30,22,48,49,54,72,32,43,64,30,64,19,27,10,11,50,11,31,14,9,8,78,66,57,62,76,48.0,29+2,29+2,29+2,29,30,30,30,29,32+2,32+2,32+2,30+2,30+2,30+2,30+2,30+2,24+2,26+2,26+2,26+2,24+2,24+2,24+2,24+2,24+2,24+2,70+2,https://cdn.sofifa.net/players/219/736/22_120.png,https://cdn.sofifa.net/teams/14/60.png,https://cdn.sofifa.net/flags/gb-eng.png,https://cdn.sofifa.net/teams/1387/60.png,https://cdn.sofifa.net/flags/us.png
242075,J. Sargent,Joshua Thomas Sargent,"ST, RW",71,82,21,United States,SUB,19.0,Norwich City,English Premier League,4200000.0,18000.0,75.0,70.0,61.0,71.0,39.0,70.0,242075,https://sofifa.com/player/242075/josh-sargent/220002,J. Sargent,"ST, RW",71,82,4200000.0,18000.0,21,2000-02-20,185,79,1792.0,Norwich City,English Premier League,1.0,SUB,24.0,,2021-08-09,2025.0,95,United States,1387.0,SUB,19.0,Right,4,3,1,High/Medium,Normal (185+),Yes,9200000.0,,,75.0,70.0,61.0,71.0,39.0,70.0,58,71,66,66,65,70,62,56,55,71,78,73,76,73,68,75,64,77,68,65,66,43,74,62,58,67,32,37,33,8,7,9,8,9,,71+2,71+2,71+2,70,71,71,71,70,69+2,69+2,69+2,69+2,64+2,64+2,64+2,69+2,57+2,55+2,55+2,55+2,57+2,55+2,51+2,51+2,51+2,55+2,15+2,https://cdn.sofifa.net/players/242/075/22_120.png,https://cdn.sofifa.net/teams/1792/60.png,https://cdn.sofifa.net/flags/gb-eng.png,https://cdn.sofifa.net/teams/1387/60.png,https://cdn.sofifa.net/flags/us.png
253177,Y. Musah,Yunus Dimoara Musah,"RM, LM, CAM",71,82,18,United States,SUB,18.0,Valencia CF,Spain Primera Division,4000000.0,7000.0,88.0,66.0,62.0,71.0,57.0,68.0,253177,https://sofifa.com/player/253177/yunus-musah/220002,Y. Musah,"RM, LM, CAM",71,82,4000000.0,7000.0,18,2002-11-29,178,73,461.0,Valencia CF,Spain Primera Division,1.0,SUB,30.0,,2019-07-01,2026.0,95,United States,1387.0,SUB,18.0,Right,3,4,1,High/Medium,Normal (170-185),No,9200000.0,,,88.0,66.0,62.0,71.0,57.0,68.0,64,62,44,68,48,74,60,40,60,73,86,89,68,57,66,77,64,73,70,73,59,59,70,59,50,63,58,57,58,15,6,14,6,10,,67+2,67+2,67+2,70,70,70,70,70,69+2,69+2,69+2,70+2,66+2,66+2,66+2,70+2,66+2,63+2,63+2,63+2,66+2,64+2,60+2,60+2,60+2,64+2,15+2,https://cdn.sofifa.net/players/253/177/22_120.png,https://cdn.sofifa.net/teams/461/60.png,https://cdn.sofifa.net/flags/es.png,https://cdn.sofifa.net/teams/1387/60.png,https://cdn.sofifa.net/flags/us.png
247361,B. Aaronson,Brenden Russell Aaronson,"CAM, CM, LM",70,81,20,United States,SUB,15.0,FC Red Bull Salzburg,Austrian Football Bundesliga,3500000.0,11000.0,80.0,62.0,63.0,73.0,50.0,56.0,247361,https://sofifa.com/player/247361/brenden-aaronson/220002,B. Aaronson,"CAM, CM, LM",70,81,3500000.0,11000.0,20,2000-10-22,176,66,191.0,FC Red Bull Salzburg,Austrian Football Bundesliga,1.0,CAM,11.0,,2021-01-04,2025.0,95,United States,1387.0,SUB,15.0,Right,3,3,1,High/High,Lean (170-185),No,6000000.0,,,80.0,62.0,63.0,73.0,50.0,56.0,55,64,37,70,51,72,50,35,64,72,81,80,85,63,81,61,51,71,50,63,53,51,68,69,41,67,57,51,41,12,13,7,7,13,,64+2,64+2,64+2,69,69,69,69,69,70+2,70+2,70+2,69+2,67+2,67+2,67+2,69+2,61+2,60+2,60+2,60+2,61+2,59+2,52+2,52+2,52+2,59+2,17+2,https://cdn.sofifa.net/players/247/361/22_120.png,https://cdn.sofifa.net/teams/191/60.png,https://cdn.sofifa.net/flags/at.png,https://cdn.sofifa.net/teams/1387/60.png,https://cdn.sofifa.net/flags/us.png
198261,T. Ream,Timothy Michael Ream,CB,69,69,33,United States,SUB,13.0,Fulham,English League Championship,675000.0,22000.0,57.0,43.0,67.0,68.0,70.0,69.0,198261,https://sofifa.com/player/198261/tim-ream/220002,T. Ream,CB,69,69,675000.0,22000.0,33,1987-10-05,186,80,144.0,Fulham,English League Championship,2.0,LCB,13.0,,2015-08-20,2022.0,95,United States,1387.0,SUB,13.0,Left,3,2,1,Medium/Medium,Normal (185+),Yes,1300000.0,,"Solid Player, Leadership, Team Player",57.0,43.0,67.0,68.0,70.0,69.0,61,40,69,72,51,66,65,52,69,70,54,59,66,59,65,48,72,67,72,40,62,71,40,67,49,80,69,71,68,15,14,15,8,10,,55+2,55+2,55+2,59,58,58,58,59,61+2,61+2,61+2,62+2,65+2,65+2,65+2,62+2,66+2,69,69,69,66+2,66+2,69,69,69,66+2,17+2,https://cdn.sofifa.net/players/198/261/22_120.png,https://cdn.sofifa.net/teams/144/60.png,https://cdn.sofifa.net/flags/gb-eng.png,https://cdn.sofifa.net/teams/1387/60.png,https://cdn.sofifa.net/flags/us.png
173731,G. Bale,Gareth Frank Bale,"RM, RW",82,82,31,Wales,RM,11.0,Real Madrid CF,Spain Primera Division,25000000.0,170000.0,82.0,84.0,82.0,80.0,55.0,70.0,173731,https://sofifa.com/player/173731/gareth-bale/220002,G. Bale,"RM, RW",82,82,25000000.0,170000.0,31,1989-07-16,185,82,243.0,Real Madrid CF,Spain Primera Division,1.0,RW,18.0,,2013-09-01,2022.0,50,Wales,1367.0,RM,11.0,Left,3,4,4,Medium/Medium,Unique,Yes,51300000.0,"#Distance Shooter, #Crosser, #FK Specialist","Long Throw-in, Injury Prone, Long Shot Taker (AI), Speed Dribbler (AI), Outside Foot Shot, Chip Shot (AI)",82.0,84.0,82.0,80.0,55.0,70.0,86,82,84,80,85,80,91,87,79,83,80,83,78,78,64,90,84,61,76,87,64,53,82,79,76,85,50,53,50,15,15,11,5,6,,82,82,82,82,82,82,82,82,81+1,81+1,81+1,80+2,77+3,77+3,77+3,80+2,68+3,67+3,67+3,67+3,68+3,67+3,64+3,64+3,64+3,67+3,18+3,https://cdn.sofifa.net/players/173/731/22_120.png,https://cdn.sofifa.net/teams/243/60.png,https://cdn.sofifa.net/flags/es.png,https://cdn.sofifa.net/teams/1367/60.png,https://cdn.sofifa.net/flags/gb-wls.png
186561,A. Ramsey,Aaron Ramsey,"CM, CAM, LM",80,80,30,Wales,CAM,20.0,Juventus,Italian Serie A,20000000.0,81000.0,66.0,70.0,81.0,83.0,66.0,66.0,186561,https://sofifa.com/player/186561/aaron-ramsey/220002,A. Ramsey,"CM, CAM, LM",80,80,20000000.0,81000.0,30,1990-12-26,183,76,45.0,Juventus,Italian Serie A,1.0,SUB,8.0,,2019-07-01,2023.0,50,Wales,1367.0,CAM,20.0,Right,3,3,3,Medium/Medium,Lean (170-185),Yes,33000000.0,,"Injury Prone, Outside Foot Shot",66.0,70.0,81.0,83.0,66.0,66.0,75,61,55,85,77,85,83,73,81,84,63,69,73,76,80,80,63,65,66,77,68,66,78,82,75,80,68,67,67,6,11,5,10,8,,72+3,72+3,72+3,77,77,77,77,77,79+1,79+1,79+1,77+3,79+1,79+1,79+1,77+3,72+3,74+3,74+3,74+3,72+3,70+3,68+3,68+3,68+3,70+3,16+3,https://cdn.sofifa.net/players/186/561/22_120.png,https://cdn.sofifa.net/teams/45/60.png,https://cdn.sofifa.net/flags/it.png,https://cdn.sofifa.net/teams/1367/60.png,https://cdn.sofifa.net/flags/gb-wls.png
205923,B. Davies,Benjamin Thomas Davies,"LB, CB",79,79,28,Wales,LB,4.0,Tottenham Hotspur,English Premier League,16000000.0,85000.0,69.0,58.0,75.0,75.0,78.0,73.0,205923,https://sofifa.com/player/205923/ben-davies/220002,B. Davies,"LB, CB",79,79,16000000.0,85000.0,28,1993-04-24,182,76,18.0,Tottenham Hotspur,English Premier League,1.0,SUB,33.0,,2014-07-23,2024.0,50,Wales,1367.0,LB,4.0,Left,3,3,2,Medium/High,Normal (170-185),Yes,30400000.0,,"Long Passer (AI), Team Player",69.0,58.0,75.0,75.0,78.0,73.0,76,58,66,79,48,75,72,48,75,78,68,69,68,78,68,65,74,79,69,52,73,79,60,72,54,72,78,81,80,11,7,6,7,14,,67+2,67+2,67+2,71,70,70,70,71,72+2,72+2,72+2,73+2,75+2,75+2,75+2,73+2,77+2,78+1,78+1,78+1,77+2,77+2,76+2,76+2,76+2,77+2,17+2,https://cdn.sofifa.net/players/205/923/22_120.png,https://cdn.sofifa.net/teams/18/60.png,https://cdn.sofifa.net/flags/gb-eng.png,https://cdn.sofifa.net/teams/1367/60.png,https://cdn.sofifa.net/flags/gb-wls.png
232104,D. James,Daniel James,"RM, LM",77,82,23,Wales,LM,10.0,Leeds United,English Premier League,16000000.0,62000.0,95.0,72.0,70.0,76.0,46.0,63.0,232104,https://sofifa.com/player/232104/daniel-james/220002,D. James,"RM, LM",77,82,16000000.0,62000.0,23,1997-11-10,171,76,8.0,Leeds United,English Premier League,1.0,SUB,20.0,,2021-08-31,2026.0,50,Wales,1367.0,LM,10.0,Right,4,3,1,High/High,Normal (170-185),Yes,31600000.0,#Speedster,"Solid Player, Long Shot Taker (AI), Speed Dribbler (AI)",95.0,72.0,70.0,76.0,46.0,63.0,75,72,44,74,58,73,74,54,58,76,96,95,85,75,83,79,53,83,52,69,70,42,73,68,64,69,54,45,34,7,6,11,15,9,,72+2,72+2,72+2,77,75,75,75,77,74+2,74+2,74+2,76+2,69+2,69+2,69+2,76+2,65+2,60+2,60+2,60+2,65+2,62+2,53+2,53+2,53+2,62+2,17+2,https://cdn.sofifa.net/players/232/104/22_120.png,https://cdn.sofifa.net/teams/8/60.png,https://cdn.sofifa.net/flags/gb-eng.png,https://cdn.sofifa.net/teams/1367/60.png,https://cdn.sofifa.net/flags/gb-wls.png
220196,D. Brooks,David Robert Brooks,"RW, RM",76,82,23,Wales,SUB,19.0,AFC Bournemouth,English League Championship,12000000.0,33000.0,73.0,71.0,75.0,79.0,48.0,64.0,220196,https://sofifa.com/player/220196/david-brooks/220002,D. Brooks,"RW, RM",76,82,12000000.0,33000.0,23,1997-07-08,183,62,1943.0,AFC Bournemouth,English League Championship,2.0,RW,7.0,,2018-07-01,2022.0,50,Wales,1367.0,SUB,19.0,Left,4,4,1,High/Medium,Lean (170-185),Yes,25200000.0,,"Flair, Playmaker (AI), Outside Foot Shot, Technical Dribbler (AI)",73.0,71.0,75.0,79.0,48.0,64.0,75,71,61,78,61,80,73,66,67,79,74,73,78,72,77,70,64,69,62,73,64,43,75,76,65,78,47,49,44,8,14,9,13,7,,72+2,72+2,72+2,76,75,75,75,76,76+2,76+2,76+2,75+2,72+2,72+2,72+2,75+2,64+2,62+2,62+2,62+2,64+2,61+2,56+2,56+2,56+2,61+2,17+2,https://cdn.sofifa.net/players/220/196/22_120.png,https://cdn.sofifa.net/teams/1943/60.png,https://cdn.sofifa.net/flags/gb-eng.png,https://cdn.sofifa.net/teams/1367/60.png,https://cdn.sofifa.net/flags/gb-wls.png
220710,H. Wilson,Harry Wilson,"CAM, RM",75,81,24,Wales,SUB,8.0,Fulham,English League Championship,9000000.0,42000.0,77.0,78.0,75.0,75.0,45.0,56.0,220710,https://sofifa.com/player/220710/harry-wilson/220002,H. Wilson,"CAM, RM",75,81,9000000.0,42000.0,24,1997-03-22,173,70,144.0,Fulham,English League Championship,2.0,RM,8.0,,2021-07-24,2026.0,50,Wales,1367.0,SUB,8.0,Left,3,3,1,High/Medium,Normal (170-185),Yes,18900000.0,,"Long Shot Taker (AI), Outside Foot Shot",77.0,78.0,75.0,75.0,45.0,56.0,76,75,46,74,71,73,86,85,68,75,79,75,79,75,84,84,43,72,54,83,42,40,75,76,78,75,48,45,40,7,13,9,15,7,,72+2,72+2,72+2,75,75,75,75,75,75+2,75+2,75+2,75+2,71+2,71+2,71+2,75+2,62+2,59+2,59+2,59+2,62+2,59+2,50+2,50+2,50+2,59+2,18+2,https://cdn.sofifa.net/players/220/710/22_120.png,https://cdn.sofifa.net/teams/144/60.png,https://cdn.sofifa.net/flags/gb-eng.png,https://cdn.sofifa.net/teams/1367/60.png,https://cdn.sofifa.net/flags/gb-wls.png
225147,C. Roberts,Connor Roberts,"RWB, RB",75,78,25,Wales,RB,14.0,Burnley,English Premier League,7000000.0,28000.0,80.0,48.0,65.0,67.0,68.0,72.0,225147,https://sofifa.com/player/225147/connor-roberts/220002,C. Roberts,"RWB, RB",75,78,7000000.0,28000.0,25,1995-09-23,175,76,1796.0,Burnley,English Premier League,1.0,SUB,14.0,,2021-08-31,2025.0,50,Wales,1367.0,RB,14.0,Right,4,3,1,High/Medium,Normal (170-185),Yes,13800000.0,,Long Throw-in,80.0,48.0,65.0,67.0,68.0,72.0,73,48,53,71,35,67,45,47,58,67,79,80,71,68,70,50,67,91,65,50,69,69,61,62,41,62,68,72,68,6,12,8,12,13,,60+2,60+2,60+2,66,64,64,64,66,65+2,65+2,65+2,69+2,66+2,66+2,66+2,69+2,73+2,69+2,69+2,69+2,73+2,72+2,67+2,67+2,67+2,72+2,17+2,https://cdn.sofifa.net/players/225/147/22_120.png,https://cdn.sofifa.net/teams/1796/60.png,https://cdn.sofifa.net/flags/gb-eng.png,https://cdn.sofifa.net/teams/1367/60.png,https://cdn.sofifa.net/flags/gb-wls.png
170084,W. Hennessey,Wayne Robert Hennessey,GK,74,74,34,Wales,SUB,1.0,Burnley,English Premier League,725000.0,22000.0,,,,,,,170084,https://sofifa.com/player/170084/wayne-hennessey/220002,W. Hennessey,GK,74,74,725000.0,22000.0,34,1987-01-24,198,90,1796.0,Burnley,English Premier League,1.0,SUB,13.0,,2021-07-20,2023.0,50,Wales,1367.0,SUB,1.0,Right,3,1,2,Medium/Medium,Lean (185+),Yes,1400000.0,,"Rushes Out Of Goal, Comes For Crosses",,,,,,,11,12,14,29,10,8,12,11,41,23,40,41,48,66,51,58,41,29,68,10,21,22,14,58,17,55,13,18,13,76,74,77,74,71,40.0,28+2,28+2,28+2,26,29,29,29,26,30+2,30+2,30+2,28+2,32+2,32+2,32+2,28+2,25+2,30+2,30+2,30+2,25+2,25+2,26+2,26+2,26+2,25+2,73+1,https://cdn.sofifa.net/players/170/084/22_120.png,https://cdn.sofifa.net/teams/1796/60.png,https://cdn.sofifa.net/flags/gb-eng.png,https://cdn.sofifa.net/teams/1367/60.png,https://cdn.sofifa.net/flags/gb-wls.png
207998,D. Ward,Danny Ward,GK,74,74,28,Wales,GK,12.0,Leicester City,English Premier League,3000000.0,53000.0,,,,,,,207998,https://sofifa.com/player/207998/danny-ward/220002,D. Ward,GK,74,74,3000000.0,53000.0,28,1993-06-22,191,88,95.0,Leicester City,English Premier League,1.0,SUB,12.0,,2018-07-21,2022.0,50,Wales,1367.0,GK,12.0,Right,3,1,1,Medium/Medium,Normal (185+),Yes,5700000.0,,,,,,,,,13,11,13,30,13,19,15,14,42,23,46,44,38,70,53,50,67,22,60,16,32,20,7,38,20,56,8,20,18,75,72,66,73,75,45.0,28+2,28+2,28+2,27,28,28,28,27,29+2,29+2,29+2,28+2,30+2,30+2,30+2,28+2,26+2,29+2,29+2,29+2,26+2,26+2,27+2,27+2,27+2,26+2,73+1,https://cdn.sofifa.net/players/207/998/22_120.png,https://cdn.sofifa.net/teams/95/60.png,https://cdn.sofifa.net/flags/gb-eng.png,https://cdn.sofifa.net/teams/1367/60.png,https://cdn.sofifa.net/flags/gb-wls.png
207998,D. Ward,Danny Ward,GK,74,74,28,Wales,GK,12.0,Leicester City,English Premier League,3000000.0,53000.0,,,,,,,194319,https://sofifa.com/player/194319/danny-ward/220002,D. Ward,ST,68,68,1200000.0,5000.0,30,1990-12-09,180,72,1939.0,Huddersfield Town,English League Championship,2.0,RS,25.0,,2020-08-17,2023.0,14,England,,,,Left,4,3,1,Medium/High,Lean (170-185),Yes,2200000.0,,Injury Prone,68.0,69.0,62.0,66.0,35.0,68.0,62,68,67,62,64,67,60,63,59,65,69,68,69,65,68,74,84,68,70,67,57,23,68,64,64,61,36,33,32,13,11,15,11,8,,68,68,68,66,67,67,67,66,65+2,65+2,65+2,65+2,61+2,61+2,61+2,65+2,52+2,50+2,50+2,50+2,52+2,50+2,47+2,47+2,47+2,50+2,17+2,https://cdn.sofifa.net/players/194/319/22_120.png,https://cdn.sofifa.net/teams/1939/60.png,https://cdn.sofifa.net/flags/gb-eng.png,,https://cdn.sofifa.net/flags/gb-eng.png
216627,K. Moore,Kieffer Roberto Francisco Moore,ST,74,74,28,Wales,ST,13.0,Cardiff City,English League Championship,4300000.0,34000.0,77.0,71.0,56.0,67.0,47.0,82.0,216627,https://sofifa.com/player/216627/kieffer-moore/220002,K. Moore,ST,74,74,4300000.0,34000.0,28,1992-08-08,196,83,1961.0,Cardiff City,English League Championship,2.0,ST,10.0,,2020-08-13,2023.0,50,Wales,1367.0,ST,13.0,Right,3,3,1,High/Medium,Normal (185+),No,8200000.0,"#Aerial Threat, #Strength","Flair, Power Header",77.0,71.0,56.0,67.0,47.0,82.0,58,74,84,58,68,68,62,45,55,72,75,79,52,71,50,77,73,73,90,58,73,42,73,54,67,68,39,47,44,10,10,13,8,9,,74,74,74,67,69,69,69,67,65+2,65+2,65+2,67+2,62+2,62+2,62+2,67+2,58+2,57+2,57+2,57+2,58+2,58+2,59+2,59+2,59+2,58+2,16+2,https://cdn.sofifa.net/players/216/627/22_120.png,https://cdn.sofifa.net/teams/1961/60.png,https://cdn.sofifa.net/flags/gb-eng.png,https://cdn.sofifa.net/teams/1367/60.png,https://cdn.sofifa.net/flags/gb-wls.png
228815,T. Roberts,Tyler Roberts,"CAM, CM, ST",73,80,22,Wales,SUB,9.0,Leeds United,English Premier League,6000000.0,47000.0,75.0,69.0,68.0,75.0,38.0,71.0,228815,https://sofifa.com/player/228815/tyler-roberts/220002,T. Roberts,"CAM, CM, ST",73,80,6000000.0,47000.0,22,1999-01-12,180,75,8.0,Leeds United,English Premier League,1.0,SUB,11.0,,2018-01-31,2024.0,50,Wales,1367.0,SUB,9.0,Right,3,3,1,Medium/Medium,Normal (170-185),Yes,12600000.0,,Injury Prone,75.0,69.0,68.0,75.0,38.0,71.0,64,70,65,73,59,75,57,42,65,77,75,75,77,67,74,73,56,76,76,65,57,37,72,73,70,76,31,39,27,12,8,13,9,13,,71+2,71+2,71+2,72,73,73,73,72,73+2,73+2,73+2,72+2,68+2,68+2,68+2,72+2,57+2,56+2,56+2,56+2,57+2,54+2,50+2,50+2,50+2,54+2,17+2,https://cdn.sofifa.net/players/228/815/22_120.png,https://cdn.sofifa.net/teams/8/60.png,https://cdn.sofifa.net/flags/gb-eng.png,https://cdn.sofifa.net/teams/1367/60.png,https://cdn.sofifa.net/flags/gb-wls.png
229266,J. Rodon,Joe Rodon,CB,72,81,23,Wales,RCB,6.0,Tottenham Hotspur,English Premier League,4900000.0,40000.0,58.0,29.0,49.0,57.0,74.0,72.0,229266,https://sofifa.com/player/229266/joe-rodon/220002,J. Rodon,CB,72,81,4900000.0,40000.0,23,1997-10-22,193,76,18.0,Tottenham Hotspur,English Premier League,1.0,RES,14.0,,2020-10-16,2025.0,50,Wales,1367.0,RCB,6.0,Right,4,2,1,Medium/Medium,Lean (185+),Yes,10300000.0,,,58.0,29.0,49.0,57.0,74.0,72.0,34,23,67,70,34,53,25,32,60,62,54,62,47,73,55,43,66,67,77,24,65,80,23,31,40,61,72,74,71,10,13,7,11,8,,48+2,48+2,48+2,48,48,48,48,48,50+2,50+2,50+2,51+2,56+2,56+2,56+2,51+2,65+2,69+2,69+2,69+2,65+2,67+2,72+2,72+2,72+2,67+2,17+2,https://cdn.sofifa.net/players/229/266/22_120.png,https://cdn.sofifa.net/teams/18/60.png,https://cdn.sofifa.net/flags/gb-eng.png,https://cdn.sofifa.net/teams/1367/60.png,https://cdn.sofifa.net/flags/gb-wls.png
233201,C. Mepham,Christopher James Mepham,CB,72,80,23,Wales,LCB,22.0,AFC Bournemouth,English League Championship,4900000.0,19000.0,60.0,37.0,55.0,61.0,73.0,73.0,233201,https://sofifa.com/player/233201/chris-mepham/220002,C. Mepham,CB,72,80,4900000.0,19000.0,23,1997-11-05,191,75,1943.0,AFC Bournemouth,English League Championship,2.0,SUB,6.0,,2019-01-22,2023.0,50,Wales,1367.0,LCB,22.0,Right,3,2,1,Medium/High,Normal (185+),Yes,10300000.0,,Injury Prone,60.0,37.0,55.0,61.0,73.0,73.0,38,32,71,68,33,58,41,35,63,66,57,62,51,68,64,52,74,65,77,32,73,72,39,53,44,67,72,75,73,10,10,12,14,12,,53+2,53+2,53+2,53,54,54,54,53,56+2,56+2,56+2,56+2,61+2,61+2,61+2,56+2,65+2,69+2,69+2,69+2,65+2,66+2,72+2,72+2,72+2,66+2,18+2,https://cdn.sofifa.net/players/233/201/22_120.png,https://cdn.sofifa.net/teams/1943/60.png,https://cdn.sofifa.net/flags/gb-eng.png,https://cdn.sofifa.net/teams/1367/60.png,https://cdn.sofifa.net/flags/gb-wls.png
200715,A. Davies,Adam Rhys Davies,GK,71,73,28,Wales,SUB,21.0,Stoke City,English League Championship,1600000.0,14000.0,,,,,,,200715,https://sofifa.com/player/200715/adam-davies/220002,A. Davies,GK,71,73,1600000.0,14000.0,28,1992-07-17,185,80,1806.0,Stoke City,English League Championship,2.0,SUB,1.0,,2019-07-01,2022.0,50,Wales,1367.0,SUB,21.0,Right,3,1,1,Medium/Medium,Normal (185+),No,3200000.0,,Cautious With Crosses,,,,,,,12,11,16,25,13,12,16,18,13,16,40,40,39,70,40,50,46,29,47,15,31,15,8,40,23,47,18,16,13,71,68,67,69,71,40.0,26+2,26+2,26+2,24,26,26,26,24,25+2,25+2,25+2,24+2,24+2,24+2,24+2,24+2,24+2,24+2,24+2,24+2,24+2,24+2,25+2,25+2,25+2,24+2,70+2,https://cdn.sofifa.net/players/200/715/22_120.png,https://cdn.sofifa.net/teams/1806/60.png,https://cdn.sofifa.net/flags/gb-eng.png,https://cdn.sofifa.net/teams/1367/60.png,https://cdn.sofifa.net/flags/gb-wls.png
184716,J. Allen,Joseph Michael Allen,"CM, CDM",70,70,31,Wales,RDM,7.0,Stoke City,English League Championship,1300000.0,16000.0,66.0,61.0,69.0,73.0,70.0,68.0,184716,https://sofifa.com/player/184716/joe-allen/220002,J. Allen,"CM, CDM",70,70,1300000.0,16000.0,31,1990-03-14,168,62,1806.0,Stoke City,English League Championship,2.0,CM,4.0,,2016-07-26,2022.0,50,Wales,1367.0,RDM,7.0,Right,2,3,1,High/High,Lean (170-),Yes,2500000.0,,Injury Prone,66.0,61.0,69.0,73.0,70.0,68.0,67,60,52,73,54,68,66,59,71,73,67,66,82,69,91,67,81,77,60,56,74,72,67,66,60,78,72,71,70,10,13,12,6,8,,64+2,64+2,64+2,68,67,67,67,68,69+1,69+1,69+1,69+1,70,70,70,69+1,71-1,71-1,71-1,71-1,71-1,70,69+1,69+1,69+1,70,16+2,https://cdn.sofifa.net/players/184/716/22_120.png,https://cdn.sofifa.net/teams/1806/60.png,https://cdn.sofifa.net/flags/gb-eng.png,https://cdn.sofifa.net/teams/1367/60.png,https://cdn.sofifa.net/flags/gb-wls.png
211363,T. Lockyer,Thomas Alun Lockyer,CB,69,73,26,Wales,SUB,5.0,Luton Town,English League Championship,1700000.0,7000.0,66.0,36.0,54.0,60.0,68.0,78.0,211363,https://sofifa.com/player/211363/tom-lockyer/220002,T. Lockyer,CB,69,73,1700000.0,7000.0,26,1994-12-03,185,72,1923.0,Luton Town,English League Championship,2.0,RCB,15.0,,2020-09-01,2023.0,50,Wales,1367.0,SUB,5.0,Right,4,2,1,Medium/High,Normal (185+),No,3300000.0,,,66.0,36.0,54.0,60.0,68.0,78.0,45,38,70,62,21,55,44,30,62,62,69,64,68,64,64,37,83,77,79,34,76,66,38,49,39,61,67,71,66,15,13,14,9,7,,52+2,52+2,52+2,54,53,53,53,54,55+2,55+2,55+2,56+2,58+2,58+2,58+2,56+2,64+2,66+2,66+2,66+2,64+2,65+2,69+2,69+2,69+2,65+2,17+2,https://cdn.sofifa.net/players/211/363/22_120.png,https://cdn.sofifa.net/teams/1923/60.png,https://cdn.sofifa.net/flags/gb-eng.png,https://cdn.sofifa.net/teams/1367/60.png,https://cdn.sofifa.net/flags/gb-wls.png
235735,E. Ampadu,Ethan Ampadu,"CB, CDM, CM",68,82,20,Wales,SUB,15.0,Venezia FC,Italian Serie A,2700000.0,21000.0,61.0,30.0,55.0,62.0,68.0,67.0,235735,https://sofifa.com/player/235735/ethan-ampadu/220002,E. Ampadu,"CB, CDM, CM",68,82,2700000.0,21000.0,20,2000-09-14,183,78,205.0,Venezia FC,Italian Serie A,1.0,RES,99.0,Chelsea,,2022.0,50,Wales,1367.0,SUB,15.0,Right,3,2,2,Medium/Medium,Lean (170-185),Yes,,,Dives Into Tackles (AI),61.0,30.0,55.0,62.0,68.0,67.0,27,23,63,72,25,59,34,27,65,64,63,60,58,67,68,52,76,61,68,22,69,66,29,59,33,64,69,69,67,13,12,9,8,12,,49+2,49+2,49+2,51,52,52,52,51,56+2,56+2,56+2,55+2,60+2,60+2,60+2,55+2,61+2,67+2,67+2,67+2,61+2,62+2,68+2,68+2,68+2,62+2,17+2,https://cdn.sofifa.net/players/235/735/22_120.png,https://cdn.sofifa.net/teams/205/60.png,https://cdn.sofifa.net/flags/it.png,https://cdn.sofifa.net/teams/1367/60.png,https://cdn.sofifa.net/flags/gb-wls.png
240773,R. Norrington-Davies,Rhys Llewelyn Norrington-Davies,"LWB, LB",68,76,22,Wales,SUB,17.0,Sheffield United,English League Championship,2600000.0,9000.0,75.0,43.0,56.0,62.0,64.0,68.0,240773,https://sofifa.com/player/240773/rhys-norrington-davies/220002,R. Norrington-Davies,"LWB, LB",68,76,2600000.0,9000.0,22,1999-04-22,181,70,1794.0,Sheffield United,English League Championship,2.0,LWB,33.0,,2017-03-31,2024.0,50,Wales,1367.0,SUB,17.0,Left,2,2,1,High/Medium,Normal (170-185),No,5500000.0,,,75.0,43.0,56.0,62.0,64.0,68.0,66,41,52,62,40,61,55,46,50,60,76,74,68,57,77,48,57,78,65,43,65,63,51,44,43,53,66,68,63,14,14,12,9,11,,54+2,54+2,54+2,59,56,56,56,59,56+2,56+2,56+2,60+2,57+2,57+2,57+2,60+2,66+2,62+2,62+2,62+2,66+2,65+2,63+2,63+2,63+2,65+2,17+2,https://cdn.sofifa.net/players/240/773/22_120.png,https://cdn.sofifa.net/teams/1794/60.png,https://cdn.sofifa.net/flags/gb-eng.png,https://cdn.sofifa.net/teams/1367/60.png,https://cdn.sofifa.net/flags/gb-wls.png
243057,N. Williams,Neco Williams,RB,68,82,20,Wales,SUB,3.0,Liverpool,English Premier League,2800000.0,21000.0,74.0,36.0,61.0,68.0,63.0,59.0,243057,https://sofifa.com/player/243057/neco-williams/220002,N. Williams,RB,68,82,2800000.0,21000.0,20,2001-04-13,183,72,9.0,Liverpool,English Premier League,1.0,RES,76.0,,2018-04-13,2025.0,50,Wales,1367.0,SUB,3.0,Right,3,2,1,Medium/Medium,Lean (170-185),Yes,6900000.0,,,74.0,36.0,61.0,68.0,63.0,59.0,69,35,50,67,36,66,52,39,61,67,76,73,73,66,78,42,61,64,56,29,61,64,42,48,45,64,65,66,63,10,11,7,14,15,,52+2,52+2,52+2,60,56,56,56,60,58+2,58+2,58+2,62+2,60+2,60+2,60+2,62+2,67+2,64+2,64+2,64+2,67+2,66+2,62+2,62+2,62+2,66+2,18+2,https://cdn.sofifa.net/players/243/057/22_120.png,https://cdn.sofifa.net/teams/9/60.png,https://cdn.sofifa.net/flags/gb-eng.png,https://cdn.sofifa.net/teams/1367/60.png,https://cdn.sofifa.net/flags/gb-wls.png
198776,J. Williams,Jonathan Peter Williams,CAM,67,67,27,Wales,SUB,18.0,Swindon Town,English League Two,1100000.0,6000.0,66.0,59.0,65.0,72.0,44.0,49.0,198776,https://sofifa.com/player/198776/jonny-williams/220002,J. Williams,CAM,67,67,1100000.0,6000.0,27,1993-10-09,168,60,1934.0,Swindon Town,English League Two,4.0,SUB,20.0,,2021-08-13,2022.0,50,Wales,1367.0,SUB,18.0,Right,3,3,1,Medium/Medium,Lean (170-),No,1900000.0,,"Injury Prone, Flair, Technical Dribbler (AI)",66.0,59.0,65.0,72.0,44.0,49.0,66,59,39,68,51,69,47,43,63,70,72,61,86,63,89,60,57,48,47,58,55,40,64,69,60,71,48,45,41,8,16,11,10,9,,60+2,60+2,60+2,67,65,65,65,67,67,67,67,66+1,63+2,63+2,63+2,66+1,56+2,55+2,55+2,55+2,56+2,53+2,48+2,48+2,48+2,53+2,17+2,https://cdn.sofifa.net/players/198/776/22_120.png,https://cdn.sofifa.net/teams/1934/60.png,https://cdn.sofifa.net/flags/gb-eng.png,https://cdn.sofifa.net/teams/1367/60.png,https://cdn.sofifa.net/flags/gb-wls.png
220677,J. Morrell,Joseff John Morrell,CM,66,71,24,Wales,LDM,16.0,Portsmouth,English League One,1300000.0,4000.0,68.0,54.0,65.0,70.0,51.0,51.0,220677,https://sofifa.com/player/220677/joe-morrell/220002,J. Morrell,CM,66,71,1300000.0,4000.0,24,1997-01-03,168,64,1790.0,Portsmouth,English League One,3.0,SUB,21.0,,2021-08-09,2024.0,50,Wales,1367.0,LDM,16.0,Right,3,3,1,Medium/Medium,Normal (170-),No,2400000.0,,Playmaker (AI),68.0,54.0,65.0,70.0,51.0,51.0,59,49,36,72,38,66,48,59,64,68,69,67,83,74,90,60,61,76,44,60,37,65,55,64,58,73,45,55,43,7,8,14,7,11,,57+2,57+2,57+2,64,63,63,63,64,66+2,66+2,66+2,65+2,66+2,66+2,66+2,65+2,63+2,61+2,61+2,61+2,63+2,60+2,52+2,52+2,52+2,60+2,16+2,https://cdn.sofifa.net/players/220/677/22_120.png,https://cdn.sofifa.net/teams/1790/60.png,https://cdn.sofifa.net/flags/gb-eng.png,https://cdn.sofifa.net/teams/1367/60.png,https://cdn.sofifa.net/flags/gb-wls.png
173752,C. Gunter,Christopher Ross Gunter,"RB, CB",64,64,31,Wales,SUB,2.0,Charlton Athletic,English League One,425000.0,2000.0,66.0,46.0,55.0,59.0,62.0,68.0,173752,https://sofifa.com/player/173752/chris-gunter/220002,C. Gunter,"RB, CB",64,64,425000.0,2000.0,31,1989-07-21,180,71,89.0,Charlton Athletic,English League One,3.0,LB,2.0,,2020-10-08,2022.0,50,Wales,1367.0,SUB,2.0,Right,4,2,1,Medium/High,Lean (170-185),No,744000.0,,"Solid Player, Team Player",66.0,46.0,55.0,59.0,62.0,68.0,57,44,58,55,52,55,56,23,58,60,65,67,71,60,66,48,65,76,67,41,62,62,59,58,47,62,62,63,62,12,8,16,16,9,,55+2,55+2,55+2,57,56,56,56,57,57+2,57+2,57+2,59+2,58+2,58+2,58+2,59+2,62+2,61+2,61+2,61+2,62+2,62+2,62+2,62+2,62+2,62+2,17+2,https://cdn.sofifa.net/players/173/752/22_120.png,https://cdn.sofifa.net/teams/89/60.png,https://cdn.sofifa.net/flags/gb-eng.png,https://cdn.sofifa.net/teams/1367/60.png,https://cdn.sofifa.net/flags/gb-wls.png
243349,D. Levitt,Dylan James Christopher Levitt,"CM, CDM",63,78,20,Wales,SUB,23.0,Dundee United,Scottish Premiership,1200000.0,13000.0,64.0,57.0,63.0,64.0,50.0,56.0,243349,https://sofifa.com/player/243349/dylan-levitt/220002,D. Levitt,"CM, CDM",63,78,1200000.0,13000.0,20,2000-11-17,180,74,181.0,Dundee United,Scottish Premiership,1.0,RCM,19.0,Manchester United,,2022.0,50,Wales,1367.0,SUB,23.0,Right,4,3,1,Medium/Medium,Lean (170-185),No,,,"Flair, Long Passer (AI), Playmaker (AI)",64.0,57.0,63.0,64.0,50.0,56.0,56,55,37,66,52,59,62,50,66,66,68,61,77,62,69,60,48,65,51,58,59,56,59,66,63,69,47,55,48,7,10,7,6,13,,57+2,57+2,57+2,62,61,61,61,62,63+2,63+2,63+2,62+2,63+2,63+2,63+2,62+2,58+2,59+2,59+2,59+2,58+2,57+2,53+2,53+2,53+2,57+2,15+2,https://cdn.sofifa.net/players/243/349/22_120.png,https://cdn.sofifa.net/teams/181/60.png,https://cdn.sofifa.net/flags/gb-sct.png,https://cdn.sofifa.net/teams/1367/60.png,https://cdn.sofifa.net/flags/gb-wls.png
158023,L. Messi,Lionel Andrés Messi Cuccittini,"RW, ST, CF",93,93,34,Argentina,RW,10.0,Paris Saint-Germain,French Ligue 1,78000000.0,320000.0,85.0,92.0,91.0,95.0,34.0,65.0,158023,https://sofifa.com/player/158023/lionel-messi/220002,L. Messi,"RW, ST, CF",93,93,78000000.0,320000.0,34,1987-06-24,170,72,73.0,Paris Saint-Germain,French Ligue 1,1.0,RW,30.0,,2021-08-10,2023.0,52,Argentina,1369.0,RW,10.0,Left,4,4,5,Medium/Low,Unique,Yes,144300000.0,"#Dribbler, #Distance Shooter, #FK Specialist, #Acrobat, #Clinical Finisher, #Complete Forward","Finesse Shot, Long Shot Taker (AI), Playmaker (AI), Outside Foot Shot, One Club Player, Chip Shot (AI), Technical Dribbler (AI)",85.0,92.0,91.0,95.0,34.0,65.0,85,95,70,91,88,96,93,94,91,96,91,80,91,94,95,86,68,72,69,94,44,40,93,95,75,96,20,35,24,6,11,15,14,8,,89+3,89+3,89+3,92,93,93,93,92,93,93,93,91+2,87+3,87+3,87+3,91+2,66+3,64+3,64+3,64+3,66+3,61+3,50+3,50+3,50+3,61+3,19+3,https://cdn.sofifa.net/players/158/023/22_120.png,https://cdn.sofifa.net/teams/73/60.png,https://cdn.sofifa.net/flags/fr.png,https://cdn.sofifa.net/teams/1369/60.png,https://cdn.sofifa.net/flags/ar.png
153079,S. Agüero,Sergio Leonel Agüero del Castillo,ST,87,87,33,Argentina,SUB,9.0,FC Barcelona,Spain Primera Division,51000000.0,260000.0,71.0,89.0,75.0,87.0,33.0,69.0,153079,https://sofifa.com/player/153079/sergio-aguero/220002,S. Agüero,ST,87,87,51000000.0,260000.0,33,1988-06-02,173,70,241.0,FC Barcelona,Spain Primera Division,1.0,ST,19.0,,2021-07-01,2023.0,52,Argentina,1369.0,SUB,9.0,Right,4,4,4,High/Medium,Unique,Yes,104600000.0,"#Dribbler, #Clinical Finisher, #Complete Forward","Injury Prone, Chip Shot (AI)",71.0,89.0,75.0,87.0,33.0,69.0,70,93,78,80,85,86,83,73,64,88,75,68,82,89,90,90,78,62,74,83,65,24,91,80,75,91,30,29,24,13,15,6,11,14,,86+1,86+1,86+1,83,85,85,85,83,84+3,84+3,84+3,80+3,75+3,75+3,75+3,80+3,57+3,57+3,57+3,57+3,57+3,54+3,50+3,50+3,50+3,54+3,21+3,https://cdn.sofifa.net/players/153/079/22_120.png,https://cdn.sofifa.net/teams/241/60.png,https://cdn.sofifa.net/flags/es.png,https://cdn.sofifa.net/teams/1369/60.png,https://cdn.sofifa.net/flags/ar.png
183898,Á. Di María,Ángel Fabián Di María Hernández,"RW, LW",87,87,33,Argentina,LW,11.0,Paris Saint-Germain,French Ligue 1,49500000.0,160000.0,83.0,81.0,86.0,87.0,48.0,69.0,183898,https://sofifa.com/player/183898/angel-di-maria/220002,Á. Di María,"RW, LW",87,87,49500000.0,160000.0,33,1988-02-14,180,69,73.0,Paris Saint-Germain,French Ligue 1,1.0,SUB,11.0,,2015-08-06,2022.0,52,Argentina,1369.0,LW,11.0,Left,2,5,4,High/Medium,Unique,Yes,91600000.0,"#Dribbler, #Crosser, #FK Specialist, #Acrobat","Flair, Long Shot Taker (AI), Outside Foot Shot, Chip Shot (AI), Technical Dribbler (AI)",83.0,81.0,86.0,87.0,48.0,69.0,88,79,51,84,78,88,91,88,82,87,83,83,94,84,76,83,73,78,62,86,73,42,84,88,73,86,41,55,52,10,7,11,12,11,,79+3,79+3,79+3,85,84,84,84,85,85+2,85+2,85+2,85+2,81+3,81+3,81+3,85+2,70+3,68+3,68+3,68+3,70+3,67+3,58+3,58+3,58+3,67+3,18+3,https://cdn.sofifa.net/players/183/898/22_120.png,https://cdn.sofifa.net/teams/73/60.png,https://cdn.sofifa.net/flags/fr.png,https://cdn.sofifa.net/teams/1369/60.png,https://cdn.sofifa.net/flags/ar.png
211110,P. Dybala,Paulo Bruno Exequiel Dybala,"CF, CAM",87,88,27,Argentina,SUB,21.0,Juventus,Italian Serie A,93000000.0,160000.0,84.0,86.0,86.0,90.0,40.0,60.0,211110,https://sofifa.com/player/211110/paulo-dybala/220002,P. Dybala,"CF, CAM",87,88,93000000.0,160000.0,27,1993-11-15,177,75,45.0,Juventus,Italian Serie A,1.0,CAM,10.0,,2015-07-01,2022.0,52,Argentina,1369.0,SUB,21.0,Left,3,4,3,Medium/Medium,Unique,Yes,160400000.0,"#Dribbler, #Playmaker, #FK Specialist, #Acrobat, #Complete Midfielder","Finesse Shot, Flair, Long Shot Taker (AI), Playmaker (AI), Outside Foot Shot, Technical Dribbler (AI)",84.0,86.0,86.0,90.0,40.0,60.0,82,85,59,87,88,90,90,88,79,93,88,80,92,80,94,84,75,70,61,89,43,42,82,91,84,79,32,41,39,5,4,4,5,8,,82+3,82+3,82+3,87,86,86,86,87,88,88,88,85+3,81+3,81+3,81+3,85+3,66+3,63+3,63+3,63+3,66+3,62+3,52+3,52+3,52+3,62+3,14+3,https://cdn.sofifa.net/players/211/110/22_120.png,https://cdn.sofifa.net/teams/45/60.png,https://cdn.sofifa.net/flags/it.png,https://cdn.sofifa.net/teams/1369/60.png,https://cdn.sofifa.net/flags/ar.png
143076,A. Gómez,Alejandro Darío Gómez,"CAM, CF, CM",85,85,33,Argentina,SUB,17.0,Sevilla FC,Spain Primera Division,33500000.0,51000.0,87.0,78.0,84.0,87.0,39.0,55.0,143076,https://sofifa.com/player/143076/alejandro-gomez/220002,A. Gómez,"CAM, CF, CM",85,85,33500000.0,51000.0,33,1988-02-15,167,68,481.0,Sevilla FC,Spain Primera Division,1.0,LCM,24.0,,2021-01-26,2024.0,52,Argentina,1369.0,SUB,17.0,Right,4,4,3,High/Medium,Normal (170-),Yes,70400000.0,#Acrobat,"Long Shot Taker (AI), Playmaker (AI), Outside Foot Shot, Technical Dribbler (AI)",87.0,78.0,84.0,87.0,39.0,55.0,83,77,38,85,72,85,85,79,80,86,91,83,93,86,93,79,70,75,44,82,56,40,80,86,72,85,50,30,34,8,11,12,9,6,,76+3,76+3,76+3,84,83,83,83,84,84+1,84+1,84+1,84+1,79+3,79+3,79+3,84+1,66+3,62+3,62+3,62+3,66+3,61+3,49+3,49+3,49+3,61+3,17+3,https://cdn.sofifa.net/players/143/076/22_120.png,https://cdn.sofifa.net/teams/481/60.png,https://cdn.sofifa.net/flags/es.png,https://cdn.sofifa.net/teams/1369/60.png,https://cdn.sofifa.net/flags/ar.png
231478,L. Martínez,Lautaro Javier Martínez,ST,85,89,23,Argentina,ST,22.0,Inter,Italian Serie A,78000000.0,145000.0,84.0,81.0,72.0,85.0,48.0,84.0,231478,https://sofifa.com/player/231478/lautaro-martinez/220002,L. Martínez,ST,85,89,78000000.0,145000.0,23,1997-08-22,174,72,44.0,Inter,Italian Serie A,1.0,LS,10.0,,2018-07-05,2023.0,52,Argentina,1369.0,ST,22.0,Right,4,4,3,High/Medium,Unique,Yes,138500000.0,#Acrobat,"Flair, Power Header, Technical Dribbler (AI)",84.0,81.0,72.0,85.0,48.0,84.0,56,85,87,78,88,83,78,43,73,85,86,83,86,89,89,80,88,80,84,74,86,45,86,81,74,83,55,31,44,11,8,8,8,13,,84+3,84+3,84+3,81,84,84,84,81,82+3,82+3,82+3,80+3,77+3,77+3,77+3,80+3,65+3,66+3,66+3,66+3,65+3,63+3,62+3,62+3,62+3,63+3,19+3,https://cdn.sofifa.net/players/231/478/22_120.png,https://cdn.sofifa.net/teams/44/60.png,https://cdn.sofifa.net/flags/it.png,https://cdn.sofifa.net/teams/1369/60.png,https://cdn.sofifa.net/flags/ar.png
202811,E. Martínez,Damián Emiliano Martínez,GK,84,85,28,Argentina,GK,23.0,Aston Villa,English Premier League,33500000.0,81000.0,,,,,,,202811,https://sofifa.com/player/202811/emiliano-martinez/220002,E. Martínez,GK,84,85,33500000.0,81000.0,28,1992-09-02,195,88,2.0,Aston Villa,English Premier League,1.0,GK,1.0,,2020-09-16,2024.0,52,Argentina,1369.0,GK,23.0,Right,4,1,3,Medium/Medium,Stocky (185+),Yes,66200000.0,,"GK Long Throw, Team Player, Comes For Crosses",,,,,,,22,16,26,50,13,13,22,20,51,35,59,57,49,80,49,62,60,40,70,16,37,13,12,66,42,60,11,20,20,85,83,82,83,85,58.0,36+3,36+3,36+3,35,37,37,37,35,40+3,40+3,40+3,38+3,42+3,42+3,42+3,38+3,33+3,37+3,37+3,37+3,33+3,33+3,32+3,32+3,32+3,33+3,83+2,https://cdn.sofifa.net/players/202/811/22_120.png,https://cdn.sofifa.net/teams/2/60.png,https://cdn.sofifa.net/flags/gb-eng.png,https://cdn.sofifa.net/teams/1369/60.png,https://cdn.sofifa.net/flags/ar.png
224334,M. Acuña,Marcos Javier Acuña,"LB, LM",84,84,29,Argentina,LB,8.0,Sevilla FC,Spain Primera Division,37000000.0,45000.0,76.0,74.0,82.0,87.0,79.0,82.0,224334,https://sofifa.com/player/224334/marcos-acuna/220002,M. Acuña,"LB, LM",84,84,37000000.0,45000.0,29,1991-10-28,172,69,481.0,Sevilla FC,Spain Primera Division,1.0,LB,19.0,,2020-09-14,2024.0,52,Argentina,1369.0,LB,8.0,Left,3,4,2,High/High,Stocky (170-185),No,77700000.0,"#Dribbler, #Engine, #Crosser","Flair, Long Passer (AI), Outside Foot Shot",76.0,74.0,82.0,87.0,79.0,82.0,87,66,58,82,68,87,88,75,78,88,77,76,83,83,90,82,63,90,80,81,84,79,81,82,76,87,80,84,82,8,14,13,13,14,,77+2,77+2,77+2,82,81,81,81,82,82+2,82+2,82+2,83+1,83+1,83+1,83+1,83+1,83+1,82+2,82+2,82+2,83+1,82+2,79+2,79+2,79+2,82+2,20+2,https://cdn.sofifa.net/players/224/334/22_120.png,https://cdn.sofifa.net/teams/481/60.png,https://cdn.sofifa.net/flags/es.png,https://cdn.sofifa.net/teams/1369/60.png,https://cdn.sofifa.net/flags/ar.png
214997,Á. Correa,Ángel Martín Correa,"ST, RM",83,86,26,Argentina,SUB,26.0,Atlético de Madrid,Spain Primera Division,48000000.0,80000.0,85.0,83.0,78.0,87.0,49.0,74.0,214997,https://sofifa.com/player/214997/angel-correa/220002,Á. Correa,"ST, RM",83,86,48000000.0,80000.0,26,1995-03-09,171,70,240.0,Atlético de Madrid,Spain Primera Division,1.0,SUB,10.0,,2014-12-13,2024.0,52,Argentina,1369.0,SUB,26.0,Right,4,4,2,High/Medium,Normal (170-185),Yes,102000000.0,"#Dribbler, #Acrobat","Flair, Technical Dribbler (AI)",85.0,83.0,78.0,87.0,49.0,74.0,75,85,69,82,80,88,82,65,66,87,86,85,90,84,87,83,49,82,71,86,79,48,84,84,55,76,42,53,44,13,10,9,8,16,,83+2,83+2,83+2,85,85,85,85,85,84+2,84+2,84+2,83+2,79+2,79+2,79+2,83+2,69+2,67+2,67+2,67+2,69+2,66+2,60+2,60+2,60+2,66+2,20+2,https://cdn.sofifa.net/players/214/997/22_120.png,https://cdn.sofifa.net/teams/240/60.png,https://cdn.sofifa.net/flags/es.png,https://cdn.sofifa.net/teams/1369/60.png,https://cdn.sofifa.net/flags/ar.png
211256,N. Tagliafico,Nicolás Alejandro Tagliafico,LB,82,82,28,Argentina,SUB,3.0,Ajax,Holland Eredivisie,27500000.0,24000.0,80.0,55.0,73.0,76.0,81.0,81.0,211256,https://sofifa.com/player/211256/nicolas-tagliafico/220002,N. Tagliafico,LB,82,82,27500000.0,24000.0,28,1992-08-31,172,65,245.0,Ajax,Holland Eredivisie,1.0,SUB,31.0,,2018-01-05,2023.0,52,Argentina,1369.0,SUB,3.0,Left,2,3,3,High/High,Normal (170-185),Yes,38500000.0,#Engine,"Solid Player, Dives Into Tackles (AI), Power Header, Team Player",80.0,55.0,73.0,76.0,81.0,81.0,76,55,82,77,44,73,66,40,75,77,79,81,77,81,81,65,90,89,75,46,84,80,69,69,46,77,81,80,80,13,9,10,15,16,,70+3,70+3,70+3,72,71,71,71,72,72+3,72+3,72+3,75+3,75+3,75+3,75+3,75+3,80+2,79+3,79+3,79+3,80+2,80+2,80+2,80+2,80+2,80+2,21+3,https://cdn.sofifa.net/players/211/256/22_120.png,https://cdn.sofifa.net/teams/245/60.png,https://cdn.sofifa.net/flags/nl.png,https://cdn.sofifa.net/teams/1369/60.png,https://cdn.sofifa.net/flags/ar.png
212616,R. De Paul,Rodrigo Javier De Paul,"CM, CF",82,83,27,Argentina,RCM,7.0,Atlético de Madrid,Spain Primera Division,35000000.0,68000.0,78.0,76.0,80.0,82.0,71.0,79.0,212616,https://sofifa.com/player/212616/rodrigo-javier-de-paul/220002,R. De Paul,"CM, CF",82,83,35000000.0,68000.0,27,1994-05-24,180,70,240.0,Atlético de Madrid,Spain Primera Division,1.0,SUB,5.0,,2021-07-12,2026.0,52,Argentina,1369.0,RCM,7.0,Right,3,4,1,High/Medium,Normal (170-185),No,74400000.0,,"Finesse Shot, Long Passer (AI), Long Shot Taker (AI), Playmaker (AI), Technical Dribbler (AI)",78.0,76.0,80.0,82.0,71.0,79.0,69,76,50,85,70,81,84,73,81,85,81,76,78,81,79,80,67,86,81,78,69,74,78,80,65,80,68,79,69,13,12,10,7,14,,77+2,77+2,77+2,80,80,80,80,80,81+2,81+2,81+2,80+2,82+1,82+1,82+1,80+2,77+2,79+2,79+2,79+2,77+2,76+2,73+2,73+2,73+2,76+2,19+2,https://cdn.sofifa.net/players/212/616/22_120.png,https://cdn.sofifa.net/teams/240/60.png,https://cdn.sofifa.net/flags/es.png,https://cdn.sofifa.net/teams/1369/60.png,https://cdn.sofifa.net/flags/ar.png
232488,C. Romero,Cristian Gabriel Romero,CB,82,87,23,Argentina,RCB,13.0,Tottenham Hotspur,English Premier League,41500000.0,51000.0,76.0,46.0,52.0,61.0,83.0,84.0,232488,https://sofifa.com/player/232488/cristian-romero/220002,C. Romero,CB,82,87,41500000.0,51000.0,23,1998-04-27,185,79,18.0,Tottenham Hotspur,English Premier League,1.0,SUB,4.0,Atalanta,,2022.0,52,Argentina,1369.0,RCB,13.0,Right,2,3,3,Low/High,Normal (185+),No,,,Dives Into Tackles (AI),76.0,46.0,52.0,61.0,83.0,84.0,39,48,83,69,53,50,43,38,49,68,80,73,72,81,68,51,86,83,82,37,89,80,39,43,40,78,83,84,83,5,7,11,10,14,,60+3,60+3,60+3,57,58,58,58,57,58+3,58+3,58+3,59+3,61+3,61+3,61+3,59+3,73+3,74+3,74+3,74+3,73+3,76+3,82+3,82+3,82+3,76+3,17+3,https://cdn.sofifa.net/players/232/488/22_120.png,https://cdn.sofifa.net/teams/18/60.png,https://cdn.sofifa.net/flags/gb-eng.png,https://cdn.sofifa.net/teams/1369/60.png,https://cdn.sofifa.net/flags/ar.png
192366,N. Otamendi,Nicolás Hernán Gonzalo Otamendi,CB,81,81,33,Argentina,LCB,19.0,SL Benfica,Portuguese Liga ZON SAGRES,12500000.0,18000.0,63.0,57.0,62.0,59.0,83.0,81.0,192366,https://sofifa.com/player/192366/nicolas-otamendi/220002,N. Otamendi,CB,81,81,12500000.0,18000.0,33,1988-02-12,183,76,234.0,SL Benfica,Portuguese Liga ZON SAGRES,1.0,CB,30.0,,2020-09-29,2023.0,52,Argentina,1369.0,LCB,19.0,Right,3,2,3,Medium/High,Normal (170-185),Yes,25000000.0,,"Solid Player, Dives Into Tackles (AI), Leadership, Power Header",63.0,57.0,62.0,59.0,83.0,81.0,52,54,79,73,57,51,50,39,70,66,60,65,58,79,58,69,88,75,80,56,90,84,48,53,45,79,84,83,80,12,5,8,11,12,,63+3,63+3,63+3,59,61,61,61,59,61+3,61+3,61+3,61+3,67+3,67+3,67+3,61+3,72+3,77+3,77+3,77+3,72+3,75+3,81,81,81,75+3,17+3,https://cdn.sofifa.net/players/192/366/22_120.png,https://cdn.sofifa.net/teams/234/60.png,https://cdn.sofifa.net/flags/pt.png,https://cdn.sofifa.net/teams/1369/60.png,https://cdn.sofifa.net/flags/ar.png
207439,L. Paredes,Leandro Daniel Paredes,"CDM, CM",81,83,27,Argentina,CDM,5.0,Paris Saint-Germain,French Ligue 1,28000000.0,81000.0,66.0,71.0,83.0,79.0,76.0,79.0,207439,https://sofifa.com/player/207439/leandro-paredes/220002,L. Paredes,"CDM, CM",81,83,28000000.0,81000.0,27,1994-06-29,180,75,73.0,Paris Saint-Germain,French Ligue 1,1.0,SUB,8.0,,2019-01-29,2023.0,52,Argentina,1369.0,CDM,5.0,Right,4,4,2,Medium/Medium,Normal (170-185),Yes,53900000.0,,"Power Free-Kick, Dives Into Tackles (AI), Flair, Long Passer (AI), Long Shot Taker (AI), Outside Foot Shot",66.0,71.0,83.0,79.0,76.0,79.0,79,61,60,84,71,79,80,78,85,81,67,66,71,78,75,88,66,79,77,77,89,75,76,84,64,84,79,78,80,9,14,6,9,10,,73+2,73+2,73+2,76,76,76,76,76,78+2,78+2,78+2,77+2,81+2,81+2,81+2,77+2,78+2,80+2,80+2,80+2,78+2,77+2,77+2,77+2,77+2,77+2,18+2,https://cdn.sofifa.net/players/207/439/22_120.png,https://cdn.sofifa.net/teams/73/60.png,https://cdn.sofifa.net/flags/fr.png,https://cdn.sofifa.net/teams/1369/60.png,https://cdn.sofifa.net/flags/ar.png
214979,J. Musso,Juan Agustín Musso,GK,81,83,27,Argentina,SUB,12.0,Atalanta,Italian Serie A,23500000.0,44000.0,,,,,,,214979,https://sofifa.com/player/214979/juan-musso/220002,J. Musso,GK,81,83,23500000.0,44000.0,27,1994-05-06,191,93,39.0,Atalanta,Italian Serie A,1.0,GK,1.0,,2021-07-02,2025.0,52,Argentina,1369.0,SUB,12.0,Right,3,1,1,Medium/Medium,Normal (185+),No,41700000.0,,,,,,,,,20,18,15,31,15,16,16,12,24,20,46,42,32,71,39,55,51,35,70,14,27,18,19,48,25,67,12,14,16,82,78,73,82,86,44.0,31+2,31+2,31+2,29,31,31,31,29,30+2,30+2,30+2,30+2,30+2,30+2,30+2,30+2,27+2,28+2,28+2,28+2,27+2,27+2,27+2,27+2,27+2,27+2,80+2,https://cdn.sofifa.net/players/214/979/22_120.png,https://cdn.sofifa.net/teams/39/60.png,https://cdn.sofifa.net/flags/it.png,https://cdn.sofifa.net/teams/1369/60.png,https://cdn.sofifa.net/flags/ar.png
215330,J. Correa,Carlos Joaquín Correa,"CF, ST, CAM",81,82,26,Argentina,SUB,16.0,Inter,Italian Serie A,31000000.0,76000.0,84.0,75.0,77.0,85.0,39.0,69.0,215330,https://sofifa.com/player/215330/joaquin-correa/220002,J. Correa,"CF, ST, CAM",81,82,31000000.0,76000.0,26,1994-08-13,189,75,44.0,Inter,Italian Serie A,1.0,SUB,19.0,Lazio,,2022.0,52,Argentina,1369.0,SUB,16.0,Right,4,4,1,Medium/Medium,Normal (185+),Yes,,,"Finesse Shot, Flair, Technical Dribbler (AI)",84.0,75.0,77.0,85.0,39.0,69.0,74,77,68,81,75,88,81,63,74,86,81,87,83,80,67,79,63,76,74,71,48,36,79,78,57,73,39,37,26,11,10,7,8,8,,79+2,79+2,79+2,81,81,81,81,81,81+1,81+1,81+1,81+1,75+2,75+2,75+2,81+1,63+2,60+2,60+2,60+2,63+2,59+2,52+2,52+2,52+2,59+2,17+2,https://cdn.sofifa.net/players/215/330/22_120.png,https://cdn.sofifa.net/teams/44/60.png,https://cdn.sofifa.net/flags/it.png,https://cdn.sofifa.net/teams/1369/60.png,https://cdn.sofifa.net/flags/ar.png
226226,G. Lo Celso,Giovani Lo Celso,"CM, CAM",81,85,25,Argentina,LCM,20.0,Tottenham Hotspur,English Premier League,35500000.0,95000.0,75.0,76.0,82.0,83.0,69.0,73.0,226226,https://sofifa.com/player/226226/giovani-lo-celso/220002,G. Lo Celso,"CM, CAM",81,85,35500000.0,95000.0,25,1996-04-09,177,68,18.0,Tottenham Hotspur,English Premier League,1.0,SUB,18.0,,2020-07-27,2025.0,52,Argentina,1369.0,LCM,20.0,Left,3,4,1,High/High,Normal (170-185),Yes,70100000.0,,"Finesse Shot, Flair, Long Shot Taker (AI), Speed Dribbler (AI), Playmaker (AI), Outside Foot Shot, Technical Dribbler (AI)",75.0,76.0,82.0,83.0,69.0,73.0,79,75,60,84,69,83,82,79,83,85,76,75,83,82,80,82,57,76,70,75,82,70,76,83,65,80,64,75,68,10,7,10,15,14,,77+2,77+2,77+2,80,80,80,80,80,81+2,81+2,81+2,81+2,81+2,81+2,81+2,81+2,76+2,77+2,77+2,77+2,76+2,74+2,71+2,71+2,71+2,74+2,19+2,https://cdn.sofifa.net/players/226/226/22_120.png,https://cdn.sofifa.net/teams/18/60.png,https://cdn.sofifa.net/flags/gb-eng.png,https://cdn.sofifa.net/teams/1369/60.png,https://cdn.sofifa.net/flags/ar.png
214584,F. Armani,Franco Armani,GK,80,80,34,Argentina,SUB,1.0,River Plate,Argentina Primera División,3600000.0,17000.0,,,,,,,214584,https://sofifa.com/player/214584/franco-armani/220002,F. Armani,GK,80,80,3600000.0,17000.0,34,1986-10-16,189,88,1876.0,River Plate,Argentina Primera División,1.0,GK,1.0,,2018-01-12,2023.0,52,Argentina,1369.0,SUB,1.0,Right,3,1,1,Medium/Medium,Normal (185+),No,5000000.0,,"Leadership, Cautious With Crosses",,,,,,,18,11,19,35,18,19,15,16,29,35,41,45,37,77,39,50,67,35,81,17,45,21,17,55,20,55,15,13,19,78,76,67,79,85,43.0,33+2,33+2,33+2,31,34,34,34,31,35+2,35+2,35+2,33+2,35+2,35+2,35+2,33+2,30+2,33+2,33+2,33+2,30+2,29+2,32+2,32+2,32+2,29+2,79+1,https://cdn.sofifa.net/players/214/584/22_120.png,https://cdn.sofifa.net/teams/1876/60.png,https://cdn.sofifa.net/flags/ar.png,https://cdn.sofifa.net/teams/1369/60.png,https://cdn.sofifa.net/flags/ar.png
239301,L. Martínez,Lisandro Martínez,"CB, LB, CDM",79,85,23,Argentina,SUB,25.0,Ajax,Holland Eredivisie,25000000.0,16000.0,71.0,58.0,73.0,76.0,79.0,80.0,239301,https://sofifa.com/player/239301/lisandro-martinez/220002,L. Martínez,"CB, LB, CDM",79,85,25000000.0,16000.0,23,1998-01-18,178,77,245.0,Ajax,Holland Eredivisie,1.0,LCB,21.0,,2019-07-01,2023.0,52,Argentina,1369.0,SUB,25.0,Left,3,3,2,Medium/High,Normal (170-185),No,40000000.0,,Solid Player,71.0,58.0,73.0,76.0,79.0,80.0,70,52,74,77,52,74,63,53,79,78,74,68,72,77,79,68,88,83,76,63,84,79,62,73,55,81,81,81,76,6,14,13,14,8,,68+2,68+2,68+2,70,70,70,70,70,72+2,72+2,72+2,73+2,75+2,75+2,75+2,73+2,77+2,79+2,79+2,79+2,77+2,77+2,79+2,79+2,79+2,77+2,18+2,https://cdn.sofifa.net/players/239/301/22_120.png,https://cdn.sofifa.net/teams/245/60.png,https://cdn.sofifa.net/flags/nl.png,https://cdn.sofifa.net/teams/1369/60.png,https://cdn.sofifa.net/flags/ar.png
225659,G. Rodríguez,Guido Rodríguez,"CDM, CM",78,79,26,Argentina,SUB,18.0,Real Betis Balompié,Spain Primera Division,15000000.0,24000.0,54.0,56.0,66.0,66.0,80.0,77.0,225659,https://sofifa.com/player/225659/guido-rodriguez/220002,G. Rodríguez,"CDM, CM",78,79,15000000.0,24000.0,26,1995-04-11,185,80,449.0,Real Betis Balompié,Spain Primera Division,1.0,RDM,21.0,,2020-01-14,2024.0,52,Argentina,1369.0,SUB,18.0,Right,4,2,1,Medium/High,Lean (185+),Yes,32600000.0,,"Dives Into Tackles (AI), Long Shot Taker (AI), Outside Foot Shot",54.0,56.0,66.0,66.0,80.0,77.0,59,43,73,75,47,63,49,42,72,75,53,55,49,75,50,77,42,77,79,69,83,82,56,65,53,70,82,81,77,12,11,14,16,6,,64+2,64+2,64+2,62,64,64,64,62,65+2,65+2,65+2,65+2,71+2,71+2,71+2,65+2,73+2,77+2,77+2,77+2,73+2,73+2,77+2,77+2,77+2,73+2,18+2,https://cdn.sofifa.net/players/225/659/22_120.png,https://cdn.sofifa.net/teams/449/60.png,https://cdn.sofifa.net/flags/es.png,https://cdn.sofifa.net/teams/1369/60.png,https://cdn.sofifa.net/flags/ar.png
231340,G. Montiel,Gonzalo Ariel Montiel,"RB, RWB",78,84,24,Argentina,RB,4.0,Sevilla FC,Spain Primera Division,21000000.0,23000.0,86.0,53.0,70.0,74.0,73.0,81.0,231340,https://sofifa.com/player/231340/gonzalo-montiel/220002,G. Montiel,"RB, RWB",78,84,21000000.0,23000.0,24,1997-01-01,175,70,481.0,Sevilla FC,Spain Primera Division,1.0,SUB,2.0,,2021-08-13,2026.0,52,Argentina,1369.0,RB,4.0,Right,3,3,1,High/Medium,Normal (170-185),No,48300000.0,,"Long Throw-in, Dives Into Tackles (AI)",86.0,53.0,70.0,74.0,73.0,81.0,72,41,71,76,41,71,59,39,66,75,87,85,82,75,71,65,80,93,73,59,87,73,77,70,75,75,73,73,73,6,10,11,5,6,,67+2,67+2,67+2,72,71,71,71,72,72+2,72+2,72+2,74+2,73+2,73+2,73+2,74+2,77+2,75+2,75+2,75+2,77+2,76+2,75+2,75+2,75+2,76+2,14+2,https://cdn.sofifa.net/players/231/340/22_120.png,https://cdn.sofifa.net/teams/481/60.png,https://cdn.sofifa.net/flags/es.png,https://cdn.sofifa.net/teams/1369/60.png,https://cdn.sofifa.net/flags/ar.png
231521,E. Palacios,Exequiel Alejandro Palacios,"CM, CDM, CAM",77,83,22,Argentina,SUB,14.0,Bayer 04 Leverkusen,German 1. Bundesliga,17000000.0,41000.0,55.0,73.0,74.0,77.0,72.0,71.0,231521,https://sofifa.com/player/231521/exequiel-palacios/220002,E. Palacios,"CM, CDM, CAM",77,83,17000000.0,41000.0,22,1998-10-05,177,67,32.0,Bayer 04 Leverkusen,German 1. Bundesliga,1.0,SUB,25.0,,2020-01-01,2025.0,52,Argentina,1369.0,SUB,14.0,Right,4,4,2,High/High,Lean (170-185),No,32300000.0,,"Dives Into Tackles (AI), Long Passer (AI), Long Shot Taker (AI)",55.0,73.0,74.0,77.0,72.0,71.0,67,70,59,80,63,76,68,47,78,80,74,39,78,69,79,81,70,83,63,76,78,72,67,78,63,78,73,76,74,10,5,8,9,6,,70+2,70+2,70+2,72,73,73,73,72,75+2,75+2,75+2,73+2,77+2,77+2,77+2,73+2,73+2,76+2,76+2,76+2,73+2,71+2,71+2,71+2,71+2,71+2,14+2,https://cdn.sofifa.net/players/231/521/22_120.png,https://cdn.sofifa.net/teams/32/60.png,https://cdn.sofifa.net/flags/de.png,https://cdn.sofifa.net/teams/1369/60.png,https://cdn.sofifa.net/flags/ar.png
237221,J. Foyth,Juan Marcos Foyth,"CB, RB, CDM",75,83,23,Argentina,SUB,28.0,Villarreal CF,Spain Primera Division,11500000.0,22000.0,66.0,45.0,67.0,72.0,76.0,73.0,237221,https://sofifa.com/player/237221/juan-foyth/220002,J. Foyth,"CB, RB, CDM",75,83,11500000.0,22000.0,23,1998-01-12,187,69,483.0,Villarreal CF,Spain Primera Division,1.0,SUB,8.0,,2021-07-01,2026.0,52,Argentina,1369.0,SUB,28.0,Right,3,3,1,Medium/High,Lean (185+),Yes,26500000.0,,Dives Into Tackles (AI),66.0,45.0,67.0,72.0,76.0,73.0,69,43,73,74,43,71,61,47,66,76,66,66,70,73,67,56,74,72,74,39,73,74,50,62,47,65,77,78,75,8,15,7,14,9,,61+2,61+2,61+2,65,63,63,63,65,65+2,65+2,65+2,67+2,68+2,68+2,68+2,67+2,73+2,73+2,73+2,73+2,73+2,73+2,75+2,75+2,75+2,73+2,18+2,https://cdn.sofifa.net/players/237/221/22_120.png,https://cdn.sofifa.net/teams/483/60.png,https://cdn.sofifa.net/flags/es.png,https://cdn.sofifa.net/teams/1369/60.png,https://cdn.sofifa.net/flags/ar.png
210602,S. Al Dawsari,Salem Mohammed Al-Dawsari,"LM, RM",76,76,29,Saudi Arabia,,,Al Hilal,Saudi Abdul L. Jameel League,7500000.0,38000.0,83.0,70.0,69.0,80.0,48.0,78.0,210602,https://sofifa.com/player/210602/salem-al-dawsari/220002,S. Al Dawsari,"LM, RM",76,76,7500000.0,38000.0,29,1991-08-19,171,72,605.0,Al Hilal,Saudi Abdul L. Jameel League,1.0,LM,29.0,,2011-07-01,2022.0,183,Saudi Arabia,,,,Right,5,4,1,High/High,Stocky (170-185),No,12800000.0,,"Flair, Speed Dribbler (AI), Chip Shot (AI), Technical Dribbler (AI)",83.0,70.0,69.0,80.0,48.0,78.0,69,68,58,70,69,82,67,60,65,78,82,83,82,72,76,72,44,85,76,74,81,47,72,71,62,76,55,39,49,7,12,13,14,10,,72+2,72+2,72+2,75,74,74,74,75,74+2,74+2,74+2,75+1,70+2,70+2,70+2,75+1,65+2,63+2,63+2,63+2,65+2,63+2,58+2,58+2,58+2,63+2,18+2,https://cdn.sofifa.net/players/210/602/22_120.png,https://cdn.sofifa.net/teams/605/60.png,https://cdn.sofifa.net/flags/sa.png,,https://cdn.sofifa.net/flags/sa.png
210603,Y. Al Shahrani,Yasir Gharsan Al-Shahrani,"LB, RB",75,75,29,Saudi Arabia,,,Al Hilal,Saudi Abdul L. Jameel League,4900000.0,33000.0,90.0,54.0,67.0,73.0,70.0,66.0,210603,https://sofifa.com/player/210603/yasser-al-shahrani/220002,Y. Al Shahrani,"LB, RB",75,75,4900000.0,33000.0,29,1992-05-25,170,64,605.0,Al Hilal,Saudi Abdul L. Jameel League,1.0,LB,12.0,,2012-07-01,2025.0,183,Saudi Arabia,,,,Right,5,3,1,High/High,Lean (170-),Yes,8300000.0,"#Speedster, #Engine","Early Crosser, Speed Dribbler (AI)",90.0,54.0,67.0,73.0,70.0,66.0,66,42,59,71,55,72,68,54,64,71,92,88,88,69,73,68,65,88,56,64,64,73,69,64,52,65,70,70,70,13,15,14,9,8,,64+2,64+2,64+2,70,68,68,68,70,69+2,69+2,69+2,71+2,69+2,69+2,69+2,71+2,74+1,70+2,70+2,70+2,74+1,73+2,68+2,68+2,68+2,73+2,18+2,https://cdn.sofifa.net/players/210/603/22_120.png,https://cdn.sofifa.net/teams/605/60.png,https://cdn.sofifa.net/flags/sa.png,,https://cdn.sofifa.net/flags/sa.png
191269,S. Al Faraj,Salman Mohammed Al-Faraj,"CM, CDM, CAM",73,73,31,Saudi Arabia,,,Al Hilal,Saudi Abdul L. Jameel League,2500000.0,30000.0,63.0,65.0,77.0,73.0,68.0,65.0,191269,https://sofifa.com/player/191269/salman-al-faraj/220002,S. Al Faraj,"CM, CDM, CAM",73,73,2500000.0,30000.0,31,1989-08-01,181,64,605.0,Al Hilal,Saudi Abdul L. Jameel League,1.0,LDM,7.0,,2008-07-01,2025.0,183,Saudi Arabia,,,,Left,3,3,1,Medium/Medium,Lean (170-185),Yes,4300000.0,,"Injury Prone, Flair, Long Passer (AI), Playmaker (AI), Outside Foot Shot, Technical Dribbler (AI)",63.0,65.0,77.0,73.0,68.0,65.0,74,63,57,78,70,68,82,66,80,77,61,64,81,67,68,72,61,60,66,62,70,69,68,76,66,81,68,73,57,13,16,11,15,11,,67+2,67+2,67+2,70,69,69,69,70,72+1,72+1,72+1,71+2,73,73,73,71+2,68+2,71+2,71+2,71+2,68+2,67+2,67+2,67+2,67+2,67+2,19+2,https://cdn.sofifa.net/players/191/269/22_120.png,https://cdn.sofifa.net/teams/605/60.png,https://cdn.sofifa.net/flags/sa.png,,https://cdn.sofifa.net/flags/sa.png
221370,M. Al Buraik,Mohammed Ibrahim Al Burayk,RB,72,72,28,Saudi Arabia,,,Al Hilal,Saudi Abdul L. Jameel League,2100000.0,25000.0,80.0,57.0,71.0,69.0,64.0,67.0,221370,https://sofifa.com/player/221370/mohammed-al-buraik/220002,M. Al Buraik,RB,72,72,2100000.0,25000.0,28,1992-09-15,173,61,605.0,Al Hilal,Saudi Abdul L. Jameel League,1.0,RB,2.0,,2014-07-01,2022.0,183,Saudi Arabia,,,,Right,3,3,1,High/Medium,Lean (170-185),No,3600000.0,,"Power Free-Kick, Early Crosser",80.0,57.0,71.0,69.0,64.0,67.0,78,55,54,69,43,69,70,69,68,72,76,84,65,64,74,64,81,84,60,53,60,65,76,71,55,65,65,65,69,10,9,10,7,9,,65+2,65+2,65+2,70,68,68,68,70,69+2,69+2,69+2,72,69+2,69+2,69+2,72,72,68+2,68+2,68+2,72,70+2,65+2,65+2,65+2,70+2,15+2,https://cdn.sofifa.net/players/221/370/22_120.png,https://cdn.sofifa.net/teams/605/60.png,https://cdn.sofifa.net/flags/sa.png,,https://cdn.sofifa.net/flags/sa.png
232477,S. Al Ghannam,Sultan Abdullah Al-Ghannam,RB,72,73,27,Saudi Arabia,,,Al Nassr,Saudi Abdul L. Jameel League,2500000.0,24000.0,81.0,58.0,69.0,71.0,66.0,68.0,232477,https://sofifa.com/player/232477/sultan-al-ghannam/220002,S. Al Ghannam,RB,72,73,2500000.0,24000.0,27,1994-05-06,170,62,112139.0,Al Nassr,Saudi Abdul L. Jameel League,1.0,RB,2.0,,2018-06-01,2022.0,183,Saudi Arabia,,,,Right,4,3,1,High/Medium,Lean (170-),No,4400000.0,,"Early Crosser, Speed Dribbler (AI)",81.0,58.0,69.0,71.0,66.0,68.0,77,56,58,70,56,72,68,43,65,68,80,81,75,64,84,65,56,81,62,57,69,67,68,67,52,63,65,68,64,9,15,10,8,12,,65+2,65+2,65+2,69,67,67,67,69,68+2,68+2,68+2,71+2,68+2,68+2,68+2,71+2,71+2,68+2,68+2,68+2,71+2,70+2,65+2,65+2,65+2,70+2,17+2,https://cdn.sofifa.net/players/232/477/22_120.png,https://cdn.sofifa.net/teams/112139/60.png,https://cdn.sofifa.net/flags/sa.png,,https://cdn.sofifa.net/flags/sa.png
241197,A. Al Amri,Abdulelah Ali Al-Amri,CB,72,79,24,Saudi Arabia,,,Al Nassr,Saudi Abdul L. Jameel League,4400000.0,21000.0,71.0,28.0,47.0,45.0,69.0,83.0,241197,https://sofifa.com/player/241197/abdulelah-al-amri/220002,A. Al Amri,CB,72,79,4400000.0,21000.0,24,1997-01-15,185,75,112139.0,Al Nassr,Saudi Abdul L. Jameel League,1.0,RCB,5.0,,2015-12-03,2024.0,183,Saudi Arabia,,,,Right,3,2,1,Medium/Medium,Lean (185+),No,8400000.0,,"Long Passer (AI), Power Header",71.0,28.0,47.0,45.0,69.0,83.0,33,20,79,57,21,37,29,32,62,48,65,76,55,67,52,45,92,78,82,22,87,70,38,41,45,52,66,69,69,11,8,13,9,12,,48+2,48+2,48+2,45,46,46,46,45,46+2,46+2,46+2,49+2,53+2,53+2,53+2,49+2,61+2,65+2,65+2,65+2,61+2,65+2,72+2,72+2,72+2,65+2,16+2,https://cdn.sofifa.net/players/241/197/22_120.png,https://cdn.sofifa.net/teams/112139/60.png,https://cdn.sofifa.net/flags/sa.png,,https://cdn.sofifa.net/flags/sa.png
210926,A. Ateef,Abdullah Ibrahim Otayf,"CDM, CM",71,71,28,Saudi Arabia,,,Al Hilal,Saudi Abdul L. Jameel League,1600000.0,22000.0,34.0,46.0,74.0,67.0,68.0,58.0,210926,https://sofifa.com/player/210926/abdullah-ateef/220002,A. Ateef,"CDM, CM",71,71,1600000.0,22000.0,28,1992-08-03,176,68,605.0,Al Hilal,Saudi Abdul L. Jameel League,1.0,SUB,8.0,,2013-02-11,2023.0,183,Saudi Arabia,,,,Right,3,2,1,Low/Medium,Lean (170-185),No,2700000.0,,"Injury Prone, Long Passer (AI)",34.0,46.0,74.0,67.0,68.0,58.0,70,41,47,75,34,63,65,53,79,75,34,34,64,68,52,49,63,56,62,47,47,71,65,80,58,80,72,70,60,11,12,6,7,11,,55+2,55+2,55+2,61,61,61,61,61,66+2,66+2,66+2,64+2,71,71,71,64+2,65+2,70+1,70+1,70+1,65+2,63+2,64+2,64+2,64+2,63+2,16+2,https://cdn.sofifa.net/players/210/926/22_120.png,https://cdn.sofifa.net/teams/605/60.png,https://cdn.sofifa.net/flags/sa.png,,https://cdn.sofifa.net/flags/sa.png
224962,M. Al Kuwaykibi,Mohammed Marzouq Al-Kuwaykibi Al-Ruwaili,RM,71,72,26,Saudi Arabia,,,Ettifaq FC,Saudi Abdul L. Jameel League,2200000.0,19000.0,87.0,66.0,64.0,74.0,27.0,54.0,224962,https://sofifa.com/player/224962/mohammed-al-kuwaykibi/220002,M. Al Kuwaykibi,RM,71,72,2200000.0,19000.0,26,1994-12-02,169,64,112096.0,Ettifaq FC,Saudi Abdul L. Jameel League,1.0,RM,7.0,,2016-06-13,2024.0,183,Saudi Arabia,,,,Left,3,4,1,High/Medium,Lean (170-),No,3800000.0,#Acrobat,"Injury Prone, Flair, Technical Dribbler (AI)",87.0,66.0,64.0,74.0,27.0,54.0,67,65,42,63,68,75,69,59,61,70,92,82,93,58,93,68,79,72,50,69,36,24,66,65,56,57,29,22,24,7,13,10,7,12,,65+2,65+2,65+2,71,69,69,69,71,69+2,69+2,69+2,70+2,61+2,61+2,61+2,70+2,53+2,47+2,47+2,47+2,53+2,49+2,38+2,38+2,38+2,49+2,15+2,https://cdn.sofifa.net/players/224/962/22_120.png,https://cdn.sofifa.net/teams/112096/60.png,https://cdn.sofifa.net/flags/sa.png,,https://cdn.sofifa.net/flags/sa.png
210923,M. Al Owais,Mohammed Al Owais,GK,70,70,29,Saudi Arabia,,,Al Ahli,Saudi Abdul L. Jameel League,1100000.0,16000.0,,,,,,,210923,https://sofifa.com/player/210923/mohammed-al-owais/220002,M. Al Owais,GK,70,70,1100000.0,16000.0,29,1991-10-10,187,79,112387.0,Al Ahli,Saudi Abdul L. Jameel League,1.0,GK,33.0,,2017-07-27,2022.0,183,Saudi Arabia,,,,Left,3,1,1,Medium/Medium,Lean (185+),No,1900000.0,,Comes For Crosses,,,,,,,14,20,20,27,12,14,16,16,26,17,44,49,37,67,61,42,74,35,62,12,17,24,10,65,19,57,13,20,13,74,64,56,68,74,46.0,28+2,28+2,28+2,27,29,29,29,27,31+2,31+2,31+2,29+2,31+2,31+2,31+2,29+2,27+2,28+2,28+2,28+2,27+2,27+2,28+2,28+2,28+2,27+2,69+1,https://cdn.sofifa.net/players/210/923/22_120.png,https://cdn.sofifa.net/teams/112387/60.png,https://cdn.sofifa.net/flags/sa.png,,https://cdn.sofifa.net/flags/sa.png
220075,M. Kanno,Mohammed Ibrahim Kanoo,"CM, CDM",70,73,26,Saudi Arabia,,,Al Hilal,Saudi Abdul L. Jameel League,2100000.0,20000.0,72.0,69.0,68.0,70.0,67.0,75.0,220075,https://sofifa.com/player/220075/mohamed-kanno/220002,M. Kanno,"CM, CDM",70,73,2100000.0,20000.0,26,1994-09-22,191,67,605.0,Al Hilal,Saudi Abdul L. Jameel League,1.0,SUB,28.0,,2017-07-06,2022.0,183,Saudi Arabia,,,,Right,3,3,1,High/Medium,Lean (185+),No,3700000.0,,,72.0,69.0,68.0,70.0,67.0,75.0,66,66,67,72,56,70,56,52,70,72,70,74,73,66,61,76,65,79,76,72,68,66,68,66,62,67,68,69,62,10,15,9,13,11,,70+2,70+2,70+2,69,70,70,70,69,70+2,70+2,70+2,70+2,70+2,70+2,70+2,70+2,69+2,69+2,69+2,69+2,69+2,69+2,68+2,68+2,68+2,69+2,18+2,https://cdn.sofifa.net/players/220/075/22_120.png,https://cdn.sofifa.net/teams/605/60.png,https://cdn.sofifa.net/flags/sa.png,,https://cdn.sofifa.net/flags/sa.png
220895,A. Al Sulayhim,Abdulmajeed Mohammed Al-Sulaiheem,"CM, CDM",69,70,27,Saudi Arabia,,,Al Nassr,Saudi Abdul L. Jameel League,1600000.0,17000.0,73.0,60.0,67.0,75.0,58.0,64.0,220895,https://sofifa.com/player/220895/abdulmajeed-al-sulayhim/220002,A. Al Sulayhim,"CM, CDM",69,70,1600000.0,17000.0,27,1994-05-15,171,61,112139.0,Al Nassr,Saudi Abdul L. Jameel League,1.0,SUB,8.0,,2020-09-10,2023.0,183,Saudi Arabia,,,,Right,3,3,1,High/Medium,Lean (170-185),No,2800000.0,#Acrobat,"Flair, Technical Dribbler (AI)",73.0,60.0,67.0,75.0,58.0,64.0,56,61,53,72,46,74,70,62,69,71,78,68,92,68,89,62,79,78,58,59,59,60,66,68,50,66,56,60,59,8,15,11,9,14,,64+2,64+2,64+2,69,68,68,68,69,70,70,70,69+1,69+1,69+1,69+1,69+1,65+2,65+2,65+2,65+2,65+2,64+2,61+2,61+2,61+2,64+2,18+2,https://cdn.sofifa.net/players/220/895/22_120.png,https://cdn.sofifa.net/teams/112139/60.png,https://cdn.sofifa.net/flags/sa.png,,https://cdn.sofifa.net/flags/sa.png
230713,A. Al Malki,Abdulelah Saad Hameed Al-Malki,"CM, CDM",69,72,26,Saudi Arabia,,,Al Ittihad,Saudi Abdul L. Jameel League,1800000.0,17000.0,74.0,60.0,65.0,68.0,69.0,77.0,230713,https://sofifa.com/player/230713/abdulelah-al-malki/220002,A. Al Malki,"CM, CDM",69,72,1800000.0,17000.0,26,1994-10-11,174,70,607.0,Al Ittihad,Saudi Abdul L. Jameel League,1.0,RDM,88.0,,2019-07-02,2022.0,183,Saudi Arabia,,,,Right,3,2,1,Medium/Medium,Lean (170-185),No,3200000.0,,,74.0,60.0,65.0,68.0,69.0,77.0,56,59,56,71,47,68,51,43,72,70,72,75,65,68,72,69,70,84,74,60,75,70,57,65,45,56,67,74,70,12,8,12,12,6,,64+2,64+2,64+2,66,66,66,66,66,67+2,67+2,67+2,67+2,69+2,69+2,69+2,67+2,70+2,71+1,71+1,71+1,70+2,70+2,70+2,70+2,70+2,70+2,16+2,https://cdn.sofifa.net/players/230/713/22_120.png,https://cdn.sofifa.net/teams/607/60.png,https://cdn.sofifa.net/flags/sa.png,,https://cdn.sofifa.net/flags/sa.png
246688,S. Abdulhamid,Saud Abdullah Abdul Hamid,RB,69,77,21,Saudi Arabia,,,Al Ittihad,Saudi Abdul L. Jameel League,3000000.0,11000.0,84.0,44.0,58.0,66.0,61.0,65.0,246688,https://sofifa.com/player/246688/saud-abdulhamid/220002,S. Abdulhamid,RB,69,77,3000000.0,11000.0,21,1999-07-18,175,70,607.0,Al Ittihad,Saudi Abdul L. Jameel League,1.0,RB,66.0,,2018-01-10,2022.0,183,Saudi Arabia,,,,Right,3,2,1,Medium/Medium,Lean (170-185),No,5700000.0,,,84.0,44.0,58.0,66.0,61.0,65.0,67,41,49,64,35,67,45,43,58,61,83,85,80,62,84,50,64,85,59,43,55,65,65,46,43,49,60,64,62,5,9,6,12,14,,57+2,57+2,57+2,63,60,60,60,63,60+2,60+2,60+2,65+2,61+2,61+2,61+2,65+2,68+2,63+2,63+2,63+2,68+2,67+2,61+2,61+2,61+2,67+2,16+2,https://cdn.sofifa.net/players/246/688/22_120.png,https://cdn.sofifa.net/teams/607/60.png,https://cdn.sofifa.net/flags/sa.png,,https://cdn.sofifa.net/flags/sa.png
210140,A. Al Mayoof,Abdullah Ibrahim Al Maiouf,GK,68,68,34,Saudi Arabia,,,Al Hilal,Saudi Abdul L. Jameel League,210000.0,11000.0,,,,,,,210140,https://sofifa.com/player/210140/abdullah-al-mayoof/220002,A. Al Mayoof,GK,68,68,210000.0,11000.0,34,1987-01-23,189,92,605.0,Al Hilal,Saudi Abdul L. Jameel League,1.0,GK,1.0,,2016-07-16,2023.0,183,Saudi Arabia,,,,Right,3,1,1,Medium/Medium,Stocky (185+),No,357000.0,,"Long Passer (AI), Comes For Crosses",,,,,,,14,16,20,32,16,19,14,15,60,15,31,33,34,64,40,56,55,35,73,14,25,18,17,63,40,56,30,18,18,57,72,75,67,72,32.0,30+2,30+2,30+2,26,30,30,30,26,32+2,32+2,32+2,30+2,36+2,36+2,36+2,30+2,26+2,34+2,34+2,34+2,26+2,26+2,30+2,30+2,30+2,26+2,67+1,https://cdn.sofifa.net/players/210/140/22_120.png,https://cdn.sofifa.net/teams/605/60.png,https://cdn.sofifa.net/flags/sa.png,,https://cdn.sofifa.net/flags/sa.png
210202,S. Muwashar,Salman Mohammed Al-Moasher,"RM, LM, ST",68,68,32,Saudi Arabia,,,Al Ahli,Saudi Abdul L. Jameel League,950000.0,14000.0,89.0,64.0,62.0,71.0,30.0,67.0,210202,https://sofifa.com/player/210202/salman-muwashar/220002,S. Muwashar,"RM, LM, ST",68,68,950000.0,14000.0,32,1988-10-05,176,64,112387.0,Al Ahli,Saudi Abdul L. Jameel League,1.0,SUB,10.0,,2014-05-12,2023.0,183,Saudi Arabia,,,,Right,3,3,1,High/Medium,Lean (170-185),No,1600000.0,,Technical Dribbler (AI),89.0,64.0,62.0,71.0,30.0,67.0,64,62,39,62,62,70,72,65,55,67,88,90,89,59,88,70,77,73,64,64,63,26,62,61,66,59,24,34,30,7,11,6,12,9,,64+2,64+2,64+2,68,66,66,66,68,66+2,66+2,66+2,67+1,60+2,60+2,60+2,67+1,54+2,49+2,49+2,49+2,54+2,51+2,43+2,43+2,43+2,51+2,15+2,https://cdn.sofifa.net/players/210/202/22_120.png,https://cdn.sofifa.net/teams/112387/60.png,https://cdn.sofifa.net/flags/sa.png,,https://cdn.sofifa.net/flags/sa.png
211173,S. Al Shehri,Saleh Khalid Al-Shehri,ST,68,69,27,Saudi Arabia,,,Al Hilal,Saudi Abdul L. Jameel League,1400000.0,16000.0,65.0,67.0,48.0,63.0,27.0,74.0,211173,https://sofifa.com/player/211173/saleh-al-shehri/220002,S. Al Shehri,ST,68,69,1400000.0,16000.0,27,1993-11-01,183,77,605.0,Al Hilal,Saudi Abdul L. Jameel League,1.0,SUB,11.0,,2020-07-23,2024.0,183,Saudi Arabia,,,,Right,3,3,1,High/Medium,Lean (170-185),No,2500000.0,,,65.0,67.0,48.0,63.0,27.0,74.0,38,73,70,58,66,61,52,37,34,65,66,65,67,70,48,66,84,64,83,55,61,20,69,51,69,66,26,19,23,12,13,16,10,13,,68+1,68+1,68+1,62,64,64,64,62,61+2,61+2,61+2,60+2,53+2,53+2,53+2,60+2,45+2,44+2,44+2,44+2,45+2,43+2,44+2,44+2,44+2,43+2,19+2,https://cdn.sofifa.net/players/211/173/22_120.png,https://cdn.sofifa.net/teams/605/60.png,https://cdn.sofifa.net/flags/sa.png,,https://cdn.sofifa.net/flags/sa.png
221658,A. Sharahili,Ahmed Mohammed Sharahili,CB,68,69,27,Saudi Arabia,,,Al Shabab,Saudi Abdul L. Jameel League,1200000.0,12000.0,73.0,29.0,52.0,59.0,67.0,77.0,221658,https://sofifa.com/player/221658/ahmed-sharahili/220002,A. Sharahili,CB,68,69,1200000.0,12000.0,27,1994-05-08,185,77,111674.0,Al Shabab,Saudi Abdul L. Jameel League,1.0,LCB,20.0,,2019-07-08,2022.0,183,Saudi Arabia,,,,Left,2,2,1,Medium/Medium,Normal (185+),No,2100000.0,,,73.0,29.0,52.0,59.0,67.0,77.0,51,31,75,62,28,53,32,26,50,62,70,75,72,62,62,24,80,84,78,27,64,69,34,49,41,66,64,66,65,6,12,9,14,15,,50+2,50+2,50+2,53,51,51,51,53,53+2,53+2,53+2,56+2,56+2,56+2,56+2,56+2,65+2,64+2,64+2,64+2,65+2,66+2,68+1,68+1,68+1,66+2,17+2,https://cdn.sofifa.net/players/221/658/22_120.png,https://cdn.sofifa.net/teams/111674/60.png,https://cdn.sofifa.net/flags/sa.png,,https://cdn.sofifa.net/flags/sa.png
230802,H. Al Omari,Hassan Al Omari,"LM, CAM, RM",68,68,27,Saudi Arabia,,,Al Taawoun,Saudi Abdul L. Jameel League,1300000.0,10000.0,73.0,62.0,66.0,68.0,46.0,58.0,230802,https://sofifa.com/player/230802/hassan-al-omari/220002,H. Al Omari,"LM, CAM, RM",68,68,1300000.0,10000.0,27,1994-04-21,167,56,112393.0,Al Taawoun,Saudi Abdul L. Jameel League,1.0,LM,77.0,,2021-08-08,2024.0,183,Saudi Arabia,,,,Right,3,4,1,Medium/Low,Lean (170-),No,2100000.0,,Technical Dribbler (AI),73.0,62.0,66.0,68.0,46.0,58.0,68,65,38,66,53,69,63,50,64,67,74,73,75,63,65,62,64,61,51,53,68,52,65,68,73,63,41,48,46,12,12,7,14,6,,62+2,62+2,62+2,67,66,66,66,67,67+1,67+1,67+1,67+1,64+2,64+2,64+2,67+1,59+2,58+2,58+2,58+2,59+2,57+2,51+2,51+2,51+2,57+2,17+2,https://cdn.sofifa.net/players/230/802/22_120.png,https://cdn.sofifa.net/teams/112393/60.png,https://cdn.sofifa.net/flags/sa.png,,https://cdn.sofifa.net/flags/sa.png
208917,K. Al Ghamdi,Khaled Ahmed Al Ghamdi,RB,67,67,33,Saudi Arabia,,,Al Shabab,Saudi Abdul L. Jameel League,525000.0,10000.0,83.0,31.0,60.0,66.0,60.0,67.0,208917,https://sofifa.com/player/208917/khalid-al-ghamdi/220002,K. Al Ghamdi,RB,67,67,525000.0,10000.0,33,1988-03-28,166,64,111674.0,Al Shabab,Saudi Abdul L. Jameel League,1.0,SUB,12.0,,2020-09-10,2023.0,183,Saudi Arabia,,,,Right,3,2,1,High/Medium,Normal (170-),No,893000.0,,Long Throw-in,83.0,31.0,60.0,66.0,60.0,67.0,63,27,61,62,25,63,55,37,60,66,82,84,83,59,75,28,72,73,62,34,70,61,63,58,34,64,58,59,61,16,9,16,14,9,,53+2,53+2,53+2,61,58,58,58,61,60+2,60+2,60+2,63+2,60+2,60+2,60+2,63+2,65+2,62+2,62+2,62+2,65+2,65+2,62+2,62+2,62+2,65+2,17+2,https://cdn.sofifa.net/players/208/917/22_120.png,https://cdn.sofifa.net/teams/111674/60.png,https://cdn.sofifa.net/flags/sa.png,,https://cdn.sofifa.net/flags/sa.png
208949,N. Al Abed,Nawaf Shaker Al Abid,"LM, RM, CAM",67,67,31,Saudi Arabia,,,Al Shabab,Saudi Abdul L. Jameel League,850000.0,11000.0,55.0,70.0,69.0,72.0,45.0,54.0,208949,https://sofifa.com/player/208949/nawaf-al-abed/220002,N. Al Abed,"LM, RM, CAM",67,67,850000.0,11000.0,31,1990-01-26,168,63,111674.0,Al Shabab,Saudi Abdul L. Jameel League,1.0,SUB,14.0,,2020-10-25,2023.0,183,Saudi Arabia,,,,Left,3,4,1,Medium/Low,Normal (170-),Yes,1400000.0,,"Injury Prone, Long Shot Taker (AI), Outside Foot Shot, Technical Dribbler (AI)",55.0,70.0,69.0,72.0,45.0,54.0,70,68,43,71,63,71,66,64,65,75,57,53,75,63,64,72,50,36,54,72,75,36,66,71,73,66,60,39,40,11,10,10,15,9,,64+2,64+2,64+2,68-1,68-1,68-1,68-1,68-1,69-2,69-2,69-2,66+1,64+2,64+2,64+2,66+1,54+2,56+2,56+2,56+2,54+2,52+2,51+2,51+2,51+2,52+2,17+2,https://cdn.sofifa.net/players/208/949/22_120.png,https://cdn.sofifa.net/teams/111674/60.png,https://cdn.sofifa.net/flags/sa.png,,https://cdn.sofifa.net/flags/sa.png
208977,F. Al Muwallad,Fahad Mosaed Al Muwallad Al-Harbi,"LM, RM, ST",67,67,26,Saudi Arabia,,,Al Ittihad,Saudi Abdul L. Jameel League,1100000.0,12000.0,90.0,63.0,60.0,67.0,44.0,64.0,208977,https://sofifa.com/player/208977/fahad-al-muwallad/220002,F. Al Muwallad,"LM, RM, ST",67,67,1100000.0,12000.0,26,1994-09-14,167,68,607.0,Al Ittihad,Saudi Abdul L. Jameel League,1.0,SUB,8.0,,2011-07-01,2022.0,183,Saudi Arabia,,,,Right,3,3,1,High/Medium,Lean (170-),No,1900000.0,#Speedster,"Injury Prone, Flair, Speed Dribbler (AI)",90.0,63.0,60.0,67.0,44.0,64.0,64,55,55,62,67,68,56,48,52,64,90,90,77,62,71,78,80,63,62,63,66,45,64,64,70,56,59,30,28,12,13,13,7,11,,65+2,65+2,65+2,67,66,66,66,67,65+2,65+2,65+2,66+1,59+2,59+2,59+2,66+1,57+2,53+2,53+2,53+2,57+2,55+2,51+2,51+2,51+2,55+2,17+2,https://cdn.sofifa.net/players/208/977/22_120.png,https://cdn.sofifa.net/teams/607/60.png,https://cdn.sofifa.net/flags/sa.png,,https://cdn.sofifa.net/flags/sa.png
210843,H. Kadish,Hassan Kadesh Mahboob,LB,67,67,28,Saudi Arabia,,,Al Taawoun,Saudi Abdul L. Jameel League,925000.0,8000.0,73.0,42.0,59.0,61.0,63.0,75.0,210843,https://sofifa.com/player/210843/hassan-kadish/220002,H. Kadish,LB,67,67,925000.0,8000.0,28,1992-09-26,179,70,112393.0,Al Taawoun,Saudi Abdul L. Jameel League,1.0,LB,14.0,,2020-01-20,2023.0,183,Saudi Arabia,,,,Left,3,2,1,Medium/Medium,Normal (170-185),No,1500000.0,,,73.0,42.0,59.0,61.0,63.0,75.0,65,30,61,60,29,60,51,55,57,62,74,72,72,60,60,58,84,78,78,53,61,60,60,57,40,49,65,64,63,15,11,7,15,10,,56+2,56+2,56+2,59,58,58,58,59,59+2,59+2,59+2,61+2,60+2,60+2,60+2,61+2,65+2,63+2,63+2,63+2,65+2,65+2,65+2,65+2,65+2,65+2,18+2,https://cdn.sofifa.net/players/210/843/22_120.png,https://cdn.sofifa.net/teams/112393/60.png,https://cdn.sofifa.net/flags/sa.png,,https://cdn.sofifa.net/flags/sa.png
213007,A. Aseri,Abdulfattah Tawfiq Jaber Asiri,"RM, CAM",67,67,27,Saudi Arabia,,,Al Nassr,Saudi Abdul L. Jameel League,1100000.0,12000.0,82.0,63.0,61.0,72.0,28.0,52.0,213007,https://sofifa.com/player/213007/abdulfatah-aseri/220002,A. Aseri,"RM, CAM",67,67,1100000.0,12000.0,27,1994-02-26,167,61,112139.0,Al Nassr,Saudi Abdul L. Jameel League,1.0,SUB,45.0,,2020-09-10,2023.0,183,Saudi Arabia,,,,Left,3,4,1,High/Medium,Lean (170-),No,1900000.0,,"Injury Prone, Technical Dribbler (AI)",82.0,63.0,61.0,72.0,28.0,52.0,62,64,51,61,62,72,68,53,61,70,84,80,86,58,92,64,53,61,46,62,55,18,59,61,54,55,26,30,28,12,8,14,11,15,,63+2,63+2,63+2,68-1,66,66,66,68-1,66+1,66+1,66+1,66+1,59+2,59+2,59+2,66+1,50+2,46+2,46+2,46+2,50+2,48+2,39+2,39+2,39+2,48+2,17+2,https://cdn.sofifa.net/players/213/007/22_120.png,https://cdn.sofifa.net/teams/112139/60.png,https://cdn.sofifa.net/flags/sa.png,,https://cdn.sofifa.net/flags/sa.png
213901,A. Madu,Abdullah Mohammed Madu,CB,67,69,27,Saudi Arabia,,,Al Nassr,Saudi Abdul L. Jameel League,1100000.0,11000.0,43.0,26.0,44.0,40.0,68.0,75.0,213901,https://sofifa.com/player/213901/abdullah-madu/220002,A. Madu,CB,67,69,1100000.0,11000.0,27,1993-07-15,186,77,112139.0,Al Nassr,Saudi Abdul L. Jameel League,1.0,SUB,3.0,,2013-07-01,2022.0,183,Saudi Arabia,,,,Left,3,2,1,Low/Medium,Normal (185+),No,2000000.0,,,43.0,26.0,44.0,40.0,68.0,75.0,42,22,70,54,28,29,26,21,45,53,41,44,33,58,49,39,77,69,80,17,70,66,24,40,55,49,67,70,63,11,13,6,8,8,,42+2,42+2,42+2,39,39,39,39,39,40+2,40+2,40+2,43+2,48+2,48+2,48+2,43+2,57+2,61+2,61+2,61+2,57+2,59+2,67+2,67+2,67+2,59+2,15+2,https://cdn.sofifa.net/players/213/901/22_120.png,https://cdn.sofifa.net/teams/112139/60.png,https://cdn.sofifa.net/flags/sa.png,,https://cdn.sofifa.net/flags/sa.png
225060,M. Hawsawi,Motaz Ali Hassan Hawsawi,CB,67,67,29,Saudi Arabia,,,Al Ahli,Saudi Abdul L. Jameel League,850000.0,12000.0,59.0,46.0,45.0,53.0,67.0,68.0,225060,https://sofifa.com/player/225060/motaz-hawsawi/220002,M. Hawsawi,CB,67,67,850000.0,12000.0,29,1992-02-17,180,77,112387.0,Al Ahli,Saudi Abdul L. Jameel League,1.0,RCB,25.0,,2014-07-01,2022.0,183,Saudi Arabia,,,,Right,3,2,1,Medium/Medium,Normal (170-185),No,1400000.0,,"Injury Prone, Leadership, Team Player",59.0,46.0,45.0,53.0,67.0,68.0,37,43,73,54,34,46,38,33,47,59,60,59,60,63,46,56,86,60,71,47,66,67,33,38,47,59,64,68,70,12,14,8,8,12,,53+2,53+2,53+2,49,50,50,50,49,49+2,49+2,49+2,50+2,52+2,52+2,52+2,50+2,59+2,61+2,61+2,61+2,59+2,62+2,67,67,67,62+2,17+2,https://cdn.sofifa.net/players/225/060/22_120.png,https://cdn.sofifa.net/teams/112387/60.png,https://cdn.sofifa.net/flags/sa.png,,https://cdn.sofifa.net/flags/sa.png
229851,A. Al Bulayhi,Ali Hadi Al-Bulaihi,"CB, LB",67,67,31,Saudi Arabia,,,Al Hilal,Saudi Abdul L. Jameel League,700000.0,11000.0,57.0,37.0,38.0,43.0,65.0,78.0,229851,https://sofifa.com/player/229851/ali-al-bulayhi/220002,A. Al Bulayhi,"CB, LB",67,67,700000.0,11000.0,31,1989-11-21,181,77,605.0,Al Hilal,Saudi Abdul L. Jameel League,1.0,LCB,5.0,,2017-07-02,2023.0,183,Saudi Arabia,,,,Left,2,2,1,Medium/High,Normal (170-185),No,1200000.0,,Dives Into Tackles (AI),57.0,37.0,38.0,43.0,65.0,78.0,30,40,69,55,29,34,30,23,30,50,50,63,36,61,64,43,82,70,80,25,80,64,36,30,45,52,60,67,70,13,11,8,14,10,,49+2,49+2,49+2,43,44,44,44,43,43+2,43+2,43+2,45+2,46+2,46+2,46+2,45+2,57+2,58+2,58+2,58+2,57+2,60+2,67,67,67,60+2,17+2,https://cdn.sofifa.net/players/229/851/22_120.png,https://cdn.sofifa.net/teams/605/60.png,https://cdn.sofifa.net/flags/sa.png,,https://cdn.sofifa.net/flags/sa.png
204838,R. Jiménez,Raúl Alonso Jiménez Rodríguez,ST,83,83,30,Mexico,SUB,9.0,Wolverhampton Wanderers,English Premier League,35500000.0,120000.0,72.0,82.0,76.0,81.0,47.0,82.0,204838,https://sofifa.com/player/204838/raul-jimenez/220002,R. Jiménez,ST,83,83,35500000.0,120000.0,30,1991-05-05,188,81,110.0,Wolverhampton Wanderers,English Premier League,1.0,ST,9.0,,2019-07-01,2024.0,83,Mexico,1386.0,SUB,9.0,Right,4,3,3,High/High,Normal (185+),Yes,67500000.0,,"Flair, Power Header, Outside Foot Shot, Technical Dribbler (AI)",72.0,82.0,76.0,81.0,47.0,82.0,73,84,85,81,82,84,75,51,75,82,63,80,75,82,65,84,74,82,84,74,81,53,84,78,92,81,45,38,30,7,11,13,14,10,,82+1,82+1,82+1,80,81,81,81,80,80+3,80+3,80+3,79+3,77+3,77+3,77+3,79+3,65+3,66+3,66+3,66+3,65+3,62+3,60+3,60+3,60+3,62+3,18+3,https://cdn.sofifa.net/players/204/838/22_120.png,https://cdn.sofifa.net/teams/110/60.png,https://cdn.sofifa.net/flags/gb-eng.png,https://cdn.sofifa.net/teams/1386/60.png,https://cdn.sofifa.net/flags/mx.png
193165,J. Corona,Jesús Manuel Corona Ruíz,"RM, RB, RW",82,82,28,Mexico,RW,17.0,FC Porto,Portuguese Liga ZON SAGRES,30500000.0,22000.0,83.0,67.0,79.0,85.0,74.0,60.0,193165,https://sofifa.com/player/193165/jesus-corona/220002,J. Corona,"RM, RB, RW",82,82,30500000.0,22000.0,28,1993-01-06,173,66,236.0,FC Porto,Portuguese Liga ZON SAGRES,1.0,SUB,17.0,,2015-08-31,2022.0,83,Mexico,1386.0,RW,17.0,Right,5,5,3,High/Medium,Normal (170-185),Yes,61000000.0,#Acrobat,"Early Crosser, Flair, Chip Shot (AI), Technical Dribbler (AI)",83.0,67.0,79.0,85.0,74.0,60.0,79,66,71,82,74,85,82,67,71,84,86,81,91,84,87,66,71,88,39,63,73,76,79,83,68,87,75,74,72,11,6,10,14,9,,74+3,74+3,74+3,81,79,79,79,81,81+1,81+1,81+1,81+1,80+2,80+2,80+2,81+1,80+2,77+3,77+3,77+3,80+2,79+3,72+3,72+3,72+3,79+3,18+3,https://cdn.sofifa.net/players/193/165/22_120.png,https://cdn.sofifa.net/teams/236/60.png,https://cdn.sofifa.net/flags/pt.png,https://cdn.sofifa.net/teams/1386/60.png,https://cdn.sofifa.net/flags/mx.png
156519,H. Herrera,Héctor Miguel Herrera López,CM,81,81,31,Mexico,SUB,16.0,Atlético de Madrid,Spain Primera Division,21000000.0,63000.0,70.0,75.0,76.0,76.0,78.0,84.0,156519,https://sofifa.com/player/156519/hector-herrera/220002,H. Herrera,CM,81,81,21000000.0,63000.0,31,1990-04-19,185,78,240.0,Atlético de Madrid,Spain Primera Division,1.0,SUB,16.0,,2019-07-03,2022.0,83,Mexico,1386.0,SUB,16.0,Right,4,3,3,Medium/Medium,Normal (185+),Yes,43100000.0,,"Solid Player, Long Shot Taker (AI)",70.0,75.0,76.0,76.0,78.0,84.0,65,72,61,81,59,76,69,68,79,78,71,70,73,81,68,81,77,93,80,78,84,82,82,78,67,77,81,82,67,6,10,15,7,16,,75+3,75+3,75+3,76,77,77,77,76,78+3,78+3,78+3,77+3,80+1,80+1,80+1,77+3,77+3,81,81,81,77+3,77+3,78+3,78+3,78+3,77+3,18+3,https://cdn.sofifa.net/players/156/519/22_120.png,https://cdn.sofifa.net/teams/240/60.png,https://cdn.sofifa.net/flags/es.png,https://cdn.sofifa.net/teams/1386/60.png,https://cdn.sofifa.net/flags/mx.png
221992,H. Lozano,Hirving Rodrigo Lozano Bahena,"RW, LW",81,82,25,Mexico,SUB,22.0,Napoli,Italian Serie A,31000000.0,77000.0,93.0,76.0,72.0,82.0,41.0,62.0,221992,https://sofifa.com/player/221992/hirving-lozano/220002,H. Lozano,"RW, LW",81,82,31000000.0,77000.0,25,1995-07-30,175,70,48.0,Napoli,Italian Serie A,1.0,SUB,11.0,,2019-08-23,2024.0,83,Mexico,1386.0,SUB,22.0,Right,3,4,3,High/Low,Lean (170-185),Yes,55000000.0,"#Speedster, #Acrobat","Speed Dribbler (AI), Outside Foot Shot",93.0,76.0,72.0,82.0,41.0,62.0,73,77,62,74,74,83,72,65,65,80,92,93,89,81,82,76,67,76,54,75,64,45,82,74,73,75,42,35,29,11,10,14,14,10,,77+3,77+3,77+3,81,80,80,80,81,79+3,79+3,79+3,79+3,72+3,72+3,72+3,79+3,64+3,59+3,59+3,59+3,64+3,60+3,51+3,51+3,51+3,60+3,19+3,https://cdn.sofifa.net/players/221/992/22_120.png,https://cdn.sofifa.net/teams/48/60.png,https://cdn.sofifa.net/flags/it.png,https://cdn.sofifa.net/teams/1386/60.png,https://cdn.sofifa.net/flags/mx.png
140233,G. Ochoa,Francisco Guillermo Ochoa Magaña,GK,80,80,35,Mexico,GK,13.0,Club América,Mexican Liga MX,2300000.0,27000.0,,,,,,,140233,https://sofifa.com/player/140233/guillermo-ochoa/220002,G. Ochoa,GK,80,80,2300000.0,27000.0,35,1985-07-13,190,85,1879.0,Club América,Mexican Liga MX,1.0,GK,13.0,,2019-08-06,2022.0,83,Mexico,1386.0,GK,13.0,Right,3,1,1,Medium/Medium,Lean (170-185),Yes,3900000.0,,"Leadership, GK Long Throw, Cautious With Crosses",,,,,,,15,12,19,36,16,10,14,17,37,18,47,50,65,74,42,54,75,34,56,11,19,23,16,48,16,62,21,10,12,79,75,72,80,83,48.0,30+2,30+2,30+2,28,30,30,30,28,31+2,31+2,31+2,30+2,32+2,32+2,32+2,30+2,28+2,30+2,30+2,30+2,28+2,28+2,27+2,27+2,27+2,28+2,78+2,https://cdn.sofifa.net/players/140/233/22_120.png,https://cdn.sofifa.net/teams/1879/60.png,https://cdn.sofifa.net/flags/mx.png,https://cdn.sofifa.net/teams/1386/60.png,https://cdn.sofifa.net/flags/mx.png
171897,A. Guardado,José Andrés Guardado Hernández,"CDM, CM, LM",78,78,34,Mexico,LCM,18.0,Real Betis Balompié,Spain Primera Division,4800000.0,24000.0,64.0,68.0,80.0,79.0,73.0,69.0,171897,https://sofifa.com/player/171897/andres-guardado/220002,A. Guardado,"CDM, CM, LM",78,78,4800000.0,24000.0,34,1986-09-28,169,67,449.0,Real Betis Balompié,Spain Primera Division,1.0,LDM,18.0,,2017-07-07,2022.0,83,Mexico,1386.0,LCM,18.0,Left,2,3,3,Medium/Medium,Lean (170-),Yes,10100000.0,,Injury Prone,64.0,68.0,80.0,79.0,73.0,69.0,74,64,55,82,69,78,78,80,79,80,67,62,79,77,87,73,71,81,60,73,74,75,69,82,70,76,74,75,76,7,10,10,11,10,,69+3,69+3,69+3,74,74,74,74,74,77+1,77+1,77+1,75+3,78,78,78,75+3,76+2,77+1,77+1,77+1,76+2,74+3,72+3,72+3,72+3,74+3,17+3,https://cdn.sofifa.net/players/171/897/22_120.png,https://cdn.sofifa.net/teams/449/60.png,https://cdn.sofifa.net/flags/es.png,https://cdn.sofifa.net/teams/1386/60.png,https://cdn.sofifa.net/flags/mx.png
198140,R. Funes Mori,Rogelio Gabriel Funes Mori,ST,77,77,30,Mexico,ST,11.0,CF Monterrey,Mexican Liga MX,10500000.0,51000.0,77.0,77.0,68.0,74.0,43.0,81.0,198140,https://sofifa.com/player/198140/rogelio-funes-mori/220002,R. Funes Mori,ST,77,77,10500000.0,51000.0,30,1991-03-05,186,78,1032.0,CF Monterrey,Mexican Liga MX,1.0,ST,7.0,,2015-06-12,2022.0,83,Mexico,1386.0,ST,11.0,Right,4,4,1,High/Medium,Lean (185+),Yes,16800000.0,,"Dives Into Tackles (AI), Finesse Shot, Flair, Outside Foot Shot, Team Player",77.0,77.0,68.0,74.0,43.0,81.0,65,82,77,70,74,75,75,58,65,74,80,75,74,73,66,75,82,82,81,69,78,49,78,72,73,72,25,45,44,8,10,15,6,15,,77,77,77,74,75,75,75,74,74+2,74+2,74+2,74+2,70+2,70+2,70+2,74+2,62+2,60+2,60+2,60+2,62+2,60+2,57+2,57+2,57+2,60+2,17+2,https://cdn.sofifa.net/players/198/140/22_120.png,https://cdn.sofifa.net/teams/1032/60.png,https://cdn.sofifa.net/flags/mx.png,https://cdn.sofifa.net/teams/1386/60.png,https://cdn.sofifa.net/flags/mx.png
224574,O. Pineda,Orbelín Pineda Alvarado,"RM, RW, CM",77,80,25,Mexico,SUB,10.0,Cruz Azul,Mexican Liga MX,14000000.0,56000.0,86.0,73.0,72.0,79.0,62.0,66.0,224574,https://sofifa.com/player/224574/orbelin-pineda/220002,O. Pineda,"RM, RW, CM",77,80,14000000.0,56000.0,25,1996-03-24,169,63,1878.0,Cruz Azul,Mexican Liga MX,1.0,RW,31.0,,2019-01-01,2021.0,83,Mexico,1386.0,SUB,10.0,Right,4,3,1,High/High,Normal (170-),No,24900000.0,#Acrobat,"Long Shot Taker (AI), Outside Foot Shot",86.0,73.0,72.0,79.0,62.0,66.0,70,75,41,75,67,80,68,56,70,75,84,87,91,70,83,72,64,85,57,73,67,66,70,73,63,69,63,65,65,15,14,7,10,10,,70+2,70+2,70+2,76,75,75,75,76,75+2,75+2,75+2,76+2,73+2,73+2,73+2,76+2,72+2,70+2,70+2,70+2,72+2,70+2,63+2,63+2,63+2,70+2,18+2,https://cdn.sofifa.net/players/224/574/22_120.png,https://cdn.sofifa.net/teams/1878/60.png,https://cdn.sofifa.net/flags/mx.png,https://cdn.sofifa.net/teams/1386/60.png,https://cdn.sofifa.net/flags/mx.png
235844,E. Álvarez,Edson Omar Álvarez Velázquez,"CDM, CB",77,83,23,Mexico,CDM,4.0,Ajax,Holland Eredivisie,15500000.0,14000.0,69.0,53.0,66.0,65.0,79.0,84.0,235844,https://sofifa.com/player/235844/edson-alvarez/220002,E. Álvarez,"CDM, CB",77,83,15500000.0,14000.0,23,1997-10-24,187,73,245.0,Ajax,Holland Eredivisie,1.0,RCM,4.0,,2019-07-22,2024.0,83,Mexico,1386.0,CDM,4.0,Right,3,2,1,Medium/High,Normal (185+),No,24800000.0,,"Solid Player, Dives Into Tackles (AI)",69.0,53.0,66.0,65.0,79.0,84.0,64,50,77,74,63,63,40,40,72,67,67,71,62,75,66,69,76,85,84,40,83,81,55,62,65,68,80,77,78,7,11,10,7,6,,64+2,64+2,64+2,63,63,63,63,63,64+2,64+2,64+2,66+2,69+2,69+2,69+2,66+2,74+2,76+2,76+2,76+2,74+2,75+2,78+2,78+2,78+2,75+2,15+2,https://cdn.sofifa.net/players/235/844/22_120.png,https://cdn.sofifa.net/teams/245/60.png,https://cdn.sofifa.net/flags/nl.png,https://cdn.sofifa.net/teams/1386/60.png,https://cdn.sofifa.net/flags/mx.png
243015,L. Romo,Luis Francisco Romo Barrón,"CDM, CB, CM",77,82,26,Mexico,RCM,5.0,Cruz Azul,Mexican Liga MX,14000000.0,53000.0,72.0,61.0,65.0,65.0,75.0,85.0,243015,https://sofifa.com/player/243015/luis-romo/220002,L. Romo,"CDM, CB, CM",77,82,14000000.0,53000.0,26,1995-06-05,182,84,1878.0,Cruz Azul,Mexican Liga MX,1.0,CDM,7.0,,2020-01-03,2022.0,83,Mexico,1386.0,RCM,5.0,Right,3,3,1,Medium/High,Normal (170-185),No,24900000.0,#Strength,"Power Free-Kick, Long Shot Taker (AI)",72.0,61.0,65.0,65.0,75.0,85.0,34,60,75,80,29,64,58,66,77,70,76,69,58,72,54,73,88,80,90,61,76,76,65,64,46,69,74,77,73,11,9,13,9,12,,69+2,69+2,69+2,65,68,68,68,65,69+2,69+2,69+2,67+2,72+2,72+2,72+2,67+2,70+2,76+2,76+2,76+2,70+2,71+2,77+2,77+2,77+2,71+2,17+2,https://cdn.sofifa.net/players/243/015/22_120.png,https://cdn.sofifa.net/teams/1878/60.png,https://cdn.sofifa.net/flags/mx.png,https://cdn.sofifa.net/teams/1386/60.png,https://cdn.sofifa.net/flags/mx.png
186098,R. Cota,Rodolfo Cota Robles,GK,76,76,33,Mexico,SUB,12.0,Club León,Mexican Liga MX,2400000.0,18000.0,,,,,,,186098,https://sofifa.com/player/186098/rodolfo-cota/220002,R. Cota,GK,76,76,2400000.0,18000.0,33,1987-07-03,183,86,110781.0,Club León,Mexican Liga MX,1.0,SUB,30.0,,2018-07-06,2022.0,83,Mexico,1386.0,SUB,12.0,Right,2,1,1,Medium/Medium,Normal (170-185),No,4100000.0,,"Solid Player, Comes For Crosses",,,,,,,12,12,14,26,13,15,15,12,31,25,59,56,52,73,60,50,69,36,80,16,29,14,11,55,25,65,25,13,12,75,70,67,79,79,58.0,31+2,31+2,31+2,30,31,31,31,30,32+2,32+2,32+2,31+2,31+2,31+2,31+2,31+2,28+2,30+2,30+2,30+2,28+2,28+2,29+2,29+2,29+2,28+2,75+1,https://cdn.sofifa.net/players/186/098/22_120.png,https://cdn.sofifa.net/teams/110781/60.png,https://cdn.sofifa.net/flags/mx.png,https://cdn.sofifa.net/teams/1386/60.png,https://cdn.sofifa.net/flags/mx.png
192041,N. Araújo,Néstor Alejandro Araújo Razo,CB,76,76,29,Mexico,RCB,2.0,RC Celta de Vigo,Spain Primera Division,6500000.0,22000.0,66.0,41.0,55.0,59.0,78.0,78.0,192041,https://sofifa.com/player/192041/nestor-araujo/220002,N. Araújo,CB,76,76,6500000.0,22000.0,29,1991-08-29,188,87,450.0,RC Celta de Vigo,Spain Primera Division,1.0,RCB,4.0,,2018-07-02,2023.0,83,Mexico,1386.0,RCB,2.0,Right,3,2,1,Low/Medium,Normal (185+),No,13700000.0,#Strength,Dives Into Tackles (AI),66.0,41.0,55.0,59.0,78.0,78.0,32,34,77,72,36,53,44,45,66,69,63,69,41,71,60,57,66,69,88,39,65,76,30,43,54,71,79,78,76,7,8,13,6,9,,56+2,56+2,56+2,52,54,54,54,52,55+2,55+2,55+2,56+2,61+2,61+2,61+2,56+2,67+2,72+2,72+2,72+2,67+2,70+2,76,76,76,70+2,15+2,https://cdn.sofifa.net/players/192/041/22_120.png,https://cdn.sofifa.net/teams/450/60.png,https://cdn.sofifa.net/flags/es.png,https://cdn.sofifa.net/teams/1386/60.png,https://cdn.sofifa.net/flags/mx.png
224151,H. Martín,Henry Josué Martín Mex,ST,76,76,28,Mexico,SUB,15.0,Club América,Mexican Liga MX,7500000.0,48000.0,79.0,74.0,65.0,75.0,38.0,81.0,224151,https://sofifa.com/player/224151/henry-martin/220002,H. Martín,ST,76,76,7500000.0,48000.0,28,1992-11-18,177,80,1879.0,Club América,Mexican Liga MX,1.0,RS,21.0,,2018-01-01,2024.0,83,Mexico,1386.0,SUB,15.0,Right,3,3,1,High/Medium,Stocky (170-185),Yes,12800000.0,,Power Header,79.0,74.0,65.0,75.0,38.0,81.0,62,78,79,71,69,73,64,51,60,75,76,82,84,75,82,79,91,78,85,65,70,42,75,66,65,75,45,21,22,9,10,11,9,12,,76,76,76,73,74,74,74,73,72+2,72+2,72+2,72+2,67+2,67+2,67+2,72+2,58+2,56+2,56+2,56+2,58+2,55+2,54+2,54+2,54+2,55+2,17+2,https://cdn.sofifa.net/players/224/151/22_120.png,https://cdn.sofifa.net/teams/1879/60.png,https://cdn.sofifa.net/flags/mx.png,https://cdn.sofifa.net/teams/1386/60.png,https://cdn.sofifa.net/flags/mx.png
233493,J. Sánchez,Jorge Eduardo Sánchez Ramos,RB,76,79,23,Mexico,SUB,6.0,Club América,Mexican Liga MX,9500000.0,33000.0,92.0,45.0,61.0,72.0,72.0,77.0,233493,https://sofifa.com/player/233493/jorge-sanchez/220002,J. Sánchez,RB,76,79,9500000.0,33000.0,23,1997-12-10,175,80,1879.0,Club América,Mexican Liga MX,1.0,RB,3.0,,2018-07-01,2025.0,83,Mexico,1386.0,SUB,6.0,Right,3,2,1,High/High,Stocky (170-185),Yes,16900000.0,#Speedster,"Long Throw-in, Early Crosser, Speed Dribbler (AI)",92.0,45.0,61.0,72.0,72.0,77.0,70,35,63,65,33,70,54,36,54,72,90,93,77,69,79,66,75,84,78,45,64,73,49,58,54,68,72,73,72,10,10,12,12,7,,61+2,61+2,61+2,66,63,63,63,66,63+2,63+2,63+2,68+2,64+2,64+2,64+2,68+2,74+2,69+2,69+2,69+2,74+2,74+2,71+2,71+2,71+2,74+2,16+2,https://cdn.sofifa.net/players/233/493/22_120.png,https://cdn.sofifa.net/teams/1879/60.png,https://cdn.sofifa.net/flags/mx.png,https://cdn.sofifa.net/teams/1386/60.png,https://cdn.sofifa.net/flags/mx.png
237043,R. Alvarado,Roberto Carlos Alvarado Hernández,"RM, LM, CAM",76,83,22,Mexico,SUB,7.0,Cruz Azul,Mexican Liga MX,15000000.0,48000.0,76.0,71.0,75.0,77.0,53.0,70.0,237043,https://sofifa.com/player/237043/roberto-alvarado/220002,R. Alvarado,"RM, LM, CAM",76,83,15000000.0,48000.0,22,1998-09-07,176,70,1878.0,Cruz Azul,Mexican Liga MX,1.0,LW,25.0,,2018-07-12,2022.0,83,Mexico,1386.0,SUB,7.0,Left,4,4,1,High/Medium,Lean (170-185),No,28500000.0,#Acrobat,"Playmaker (AI), Technical Dribbler (AI)",76.0,71.0,75.0,77.0,53.0,70.0,74,68,51,75,62,75,76,65,72,78,81,72,90,70,77,77,59,84,71,76,55,55,71,79,62,68,55,49,60,8,14,13,13,14,,71+2,71+2,71+2,75,74,74,74,75,75+2,75+2,75+2,75+2,73+2,73+2,73+2,75+2,68+2,66+2,66+2,66+2,68+2,66+2,59+2,59+2,59+2,66+2,19+2,https://cdn.sofifa.net/players/237/043/22_120.png,https://cdn.sofifa.net/teams/1878/60.png,https://cdn.sofifa.net/flags/mx.png,https://cdn.sofifa.net/teams/1386/60.png,https://cdn.sofifa.net/flags/mx.png
242118,S. Córdova,Francisco Sebastián Córdova Reyes,"LM, RM, CM",76,82,24,Mexico,SUB,14.0,Club América,Mexican Liga MX,12000000.0,37000.0,83.0,73.0,71.0,79.0,51.0,69.0,242118,https://sofifa.com/player/242118/sebastian-cordova/220002,S. Córdova,"LM, RM, CM",76,82,12000000.0,37000.0,24,1997-06-12,174,66,1879.0,Club América,Mexican Liga MX,1.0,LM,10.0,,2019-01-08,2025.0,83,Mexico,1386.0,SUB,14.0,Left,4,4,1,High/Low,Lean (170-185),Yes,22800000.0,,"Finesse Shot, Flair, Playmaker (AI), Technical Dribbler (AI)",83.0,73.0,71.0,79.0,51.0,69.0,65,70,48,74,62,80,65,69,70,78,81,85,83,75,84,75,71,82,63,80,66,55,72,73,68,76,54,51,36,7,8,14,8,8,,72+2,72+2,72+2,76,75,75,75,76,76+2,76+2,76+2,75+2,73+2,73+2,73+2,75+2,66+2,65+2,65+2,65+2,66+2,63+2,57+2,57+2,57+2,63+2,15+2,https://cdn.sofifa.net/players/242/118/22_120.png,https://cdn.sofifa.net/teams/1879/60.png,https://cdn.sofifa.net/flags/mx.png,https://cdn.sofifa.net/teams/1386/60.png,https://cdn.sofifa.net/flags/mx.png
163301,J. Orozco,Jonathan Emmanuel Orozco Domínguez,GK,75,75,35,Mexico,SUB,1.0,Club Tijuana,Mexican Liga MX,625000.0,10000.0,,,,,,,163301,https://sofifa.com/player/163301/jonathan-orozco/220002,J. Orozco,GK,75,75,625000.0,10000.0,35,1986-05-12,184,81,111678.0,Club Tijuana,Mexican Liga MX,1.0,GK,1.0,,2020-06-24,2023.0,83,Mexico,1386.0,SUB,1.0,Right,3,1,1,Medium/Medium,Normal (170-185),No,1100000.0,,"Leadership, GK Long Throw, Rushes Out Of Goal, Cautious With Crosses",,,,,,,20,15,15,59,15,29,19,16,65,39,59,59,70,73,64,61,84,45,75,18,45,19,18,70,30,70,29,19,25,75,71,81,75,74,59.0,37+2,37+2,37+2,40,41,41,41,40,46+2,46+2,46+2,43+2,48+2,48+2,48+2,43+2,37+2,43+2,43+2,43+2,37+2,36+2,36+2,36+2,36+2,36+2,74+1,https://cdn.sofifa.net/players/163/301/22_120.png,https://cdn.sofifa.net/teams/111678/60.png,https://cdn.sofifa.net/flags/mx.png,https://cdn.sofifa.net/teams/1386/60.png,https://cdn.sofifa.net/flags/mx.png
226045,J. Gallardo,Jesús Daniel Gallardo Vasconcelos,"LB, LM, LW",75,76,26,Mexico,LB,23.0,CF Monterrey,Mexican Liga MX,6000000.0,38000.0,82.0,67.0,71.0,74.0,69.0,73.0,226045,https://sofifa.com/player/226045/jesus-gallardo/220002,J. Gallardo,"LB, LM, LW",75,76,6000000.0,38000.0,26,1994-08-15,176,73,1032.0,CF Monterrey,Mexican Liga MX,1.0,LB,17.0,,2018-07-01,2023.0,83,Mexico,1386.0,LB,23.0,Left,3,3,1,High/Low,Normal (170-185),No,10100000.0,,Speed Dribbler (AI),82.0,67.0,71.0,74.0,69.0,73.0,77,69,64,73,49,76,73,47,66,74,83,82,76,67,71,75,77,90,71,59,58,65,74,69,65,68,72,69,69,9,7,8,12,11,,71+2,71+2,71+2,74,73,73,73,74,72+2,72+2,72+2,75+1,71+2,71+2,71+2,75+1,74+2,70+2,70+2,70+2,74+2,73+2,69+2,69+2,69+2,73+2,16+2,https://cdn.sofifa.net/players/226/045/22_120.png,https://cdn.sofifa.net/teams/1032/60.png,https://cdn.sofifa.net/flags/mx.png,https://cdn.sofifa.net/teams/1386/60.png,https://cdn.sofifa.net/flags/mx.png
229980,C. Montes,César Jasib Montes Castro,CB,75,83,24,Mexico,LCB,3.0,CF Monterrey,Mexican Liga MX,11500000.0,33000.0,60.0,44.0,62.0,65.0,75.0,76.0,229980,https://sofifa.com/player/229980/cesar-montes/220002,C. Montes,CB,75,83,11500000.0,33000.0,24,1997-02-24,191,70,1032.0,CF Monterrey,Mexican Liga MX,1.0,RCB,3.0,,2015-07-01,2022.0,83,Mexico,1386.0,LCB,3.0,Right,3,2,1,Medium/High,Normal (185+),No,20700000.0,,"Injury Prone, Long Passer (AI), Power Header",60.0,44.0,62.0,65.0,75.0,76.0,41,43,77,72,31,59,62,37,73,69,55,64,80,72,51,55,84,77,75,35,74,75,59,65,48,75,77,74,73,9,10,5,5,13,,60+2,60+2,60+2,59,61,61,61,59,63+2,63+2,63+2,62+2,68+2,68+2,68+2,62+2,68+2,73+2,73+2,73+2,68+2,69+2,75+2,75+2,75+2,69+2,16+2,https://cdn.sofifa.net/players/229/980/22_120.png,https://cdn.sofifa.net/teams/1032/60.png,https://cdn.sofifa.net/flags/mx.png,https://cdn.sofifa.net/teams/1386/60.png,https://cdn.sofifa.net/flags/mx.png
235389,C. Rodríguez,Carlos Alberto Rodríguez Gómez,"CM, CDM",75,82,24,Mexico,SUB,8.0,CF Monterrey,Mexican Liga MX,11000000.0,36000.0,76.0,60.0,73.0,76.0,68.0,66.0,235389,https://sofifa.com/player/235389/carlos-rodriguez/220002,C. Rodríguez,"CM, CDM",75,82,11000000.0,36000.0,24,1997-01-03,176,66,1032.0,CF Monterrey,Mexican Liga MX,1.0,RCM,29.0,,2016-06-08,2023.0,83,Mexico,1386.0,SUB,8.0,Right,3,3,1,High/High,Lean (170-185),No,19800000.0,,"Playmaker (AI), Technical Dribbler (AI)",76.0,60.0,73.0,76.0,68.0,66.0,63,58,50,80,50,75,61,61,75,77,78,75,80,73,74,64,65,85,62,62,54,72,68,75,62,80,68,71,64,12,15,11,8,10,,66+2,66+2,66+2,72,71,71,71,72,74+2,74+2,74+2,74+2,75+2,75+2,75+2,74+2,73+2,73+2,73+2,73+2,73+2,71+2,67+2,67+2,67+2,71+2,18+2,https://cdn.sofifa.net/players/235/389/22_120.png,https://cdn.sofifa.net/teams/1032/60.png,https://cdn.sofifa.net/flags/mx.png,https://cdn.sofifa.net/teams/1386/60.png,https://cdn.sofifa.net/flags/mx.png
237997,U. Antuna,Carlos Uriel Antuna Romero,"LM, RM, RW",74,80,23,Mexico,SUB,21.0,Club Deportivo Guadalajara,Mexican Liga MX,6500000.0,34000.0,92.0,59.0,65.0,76.0,31.0,47.0,237997,https://sofifa.com/player/237997/uriel-antuna/220002,U. Antuna,"LM, RM, RW",74,80,6500000.0,34000.0,23,1997-08-21,174,59,1880.0,Club Deportivo Guadalajara,Mexican Liga MX,1.0,SUB,7.0,,2020-01-01,2023.0,83,Mexico,1386.0,SUB,21.0,Right,3,3,1,Medium/Medium,Lean (170-185),No,12400000.0,"#Speedster, #Acrobat",Speed Dribbler (AI),92.0,59.0,65.0,76.0,31.0,47.0,70,65,46,70,48,80,54,48,60,69,95,90,90,62,74,62,51,78,32,45,45,35,70,61,45,60,24,31,32,10,13,14,9,11,,65+2,65+2,65+2,72,70,70,70,72,70+2,70+2,70+2,73+2,63+2,63+2,63+2,73+2,58+2,50+2,50+2,50+2,58+2,54+2,40+2,40+2,40+2,54+2,17+2,https://cdn.sofifa.net/players/237/997/22_120.png,https://cdn.sofifa.net/teams/1880/60.png,https://cdn.sofifa.net/flags/mx.png,https://cdn.sofifa.net/teams/1386/60.png,https://cdn.sofifa.net/flags/mx.png
177273,J. Domínguez,Julio César Domínguez Juárez,"CB, RB",73,73,33,Mexico,RB,19.0,Cruz Azul,Mexican Liga MX,1500000.0,40000.0,65.0,41.0,60.0,61.0,74.0,75.0,177273,https://sofifa.com/player/177273/julio-cesar-dominguez/220002,J. Domínguez,"CB, RB",73,73,1500000.0,40000.0,33,1987-11-08,177,70,1878.0,Cruz Azul,Mexican Liga MX,1.0,RCB,4.0,,2006-07-01,2023.0,83,Mexico,1386.0,RB,19.0,Right,2,2,1,High/High,Normal (170-185),No,2600000.0,,"Leadership, Team Player",65.0,41.0,60.0,61.0,74.0,75.0,61,29,70,66,38,57,45,47,58,64,64,66,66,70,70,62,90,74,74,50,75,75,49,56,30,58,75,75,68,10,14,6,11,8,,56+2,56+2,56+2,58,57,57,57,58,58+2,58+2,58+2,60+2,62+2,62+2,62+2,60+2,69+2,69+2,69+2,69+2,69+2,70+2,73,73,73,70+2,17+2,https://cdn.sofifa.net/players/177/273/22_120.png,https://cdn.sofifa.net/teams/1878/60.png,https://cdn.sofifa.net/flags/mx.png,https://cdn.sofifa.net/teams/1386/60.png,https://cdn.sofifa.net/flags/mx.png
233260,A. Vega,Ernesto Alexis Vega Rojas,"ST, CF, CAM",73,81,23,Mexico,LW,20.0,Club Deportivo Guadalajara,Mexican Liga MX,7000000.0,34000.0,78.0,74.0,72.0,77.0,30.0,72.0,233260,https://sofifa.com/player/233260/alexis-vega/220002,A. Vega,"ST, CF, CAM",73,81,7000000.0,34000.0,23,1997-11-25,173,77,1880.0,Club Deportivo Guadalajara,Mexican Liga MX,1.0,CAM,10.0,,2019-01-01,2022.0,83,Mexico,1386.0,LW,20.0,Right,3,3,1,Medium/Low,Normal (170-185),No,13300000.0,,"Finesse Shot, Long Shot Taker (AI), Playmaker (AI)",78.0,74.0,72.0,77.0,30.0,72.0,65,76,59,76,65,80,53,70,72,76,79,78,77,72,75,75,70,78,76,75,55,16,71,75,66,71,44,19,18,5,11,12,8,7,,73+2,73+2,73+2,75,75,75,75,75,76+2,76+2,76+2,75+2,69+2,69+2,69+2,75+2,55+2,53+2,53+2,53+2,55+2,50+2,45+2,45+2,45+2,50+2,15+2,https://cdn.sofifa.net/players/233/260/22_120.png,https://cdn.sofifa.net/teams/1880/60.png,https://cdn.sofifa.net/flags/mx.png,https://cdn.sofifa.net/teams/1386/60.png,https://cdn.sofifa.net/flags/mx.png
188545,R. Lewandowski,Robert Lewandowski,ST,92,92,32,Poland,RS,9.0,FC Bayern München,German 1. Bundesliga,119500000.0,270000.0,78.0,92.0,79.0,86.0,44.0,82.0,188545,https://sofifa.com/player/188545/robert-lewandowski/220002,R. Lewandowski,ST,92,92,119500000.0,270000.0,32,1988-08-21,185,81,21.0,FC Bayern München,German 1. Bundesliga,1.0,ST,9.0,,2014-07-01,2023.0,37,Poland,1353.0,RS,9.0,Right,4,4,5,High/Medium,Unique,Yes,197200000.0,"#Aerial Threat, #Distance Shooter, #Clinical Finisher, #Complete Forward","Solid Player, Finesse Shot, Outside Foot Shot, Chip Shot (AI)",78.0,92.0,79.0,86.0,44.0,82.0,71,95,90,85,89,85,79,85,70,88,77,79,77,93,82,90,85,76,86,87,81,49,95,81,90,88,35,42,19,15,6,12,8,10,,90+2,90+2,90+2,85,88,88,88,85,86+3,86+3,86+3,84+3,80+3,80+3,80+3,84+3,64+3,66+3,66+3,66+3,64+3,61+3,60+3,60+3,60+3,61+3,19+3,https://cdn.sofifa.net/players/188/545/22_120.png,https://cdn.sofifa.net/teams/21/60.png,https://cdn.sofifa.net/flags/de.png,https://cdn.sofifa.net/teams/1353/60.png,https://cdn.sofifa.net/flags/pl.png
186153,W. Szczęsny,Wojciech Tomasz Szczęsny,GK,87,87,31,Poland,GK,1.0,Juventus,Italian Serie A,42000000.0,105000.0,,,,,,,186153,https://sofifa.com/player/186153/wojciech-szczesny/220002,W. Szczęsny,GK,87,87,42000000.0,105000.0,31,1990-04-18,195,90,45.0,Juventus,Italian Serie A,1.0,GK,1.0,,2017-07-19,2024.0,37,Poland,1353.0,GK,1.0,Right,3,1,3,Medium/Medium,Lean (185+),Yes,69300000.0,,Comes For Crosses,,,,,,,12,12,16,32,14,11,16,14,36,22,51,47,55,82,51,55,71,45,65,14,40,15,14,48,18,65,20,13,12,86,82,73,87,88,49.0,31+3,31+3,31+3,28,31,31,31,28,32+3,32+3,32+3,31+3,33+3,33+3,33+3,31+3,28+3,31+3,31+3,31+3,28+3,28+3,29+3,29+3,29+3,28+3,85+2,https://cdn.sofifa.net/players/186/153/22_120.png,https://cdn.sofifa.net/teams/45/60.png,https://cdn.sofifa.net/flags/it.png,https://cdn.sofifa.net/teams/1353/60.png,https://cdn.sofifa.net/flags/pl.png
210406,P. Zieliński,Piotr Sebastian Zieliński,"CM, CAM",81,82,27,Poland,LS,20.0,Napoli,Italian Serie A,29500000.0,74000.0,81.0,75.0,81.0,85.0,70.0,61.0,210406,https://sofifa.com/player/210406/piotr-zielinski/220002,P. Zieliński,"CM, CAM",81,82,29500000.0,74000.0,27,1994-05-20,180,75,48.0,Napoli,Italian Serie A,1.0,CAM,20.0,,2016-08-09,2024.0,37,Poland,1353.0,LS,20.0,Right,5,4,3,Medium/Medium,Lean (170-185),No,52400000.0,#Dribbler,"Long Shot Taker (AI), Technical Dribbler (AI)",81.0,75.0,81.0,85.0,70.0,61.0,77,72,52,84,75,87,80,65,81,85,83,79,85,79,79,79,52,75,57,83,56,75,78,84,51,75,69,72,71,12,9,12,11,6,,75+3,75+3,75+3,82,81,81,81,82,82,82,82,81+1,81+1,81+1,81+1,81+1,77+3,76+3,76+3,76+3,77+3,75+3,68+3,68+3,68+3,75+3,17+3,https://cdn.sofifa.net/players/210/406/22_120.png,https://cdn.sofifa.net/teams/48/60.png,https://cdn.sofifa.net/flags/it.png,https://cdn.sofifa.net/teams/1353/60.png,https://cdn.sofifa.net/flags/pl.png
197242,G. Krychowiak,Grzegorz Krychowiak,"CDM, CM",80,80,31,Poland,CDM,10.0,,,,,68.0,76.0,72.0,72.0,75.0,81.0,197242,https://sofifa.com/player/197242/grzegorz-krychowiak/220002,G. Krychowiak,"CDM, CM",80,80,,,31,1990-01-29,187,84,,,,,,,,,,37,Poland,1353.0,CDM,10.0,Right,3,3,3,High/High,Normal (185+),No,,,"Long Passer (AI), Long Shot Taker (AI)",68.0,76.0,72.0,72.0,75.0,81.0,63,72,75,78,75,70,54,62,81,79,67,69,59,80,53,82,74,78,83,78,80,77,72,69,78,80,75,76,72,15,14,8,6,7,,75+3,75+3,75+3,72,74,74,74,72,74+3,74+3,74+3,73+3,76+3,76+3,76+3,73+3,74+3,78+2,78+2,78+2,74+3,74+3,77+3,77+3,77+3,74+3,18+3,https://cdn.sofifa.net/players/197/242/22_120.png,,,https://cdn.sofifa.net/teams/1353/60.png,https://cdn.sofifa.net/flags/pl.png
215502,B. Drągowski,Bartłomiej Drągowski,GK,77,81,23,Poland,SUB,17.0,Fiorentina,Italian Serie A,12000000.0,30000.0,,,,,,,215502,https://sofifa.com/player/215502/bartlomiej-dragowski/220002,B. Drągowski,GK,77,81,12000000.0,30000.0,23,1997-08-19,188,74,110374.0,Fiorentina,Italian Serie A,1.0,GK,69.0,,2016-07-04,2023.0,37,Poland,1353.0,SUB,17.0,Right,2,1,1,Medium/Medium,Normal (185+),No,21300000.0,,,,,,,,,19,12,13,35,12,20,12,20,32,18,46,42,33,72,54,53,57,34,56,18,19,21,15,62,21,65,20,16,16,79,73,70,77,80,44.0,29+2,29+2,29+2,29,31,31,31,29,33+2,33+2,33+2,31+2,34+2,34+2,34+2,31+2,29+2,30+2,30+2,30+2,29+2,28+2,27+2,27+2,27+2,28+2,76+2,https://cdn.sofifa.net/players/215/502/22_120.png,https://cdn.sofifa.net/teams/110374/60.png,https://cdn.sofifa.net/flags/it.png,https://cdn.sofifa.net/teams/1353/60.png,https://cdn.sofifa.net/flags/pl.png
220570,J. Bednarek,Jan Bednarek,CB,76,82,25,Poland,LCB,5.0,Southampton,English Premier League,10500000.0,42000.0,52.0,22.0,53.0,55.0,78.0,77.0,220570,https://sofifa.com/player/220570/jan-bednarek/220002,J. Bednarek,CB,76,82,10500000.0,42000.0,25,1996-04-12,189,77,17.0,Southampton,English Premier League,1.0,SUB,35.0,,2017-07-01,2025.0,37,Poland,1353.0,LCB,5.0,Right,3,2,1,Medium/High,Lean (185+),Yes,22100000.0,,Dives Into Tackles (AI),52.0,22.0,53.0,55.0,78.0,77.0,44,19,77,65,20,50,23,26,55,59,50,54,52,77,59,25,81,71,80,23,78,81,26,52,32,62,76,78,74,11,13,16,7,9,,46+2,46+2,46+2,48,47,47,47,48,51+2,51+2,51+2,52+2,58+2,58+2,58+2,52+2,66+2,71+2,71+2,71+2,66+2,69+2,76+2,76+2,76+2,69+2,18+2,https://cdn.sofifa.net/players/220/570/22_120.png,https://cdn.sofifa.net/teams/17/60.png,https://cdn.sofifa.net/flags/gb-eng.png,https://cdn.sofifa.net/teams/1353/60.png,https://cdn.sofifa.net/flags/pl.png
223113,K. Piątek,Krzysztof Piątek,ST,76,79,26,Poland,SUB,23.0,Hertha BSC,German 1. Bundesliga,10000000.0,44000.0,75.0,77.0,53.0,72.0,36.0,71.0,223113,https://sofifa.com/player/223113/krzysztof-piatek/220002,K. Piątek,ST,76,79,10000000.0,44000.0,26,1995-07-01,183,77,166.0,Hertha BSC,German 1. Bundesliga,1.0,RES,9.0,,2020-01-30,2025.0,37,Poland,1353.0,SUB,23.0,Right,3,3,2,Medium/Medium,Normal (170-185),Yes,17800000.0,,,75.0,77.0,53.0,72.0,36.0,71.0,51,81,77,64,74,70,60,40,35,75,71,78,69,75,62,78,80,72,76,67,54,31,81,52,73,75,33,34,24,10,15,10,6,13,,76+2,76+2,76+2,70,73,73,73,70,68+2,68+2,68+2,68+2,60+2,60+2,60+2,68+2,53+2,50+2,50+2,50+2,53+2,52+2,50+2,50+2,50+2,52+2,18+2,https://cdn.sofifa.net/players/223/113/22_120.png,https://cdn.sofifa.net/teams/166/60.png,https://cdn.sofifa.net/flags/de.png,https://cdn.sofifa.net/teams/1353/60.png,https://cdn.sofifa.net/flags/pl.png
186347,M. Rybus,Maciej Rybus,LB,75,75,31,Poland,SUB,13.0,FC Lokomotiv Moscow,Russian Premier League,4100000.0,38000.0,77.0,69.0,72.0,72.0,71.0,68.0,186347,https://sofifa.com/player/186347/maciej-rybus/220002,M. Rybus,LB,75,75,4100000.0,38000.0,31,1989-08-19,173,75,100765.0,FC Lokomotiv Moscow,Russian Premier League,1.0,LB,31.0,,2017-07-19,2022.0,37,Poland,1353.0,SUB,13.0,Left,3,3,2,High/Medium,Normal (170-185),No,6600000.0,,,77.0,69.0,72.0,72.0,71.0,68.0,75,66,49,75,65,72,77,76,65,70,78,76,76,75,79,75,74,76,60,71,74,76,66,69,67,67,74,73,68,14,6,13,16,12,,68+2,68+2,68+2,72,71,71,71,72,71+2,71+2,71+2,72+2,71+2,71+2,71+2,72+2,74+1,72+2,72+2,72+2,74+1,73+2,70+2,70+2,70+2,73+2,19+2,https://cdn.sofifa.net/players/186/347/22_120.png,https://cdn.sofifa.net/teams/100765/60.png,https://cdn.sofifa.net/flags/ru.png,https://cdn.sofifa.net/teams/1353/60.png,https://cdn.sofifa.net/flags/pl.png
189908,Ł. Skorupski,Łukasz Skorupski,GK,75,76,30,Poland,SUB,12.0,Bologna,Italian Serie A,4200000.0,22000.0,,,,,,,189908,https://sofifa.com/player/189908/lukasz-skorupski/220002,Ł. Skorupski,GK,75,76,4200000.0,22000.0,30,1991-05-05,187,84,189.0,Bologna,Italian Serie A,1.0,GK,28.0,,2018-07-01,2023.0,37,Poland,1353.0,SUB,12.0,Right,2,1,2,Medium/Medium,Normal (185+),No,7500000.0,,Comes For Crosses,,,,,,,19,11,10,29,17,18,12,19,26,23,51,51,48,68,38,41,66,31,58,15,33,17,13,32,22,58,18,12,12,78,72,54,74,81,51.0,28+2,28+2,28+2,28,28,28,28,28,28+2,28+2,28+2,29+2,27+2,27+2,27+2,29+2,27+2,27+2,27+2,27+2,27+2,26+2,26+2,26+2,26+2,26+2,74+2,https://cdn.sofifa.net/players/189/908/22_120.png,https://cdn.sofifa.net/teams/189/60.png,https://cdn.sofifa.net/flags/it.png,https://cdn.sofifa.net/teams/1353/60.png,https://cdn.sofifa.net/flags/pl.png
192955,M. Klich,Mateusz Andrzej Klich,CM,75,75,31,Poland,RCM,14.0,Leeds United,English Premier League,4600000.0,63000.0,66.0,72.0,74.0,73.0,61.0,75.0,192955,https://sofifa.com/player/192955/mateusz-klich/220002,M. Klich,CM,75,75,4600000.0,63000.0,31,1990-06-13,183,82,8.0,Leeds United,English Premier League,1.0,LCM,43.0,,2017-06-23,2024.0,37,Poland,1353.0,RCM,14.0,Right,3,3,1,Medium/Medium,Lean (170-185),Yes,8700000.0,,"Solid Player, Finesse Shot, Long Shot Taker (AI)",66.0,72.0,74.0,73.0,61.0,75.0,68,73,49,77,60,73,73,66,74,75,67,66,67,73,73,71,64,87,74,73,63,65,72,76,76,77,61,66,50,11,16,12,11,14,,70+2,70+2,70+2,72,73,73,73,72,74+1,74+1,74+1,73+2,75,75,75,73+2,69+2,70+2,70+2,70+2,69+2,66+2,64+2,64+2,64+2,66+2,20+2,https://cdn.sofifa.net/players/192/955/22_120.png,https://cdn.sofifa.net/teams/8/60.png,https://cdn.sofifa.net/flags/gb-eng.png,https://cdn.sofifa.net/teams/1353/60.png,https://cdn.sofifa.net/flags/pl.png
210136,T. Kędziora,Tomasz Karol Kędziora,RB,75,76,27,Poland,SUB,4.0,Dynamo Kyiv,Ukrainian Premier League,6000000.0,900.0,77.0,46.0,67.0,64.0,73.0,74.0,210136,https://sofifa.com/player/210136/tomasz-kedziora/220002,T. Kędziora,RB,75,76,6000000.0,900.0,27,1994-06-11,183,77,101047.0,Dynamo Kyiv,Ukrainian Premier League,1.0,SUB,94.0,,2017-07-11,2024.0,37,Poland,1353.0,SUB,4.0,Right,3,2,1,High/Medium,Lean (170-185),No,13700000.0,,Early Crosser,77.0,46.0,67.0,64.0,73.0,74.0,78,38,69,68,39,63,58,37,64,63,74,79,71,68,67,56,73,80,71,51,72,67,66,64,38,59,74,76,76,16,8,11,10,9,,60+2,60+2,60+2,64,62,62,62,64,63+2,63+2,63+2,67+2,66+2,66+2,66+2,67+2,73+2,70+2,70+2,70+2,73+2,73+2,72+2,72+2,72+2,73+2,17+2,https://cdn.sofifa.net/players/210/136/22_120.png,https://cdn.sofifa.net/teams/101047/60.png,https://cdn.sofifa.net/flags/ua.png,https://cdn.sofifa.net/teams/1353/60.png,https://cdn.sofifa.net/flags/pl.png
211408,K. Linetty,Karol Linetty,CM,74,76,26,Poland,LCM,8.0,Torino F.C.,Italian Serie A,5000000.0,35000.0,67.0,63.0,71.0,75.0,72.0,69.0,211408,https://sofifa.com/player/211408/karol-linetty/220002,K. Linetty,CM,74,76,5000000.0,35000.0,26,1995-02-02,176,73,54.0,Torino F.C.,Italian Serie A,1.0,SUB,77.0,,2020-09-01,2024.0,37,Poland,1353.0,LCM,8.0,Right,3,3,2,High/High,Normal (170-185),No,8900000.0,,Long Shot Taker (AI),67.0,63.0,71.0,75.0,72.0,69.0,60,64,56,78,38,74,62,36,74,76,72,62,73,74,79,70,78,76,61,64,79,76,68,76,50,70,72,74,70,13,8,11,14,6,,67+2,67+2,67+2,71,71,71,71,71,73+2,73+2,73+2,72+2,74+2,74+2,74+2,72+2,72+2,75+1,75+1,75+1,72+2,71+2,71+2,71+2,71+2,71+2,17+2,https://cdn.sofifa.net/players/211/408/22_120.png,https://cdn.sofifa.net/teams/54/60.png,https://cdn.sofifa.net/flags/it.png,https://cdn.sofifa.net/teams/1353/60.png,https://cdn.sofifa.net/flags/pl.png
190547,K. Glik,Kamil Jacek Glik,CB,73,73,33,Poland,CB,15.0,Benevento,Italian Serie B,1500000.0,14000.0,36.0,32.0,45.0,53.0,72.0,79.0,190547,https://sofifa.com/player/190547/kamil-glik/220002,K. Glik,CB,73,73,1500000.0,14000.0,33,1988-02-03,190,80,112026.0,Benevento,Italian Serie B,2.0,RCB,15.0,,2020-09-01,2023.0,37,Poland,1353.0,CB,15.0,Right,2,2,3,Low/High,Normal (185+),Yes,2700000.0,,"Dives Into Tackles (AI), Power Header",36.0,32.0,45.0,53.0,72.0,79.0,29,27,77,63,17,49,35,26,63,59,34,37,32,70,50,57,75,62,86,20,85,71,24,23,39,75,71,71,71,10,14,5,8,10,,48+3,48+3,48+3,42,44,44,44,42,44+3,44+3,44+3,46+3,53+3,53+3,53+3,46+3,59+3,67+3,67+3,67+3,59+3,61+3,73,73,73,61+3,17+3,https://cdn.sofifa.net/players/190/547/22_120.png,https://cdn.sofifa.net/teams/112026/60.png,https://cdn.sofifa.net/flags/it.png,https://cdn.sofifa.net/teams/1353/60.png,https://cdn.sofifa.net/flags/pl.png
199763,B. Bereszyński,Bartosz Bereszyński,RB,73,73,28,Poland,RCB,18.0,U.C. Sampdoria,Italian Serie A,2800000.0,15000.0,84.0,56.0,64.0,69.0,67.0,73.0,199763,https://sofifa.com/player/199763/bartosz-bereszynski/220002,B. Bereszyński,RB,73,73,2800000.0,15000.0,28,1992-07-12,183,77,1837.0,U.C. Sampdoria,Italian Serie A,1.0,RB,24.0,,2017-01-04,2023.0,37,Poland,1353.0,RCB,18.0,Right,3,3,1,High/Medium,Normal (170-185),No,4800000.0,,,84.0,56.0,64.0,69.0,67.0,73.0,67,50,60,68,56,68,60,50,62,70,83,85,73,68,72,64,69,84,68,60,71,67,60,60,50,69,66,69,68,9,8,16,7,15,,64+2,64+2,64+2,67,66,66,66,67,66+2,66+2,66+2,68+2,66+2,66+2,66+2,68+2,71+2,68+2,68+2,68+2,71+2,71+2,68+2,68+2,68+2,71+2,16+2,https://cdn.sofifa.net/players/199/763/22_120.png,https://cdn.sofifa.net/teams/1837/60.png,https://cdn.sofifa.net/flags/it.png,https://cdn.sofifa.net/teams/1353/60.png,https://cdn.sofifa.net/flags/pl.png
219293,M. Helik,Michał Helik,CB,73,76,25,Poland,SUB,2.0,Barnsley,English League Championship,3600000.0,30000.0,67.0,49.0,47.0,53.0,73.0,77.0,219293,https://sofifa.com/player/219293/michal-helik/220002,M. Helik,CB,73,76,3600000.0,30000.0,25,1995-09-09,191,80,1932.0,Barnsley,English League Championship,2.0,CB,30.0,,2020-09-09,2023.0,37,Poland,1353.0,SUB,2.0,Right,3,2,1,Medium/Medium,Lean (185+),No,6900000.0,,"Dives Into Tackles (AI), Long Passer (AI), Power Header",67.0,49.0,47.0,53.0,73.0,77.0,41,52,75,61,49,46,29,40,51,60,67,67,53,72,59,52,91,71,79,41,74,77,61,34,32,55,72,72,66,14,10,9,12,7,,60+2,60+2,60+2,55,56,56,56,55,54+2,54+2,54+2,56+2,57+2,57+2,57+2,56+2,65+2,66+2,66+2,66+2,65+2,67+2,73+2,73+2,73+2,67+2,17+2,https://cdn.sofifa.net/players/219/293/22_120.png,https://cdn.sofifa.net/teams/1932/60.png,https://cdn.sofifa.net/flags/gb-eng.png,https://cdn.sofifa.net/teams/1353/60.png,https://cdn.sofifa.net/flags/pl.png
224301,K. Świderski,Karol Świderski,ST,73,78,24,Poland,SUB,11.0,PAOK,Greek Super League,4700000.0,1000.0,68.0,74.0,61.0,71.0,31.0,71.0,224301,https://sofifa.com/player/224301/karol-swiderski/220002,K. Świderski,ST,73,78,4700000.0,1000.0,24,1997-01-23,184,78,393.0,PAOK,Greek Super League,1.0,ST,9.0,,2019-01-20,2024.0,37,Poland,1353.0,SUB,11.0,Left,3,3,1,High/Medium,Normal (170-185),No,10700000.0,,,68.0,74.0,61.0,71.0,31.0,71.0,50,78,71,70,67,69,61,35,59,75,69,68,72,71,65,73,59,74,75,69,60,33,77,65,69,75,31,21,19,14,12,11,12,7,,73+2,73+2,73+2,70,72,72,72,70,71+2,71+2,71+2,69+2,65+2,65+2,65+2,69+2,52+2,52+2,52+2,52+2,52+2,49+2,46+2,46+2,46+2,49+2,18+2,https://cdn.sofifa.net/players/224/301/22_120.png,https://cdn.sofifa.net/teams/393/60.png,https://cdn.sofifa.net/flags/gr.png,https://cdn.sofifa.net/teams/1353/60.png,https://cdn.sofifa.net/flags/pl.png
224438,A. Buksa,Adam Buksa,ST,72,76,24,Poland,SUB,7.0,New England Revolution,USA Major League Soccer,3400000.0,6000.0,68.0,71.0,56.0,68.0,31.0,77.0,224438,https://sofifa.com/player/224438/adam-buksa/220002,A. Buksa,ST,72,76,3400000.0,6000.0,24,1996-07-12,191,77,691.0,New England Revolution,USA Major League Soccer,1.0,SUB,9.0,,2020-01-01,2022.0,37,Poland,1353.0,SUB,7.0,Left,4,3,1,Medium/Low,Lean (185+),No,5400000.0,,,68.0,71.0,56.0,68.0,31.0,77.0,47,75,76,64,65,68,52,46,44,71,66,70,64,72,44,74,85,75,80,61,68,24,75,63,67,70,31,23,21,7,13,10,6,14,,72+2,72+2,72+2,67,70,70,70,67,67+2,67+2,67+2,66+2,61+2,61+2,61+2,66+2,50+2,49+2,49+2,49+2,50+2,48+2,47+2,47+2,47+2,48+2,17+2,https://cdn.sofifa.net/players/224/438/22_120.png,https://cdn.sofifa.net/teams/691/60.png,https://cdn.sofifa.net/flags/us.png,https://cdn.sofifa.net/teams/1353/60.png,https://cdn.sofifa.net/flags/pl.png
235973,S. Szymański,Sebastian Szymański,"CAM, RM",71,81,22,Poland,SUB,19.0,,,,,84.0,65.0,68.0,75.0,30.0,47.0,235973,https://sofifa.com/player/235973/sebastian-szymanski/220002,S. Szymański,"CAM, RM",71,81,,,22,1999-05-10,174,60,,,,,,,,,,37,Poland,1353.0,SUB,19.0,Left,3,3,1,Medium/Low,Lean (170-185),No,,#Acrobat,"Long Shot Taker (AI), Technical Dribbler (AI)",84.0,65.0,68.0,75.0,30.0,47.0,69,66,40,69,47,72,69,69,65,75,86,82,91,65,84,67,59,70,36,71,45,23,62,67,54,66,36,26,32,9,10,10,14,14,,64+2,64+2,64+2,72,69,69,69,72,71+2,71+2,71+2,71+2,64+2,64+2,64+2,71+2,56+2,50+2,50+2,50+2,56+2,52+2,40+2,40+2,40+2,52+2,18+2,https://cdn.sofifa.net/players/235/973/22_120.png,,,https://cdn.sofifa.net/teams/1353/60.png,https://cdn.sofifa.net/flags/pl.png
233222,K. Jóźwiak,Kamil Jóźwiak,"RM, LM",70,77,23,Poland,RM,21.0,Derby County,English League Championship,3200000.0,8000.0,90.0,56.0,62.0,73.0,42.0,64.0,233222,https://sofifa.com/player/233222/kamil-jozwiak/220002,K. Jóźwiak,"RM, LM",70,77,3200000.0,8000.0,23,1998-04-22,176,70,91.0,Derby County,English League Championship,2.0,SUB,7.0,,2020-09-16,2024.0,37,Poland,1353.0,RM,21.0,Right,3,3,1,Medium/Low,Normal (170-185),No,6700000.0,#Speedster,Speed Dribbler (AI),90.0,56.0,62.0,73.0,42.0,64.0,66,60,41,64,49,74,61,34,58,68,90,90,85,63,81,60,52,72,68,45,45,33,65,64,52,62,47,44,35,10,14,8,9,13,,63+2,63+2,63+2,69,67,67,67,69,67+2,67+2,67+2,69+2,62+2,62+2,62+2,69+2,59+2,54+2,54+2,54+2,59+2,56+2,48+2,48+2,48+2,56+2,17+2,https://cdn.sofifa.net/players/233/222/22_120.png,https://cdn.sofifa.net/teams/91/60.png,https://cdn.sofifa.net/flags/gb-eng.png,https://cdn.sofifa.net/teams/1353/60.png,https://cdn.sofifa.net/flags/pl.png
239778,J. Moder,Jakub Piotr Moder,"CDM, LM",70,82,22,Poland,SUB,16.0,Brighton & Hove Albion,English Premier League,3700000.0,22000.0,68.0,70.0,68.0,68.0,65.0,73.0,239778,https://sofifa.com/player/239778/jakub-moder/220002,J. Moder,"CDM, LM",70,82,3700000.0,22000.0,22,1999-04-07,188,78,1808.0,Brighton & Hove Albion,English Premier League,1.0,SUB,15.0,,2020-10-05,2025.0,37,Poland,1353.0,SUB,16.0,Right,5,2,1,High/Medium,Lean (185+),No,7800000.0,,"Power Free-Kick, Long Shot Taker (AI)",68.0,70.0,68.0,68.0,65.0,73.0,61,66,56,72,48,68,68,69,69,70,64,72,68,71,60,82,64,74,76,74,65,66,67,69,67,69,64,70,61,15,14,14,13,6,,69+2,69+2,69+2,68,69,69,69,68,69+2,69+2,69+2,68+2,70+2,70+2,70+2,68+2,68+2,69+2,69+2,69+2,68+2,67+2,67+2,67+2,67+2,67+2,19+2,https://cdn.sofifa.net/players/239/778/22_120.png,https://cdn.sofifa.net/teams/1808/60.png,https://cdn.sofifa.net/flags/gb-eng.png,https://cdn.sofifa.net/teams/1353/60.png,https://cdn.sofifa.net/flags/pl.png
238662,T. Puchacz,Tymoteusz Puchacz,"LB, LM",68,76,22,Poland,LM,3.0,1. FC Union Berlin,German 1. Bundesliga,2600000.0,9000.0,86.0,62.0,59.0,67.0,61.0,77.0,238662,https://sofifa.com/player/238662/tymoteusz-puchacz/220002,T. Puchacz,"LB, LM",68,76,2600000.0,9000.0,22,1999-01-23,180,74,1831.0,1. FC Union Berlin,German 1. Bundesliga,1.0,RES,26.0,,2021-07-01,2025.0,37,Poland,1353.0,LM,3.0,Left,2,2,1,High/Medium,Normal (170-185),No,5200000.0,,"Dives Into Tackles (AI), Long Shot Taker (AI), Speed Dribbler (AI)",86.0,62.0,59.0,67.0,61.0,77.0,62,61,57,64,37,67,57,35,55,64,84,87,83,58,72,74,70,78,76,63,79,61,64,55,37,58,59,62,65,13,11,11,10,8,,65+2,65+2,65+2,66,65,65,65,66,64+2,64+2,64+2,66+2,62+2,62+2,62+2,66+2,66+2,63+2,63+2,63+2,66+2,66+2,65+2,65+2,65+2,66+2,16+2,https://cdn.sofifa.net/players/238/662/22_120.png,https://cdn.sofifa.net/teams/1831/60.png,https://cdn.sofifa.net/flags/de.png,https://cdn.sofifa.net/teams/1353/60.png,https://cdn.sofifa.net/flags/pl.png
252508,K. Kozłowski,Kacper Kozłowski,"CAM, CM",68,85,17,Poland,SUB,6.0,Pogoń Szczecin,Polish T-Mobile Ekstraklasa,3000000.0,500.0,74.0,55.0,62.0,75.0,59.0,67.0,252508,https://sofifa.com/player/252508/kacper-kozlowski/220002,K. Kozłowski,"CAM, CM",68,85,3000000.0,500.0,17,2003-10-16,178,68,110746.0,Pogoń Szczecin,Polish T-Mobile Ekstraklasa,1.0,RCM,64.0,,2019-07-01,2022.0,37,Poland,1353.0,SUB,6.0,Right,4,4,1,High/Medium,Normal (170-185),No,5900000.0,,"Outside Foot Shot, Technical Dribbler (AI)",74.0,55.0,62.0,75.0,59.0,67.0,51,58,55,67,54,74,65,41,61,73,78,70,85,66,85,53,76,70,65,54,66,56,57,68,40,77,57,63,62,8,14,8,10,6,,62+2,62+2,62+2,67,66,66,66,67,68+2,68+2,68+2,67+2,66+2,66+2,66+2,67+2,64+2,64+2,64+2,64+2,64+2,63+2,62+2,62+2,62+2,63+2,16+2,https://cdn.sofifa.net/players/252/508/22_120.png,https://cdn.sofifa.net/teams/110746/60.png,https://cdn.sofifa.net/flags/pl.png,https://cdn.sofifa.net/teams/1353/60.png,https://cdn.sofifa.net/flags/pl.png
262113,N. Zalewski,Nicola Zalewski,CAM,63,77,19,Poland,SUB,22.0,Roma,Italian Serie A,1100000.0,5000.0,66.0,57.0,61.0,70.0,42.0,48.0,262113,https://sofifa.com/player/262113/nicola-zalewski/220002,N. Zalewski,CAM,63,77,1100000.0,5000.0,19,2002-01-23,175,75,52.0,Roma,Italian Serie A,1.0,RES,59.0,,2019-07-01,2024.0,37,Poland,1353.0,SUB,22.0,Right,3,2,1,Medium/Medium,Normal (170-185),No,2600000.0,,,66.0,57.0,61.0,70.0,42.0,48.0,58,55,42,66,59,73,57,57,60,72,68,64,55,57,72,72,57,51,44,46,51,31,55,58,63,63,46,43,46,10,5,7,8,15,,59+2,59+2,59+2,63,63,63,63,63,63+2,63+2,63+2,63+2,59+2,59+2,59+2,63+2,54+2,52+2,52+2,52+2,54+2,52+2,47+2,47+2,47+2,52+2,15+2,https://cdn.sofifa.net/players/262/113/22_120.png,https://cdn.sofifa.net/teams/52/60.png,https://cdn.sofifa.net/flags/it.png,https://cdn.sofifa.net/teams/1353/60.png,https://cdn.sofifa.net/flags/pl.png
231747,K. Mbappé,Kylian Mbappé Lottin,"ST, LW",91,95,22,France,LW,10.0,Paris Saint-Germain,French Ligue 1,194000000.0,230000.0,97.0,88.0,80.0,92.0,36.0,77.0,231747,https://sofifa.com/player/231747/kylian-mbappe/220002,K. Mbappé,"ST, LW",91,95,194000000.0,230000.0,22,1998-12-20,182,73,73.0,Paris Saint-Germain,French Ligue 1,1.0,ST,7.0,,2018-07-01,2022.0,18,France,1335.0,LW,10.0,Right,4,5,4,High/Low,Unique,Yes,373500000.0,"#Speedster, #Dribbler, #Acrobat, #Clinical Finisher, #Complete Forward","Flair, Speed Dribbler (AI), Outside Foot Shot, Technical Dribbler (AI)",97.0,88.0,80.0,92.0,36.0,77.0,78,93,72,85,83,93,80,69,71,91,97,97,92,93,83,86,78,88,77,82,62,38,92,82,79,88,26,34,32,13,5,7,11,6,,89+3,89+3,89+3,90,90,90,90,90,89+3,89+3,89+3,89+3,81+3,81+3,81+3,89+3,67+3,63+3,63+3,63+3,67+3,63+3,54+3,54+3,54+3,63+3,18+3,https://cdn.sofifa.net/players/231/747/22_120.png,https://cdn.sofifa.net/teams/73/60.png,https://cdn.sofifa.net/flags/fr.png,https://cdn.sofifa.net/teams/1335/60.png,https://cdn.sofifa.net/flags/fr.png
215914,N. Kanté,N'Golo Kanté,"CDM, CM",90,90,30,France,CDM,13.0,Chelsea,English Premier League,100000000.0,230000.0,78.0,66.0,75.0,82.0,87.0,83.0,215914,https://sofifa.com/player/215914/ngolo-kante/220002,N. Kanté,"CDM, CM",90,90,100000000.0,230000.0,30,1991-03-29,168,70,5.0,Chelsea,English Premier League,1.0,RCM,7.0,,2016-07-16,2023.0,18,France,1335.0,CDM,13.0,Right,3,2,4,Medium/High,Unique,Yes,185000000.0,"#Tackling, #Tactician ",Leadership,78.0,66.0,75.0,82.0,87.0,83.0,68,65,54,82,56,79,49,49,79,81,82,75,82,93,92,71,77,97,72,65,93,91,72,78,54,84,90,93,86,15,12,10,7,10,,72+3,72+3,72+3,77,77,77,77,77,78+3,78+3,78+3,79+3,82+3,82+3,82+3,79+3,85+3,87+3,87+3,87+3,85+3,85+3,84+3,84+3,84+3,85+3,20+3,https://cdn.sofifa.net/players/215/914/22_120.png,https://cdn.sofifa.net/teams/5/60.png,https://cdn.sofifa.net/flags/gb-eng.png,https://cdn.sofifa.net/teams/1335/60.png,https://cdn.sofifa.net/flags/fr.png
165153,K. Benzema,Karim Benzema,"CF, ST",89,89,33,France,CF,19.0,Real Madrid CF,Spain Primera Division,66000000.0,350000.0,76.0,86.0,81.0,87.0,39.0,77.0,165153,https://sofifa.com/player/165153/karim-benzema/220002,K. Benzema,"CF, ST",89,89,66000000.0,350000.0,33,1987-12-19,185,81,243.0,Real Madrid CF,Spain Primera Division,1.0,CF,9.0,,2009-07-09,2023.0,18,France,1335.0,CF,19.0,Right,4,4,4,Medium/Medium,Normal (170-185),Yes,135300000.0,#Poacher,"Leadership, Finesse Shot, Playmaker (AI), Outside Foot Shot, Team Player",76.0,86.0,81.0,87.0,39.0,77.0,75,90,89,86,86,87,81,73,73,90,77,75,79,91,72,85,79,78,82,79,63,39,90,87,84,90,43,24,18,13,11,5,5,7,,87+2,87+2,87+2,85,87,87,87,85,86+3,86+3,86+3,84+3,80+3,80+3,80+3,84+3,63+3,62+3,62+3,62+3,63+3,59+3,55+3,55+3,55+3,59+3,18+3,https://cdn.sofifa.net/players/165/153/22_120.png,https://cdn.sofifa.net/teams/243/60.png,https://cdn.sofifa.net/flags/es.png,https://cdn.sofifa.net/teams/1335/60.png,https://cdn.sofifa.net/flags/fr.png
167948,H. Lloris,Hugo Lloris,GK,87,87,34,France,GK,1.0,Tottenham Hotspur,English Premier League,13500000.0,125000.0,,,,,,,167948,https://sofifa.com/player/167948/hugo-lloris/220002,H. Lloris,GK,87,87,13500000.0,125000.0,34,1986-12-26,188,82,18.0,Tottenham Hotspur,English Premier League,1.0,GK,1.0,,2012-08-31,2022.0,18,France,1335.0,GK,1.0,Left,1,1,4,Medium/Medium,Unique,Yes,25700000.0,,"Leadership, Team Player, Rushes Out Of Goal",,,,,,,13,10,10,50,11,10,11,10,50,34,61,62,55,85,54,49,74,41,43,14,31,27,10,50,40,65,29,10,18,88,83,65,84,90,61.0,31+3,31+3,31+3,33,34,34,34,33,38+3,38+3,38+3,36+3,39+3,39+3,39+3,36+3,35+3,38+3,38+3,38+3,35+3,34+3,30+3,30+3,30+3,34+3,85+2,https://cdn.sofifa.net/players/167/948/22_120.png,https://cdn.sofifa.net/teams/18/60.png,https://cdn.sofifa.net/flags/gb-eng.png,https://cdn.sofifa.net/teams/1335/60.png,https://cdn.sofifa.net/flags/fr.png
195864,P. Pogba,Paul Pogba,"CM, LM",87,87,28,France,RCM,6.0,Manchester United,English Premier League,79500000.0,220000.0,71.0,81.0,86.0,86.0,65.0,83.0,195864,https://sofifa.com/player/195864/paul-pogba/220002,P. Pogba,"CM, LM",87,87,79500000.0,220000.0,28,1993-03-15,191,84,11.0,Manchester United,English Premier League,1.0,RDM,6.0,,2016-08-09,2022.0,18,France,1335.0,RCM,6.0,Right,4,5,4,High/Medium,Unique,Yes,147100000.0,"#Dribbler, #Playmaker, #Distance Shooter, #Strength, #Complete Midfielder","Injury Prone, Flair, Long Passer (AI), Long Shot Taker (AI), Playmaker (AI), Outside Foot Shot, Technical Dribbler (AI)",71.0,81.0,86.0,86.0,65.0,83.0,77,75,74,88,84,88,85,82,92,90,63,77,73,83,67,90,82,77,89,84,78,65,80,89,81,88,59,67,63,5,6,2,4,3,,82+3,82+3,82+3,82,83,83,83,82,85+2,85+2,85+2,83+3,85+2,85+2,85+2,83+3,74+3,78+3,78+3,78+3,74+3,72+3,72+3,72+3,72+3,72+3,13+3,https://cdn.sofifa.net/players/195/864/22_120.png,https://cdn.sofifa.net/teams/11/60.png,https://cdn.sofifa.net/flags/gb-eng.png,https://cdn.sofifa.net/teams/1335/60.png,https://cdn.sofifa.net/flags/fr.png
201535,R. Varane,Raphaël Varane,CB,86,88,28,France,RCB,4.0,Manchester United,English Premier League,68500000.0,180000.0,82.0,49.0,64.0,65.0,87.0,82.0,201535,https://sofifa.com/player/201535/raphael-varane/220002,R. Varane,CB,86,88,68500000.0,180000.0,28,1993-04-25,191,81,11.0,Manchester United,English Premier League,1.0,RCB,19.0,,2021-07-27,2025.0,18,France,1335.0,RCB,4.0,Right,3,2,3,Medium/High,Unique,Yes,131900000.0,#Tackling ,Dives Into Tackles (AI),82.0,49.0,64.0,65.0,87.0,82.0,42,46,86,78,42,55,46,52,76,78,79,85,62,84,39,52,81,76,86,53,80,85,55,59,43,83,86,88,87,11,11,9,5,14,,66+3,66+3,66+3,64,66,66,66,64,67+3,67+3,67+3,67+3,72+3,72+3,72+3,67+3,77+3,81+3,81+3,81+3,77+3,80+3,85+3,85+3,85+3,80+3,18+3,https://cdn.sofifa.net/players/201/535/22_120.png,https://cdn.sofifa.net/teams/11/60.png,https://cdn.sofifa.net/flags/gb-eng.png,https://cdn.sofifa.net/teams/1335/60.png,https://cdn.sofifa.net/flags/fr.png
213345,K. Coman,Kingsley Junior Coman,"LM, RM, LW",86,87,25,France,SUB,20.0,FC Bayern München,German 1. Bundesliga,81000000.0,120000.0,93.0,76.0,79.0,88.0,30.0,60.0,213345,https://sofifa.com/player/213345/kingsley-coman/220002,K. Coman,"LM, RM, LW",86,87,81000000.0,120000.0,25,1996-06-13,180,76,21.0,FC Bayern München,German 1. Bundesliga,1.0,SUB,11.0,,2015-08-30,2023.0,18,France,1335.0,SUB,20.0,Right,3,4,4,Medium/Medium,Unique,Yes,139700000.0,"#Speedster, #Dribbler, #Acrobat","Injury Prone, Speed Dribbler (AI)",93.0,76.0,79.0,88.0,30.0,60.0,79,75,61,80,77,89,83,70,74,88,94,93,91,85,84,80,73,69,64,73,35,23,85,81,70,78,29,27,21,5,3,5,3,5,,80+3,80+3,80+3,85,84,84,84,85,84+3,84+3,84+3,84+3,75+3,75+3,75+3,84+3,60+3,55+3,55+3,55+3,60+3,56+3,45+3,45+3,45+3,56+3,13+3,https://cdn.sofifa.net/players/213/345/22_120.png,https://cdn.sofifa.net/teams/21/60.png,https://cdn.sofifa.net/flags/de.png,https://cdn.sofifa.net/teams/1335/60.png,https://cdn.sofifa.net/flags/fr.png
194765,A. Griezmann,Antoine Griezmann,"ST, LW, RW",85,85,30,France,RW,7.0,Atlético de Madrid,Spain Primera Division,53000000.0,220000.0,80.0,84.0,84.0,87.0,52.0,72.0,194765,https://sofifa.com/player/194765/antoine-griezmann/220002,A. Griezmann,"ST, LW, RW",85,85,53000000.0,220000.0,30,1991-03-21,176,73,240.0,Atlético de Madrid,Spain Primera Division,1.0,LS,17.0,FC Barcelona,,2022.0,18,France,1335.0,RW,7.0,Left,3,4,4,Medium/Medium,Unique,Yes,,#Acrobat,"Finesse Shot, Flair, Long Shot Taker (AI), Playmaker (AI), Outside Foot Shot, Chip Shot (AI), Technical Dribbler (AI)",80.0,84.0,84.0,87.0,52.0,72.0,83,84,83,84,86,85,86,85,82,89,80,80,92,89,83,82,90,86,63,83,73,49,89,85,79,90,43,54,49,14,8,14,13,14,,84+1,84+1,84+1,85,86-1,86-1,86-1,85,86-1,86-1,86-1,85,82+3,82+3,82+3,85,71+3,69+3,69+3,69+3,71+3,69+3,63+3,63+3,63+3,69+3,21+3,https://cdn.sofifa.net/players/194/765/22_120.png,https://cdn.sofifa.net/teams/240/60.png,https://cdn.sofifa.net/flags/es.png,https://cdn.sofifa.net/teams/1335/60.png,https://cdn.sofifa.net/flags/fr.png
200458,L. Digne,Lucas Digne,LB,84,84,27,France,SUB,18.0,Everton,English Premier League,40500000.0,110000.0,79.0,69.0,80.0,80.0,80.0,76.0,200458,https://sofifa.com/player/200458/lucas-digne/220002,L. Digne,LB,84,84,40500000.0,110000.0,27,1993-07-20,178,74,7.0,Everton,English Premier League,1.0,LB,12.0,,2018-08-01,2023.0,18,France,1335.0,SUB,18.0,Left,2,3,2,High/Medium,Unique,Yes,77000000.0,#Crosser,"Long Throw-in, Dives Into Tackles (AI), Early Crosser",79.0,69.0,80.0,80.0,80.0,76.0,88,60,71,81,68,78,83,83,73,84,81,77,74,83,78,83,94,86,69,76,76,82,73,75,60,81,78,83,84,6,12,9,6,13,,74+2,74+2,74+2,78,77,77,77,78,77+2,77+2,77+2,79+2,79+2,79+2,79+2,79+2,83+1,80+2,80+2,80+2,83+1,82+2,79+2,79+2,79+2,82+2,17+2,https://cdn.sofifa.net/players/200/458/22_120.png,https://cdn.sofifa.net/teams/7/60.png,https://cdn.sofifa.net/flags/gb-eng.png,https://cdn.sofifa.net/teams/1335/60.png,https://cdn.sofifa.net/flags/fr.png
215698,M. Maignan,Mike Maignan,GK,84,89,25,France,SUB,23.0,AC Milan,Italian Serie A,49500000.0,45000.0,,,,,,,215698,https://sofifa.com/player/215698/mike-maignan/220002,M. Maignan,GK,84,89,49500000.0,45000.0,25,1995-07-03,191,89,47.0,AC Milan,Italian Serie A,1.0,GK,16.0,,2021-07-01,2026.0,18,France,1335.0,SUB,23.0,Right,4,1,2,Medium/Medium,Normal (185+),No,87900000.0,,Comes For Crosses,,,,,,,18,15,17,55,16,32,28,16,46,40,49,51,39,82,55,64,74,39,78,20,30,25,15,60,15,65,23,16,19,83,81,85,84,86,50.0,38+2,38+2,38+2,38,41,41,41,38,43+2,43+2,43+2,41+2,44+2,44+2,44+2,41+2,36+2,40+2,40+2,40+2,36+2,34+2,34+2,34+2,34+2,34+2,83+2,https://cdn.sofifa.net/players/215/698/22_120.png,https://cdn.sofifa.net/teams/47/60.png,https://cdn.sofifa.net/flags/it.png,https://cdn.sofifa.net/teams/1335/60.png,https://cdn.sofifa.net/flags/fr.png
213565,T. Lemar,Thomas Lemar,"LM, CM, RM",83,86,25,France,SUB,8.0,Atlético de Madrid,Spain Primera Division,48000000.0,71000.0,82.0,76.0,82.0,86.0,59.0,63.0,213565,https://sofifa.com/player/213565/thomas-lemar/220002,T. Lemar,"LM, CM, RM",83,86,48000000.0,71000.0,25,1995-11-12,171,66,240.0,Atlético de Madrid,Spain Primera Division,1.0,LCM,11.0,,2018-07-01,2023.0,18,France,1335.0,SUB,8.0,Left,3,4,3,High/Medium,Lean (170-185),Yes,102000000.0,"#Dribbler, #Acrobat","Finesse Shot, Technical Dribbler (AI)",82.0,76.0,82.0,86.0,59.0,63.0,83,75,54,83,76,88,85,81,76,86,84,80,88,81,82,79,69,76,55,77,63,66,80,83,68,79,55,59,63,11,15,13,7,14,,77+3,77+3,77+3,83,82,82,82,83,83+3,83+3,83+3,82+3,80+3,80+3,80+3,82+3,74+3,71+3,71+3,71+3,74+3,71+3,63+3,63+3,63+3,71+3,19+3,https://cdn.sofifa.net/players/213/565/22_120.png,https://cdn.sofifa.net/teams/240/60.png,https://cdn.sofifa.net/flags/es.png,https://cdn.sofifa.net/teams/1335/60.png,https://cdn.sofifa.net/flags/fr.png
220814,L. Hernández,Lucas François Bernard Hernández Pi,"LB, CB",83,86,25,France,LB,22.0,FC Bayern München,German 1. Bundesliga,44500000.0,85000.0,77.0,54.0,68.0,71.0,84.0,79.0,220814,https://sofifa.com/player/220814/lucas-hernandez/220002,L. Hernández,"LB, CB",83,86,44500000.0,85000.0,25,1996-02-14,184,79,21.0,FC Bayern München,German 1. Bundesliga,1.0,SUB,21.0,,2019-07-01,2024.0,18,France,1335.0,LB,22.0,Left,3,2,3,Low/High,Unique,Yes,76800000.0,,Injury Prone,77.0,54.0,68.0,71.0,84.0,79.0,78,53,82,74,46,65,59,39,63,76,77,77,70,85,68,62,86,76,77,51,88,83,62,63,42,76,85,85,86,10,7,8,14,10,,68+3,68+3,68+3,69,68,68,68,69,68+3,68+3,68+3,71+3,71+3,71+3,71+3,71+3,80+3,79+3,79+3,79+3,80+3,81+3,83+3,83+3,83+3,81+3,18+3,https://cdn.sofifa.net/players/220/814/22_120.png,https://cdn.sofifa.net/teams/21/60.png,https://cdn.sofifa.net/flags/de.png,https://cdn.sofifa.net/teams/1335/60.png,https://cdn.sofifa.net/flags/fr.png
225850,P. Kimpembe,Presnel Kimpembe,CB,83,87,25,France,LCB,3.0,Paris Saint-Germain,French Ligue 1,45500000.0,90000.0,81.0,42.0,68.0,70.0,83.0,86.0,225850,https://sofifa.com/player/225850/presnel-kimpembe/220002,P. Kimpembe,CB,83,87,45500000.0,90000.0,25,1995-08-13,189,80,73.0,Paris Saint-Germain,French Ligue 1,1.0,SUB,3.0,,2015-07-01,2024.0,18,France,1335.0,LCB,3.0,Left,3,2,3,Medium/High,Normal (185+),Yes,87600000.0,,"Leadership, Team Player",81.0,42.0,68.0,70.0,83.0,86.0,59,31,80,80,33,63,50,32,75,78,80,81,69,80,60,70,79,81,87,37,90,84,47,64,57,80,81,86,84,7,8,14,15,9,,63+3,63+3,63+3,64,64,64,64,64,66+3,66+3,66+3,68+3,72+3,72+3,72+3,68+3,78+3,81+3,81+3,81+3,78+3,80+3,83+3,83+3,83+3,80+3,18+3,https://cdn.sofifa.net/players/225/850/22_120.png,https://cdn.sofifa.net/teams/73/60.png,https://cdn.sofifa.net/flags/fr.png,https://cdn.sofifa.net/teams/1335/60.png,https://cdn.sofifa.net/flags/fr.png
241486,J. Koundé,Jules Koundé,CB,83,89,22,France,SUB,5.0,Sevilla FC,Spain Primera Division,53000000.0,33000.0,81.0,45.0,64.0,72.0,84.0,78.0,241486,https://sofifa.com/player/241486/jules-kounde/220002,J. Koundé,CB,83,89,53000000.0,33000.0,22,1998-11-12,181,75,481.0,Sevilla FC,Spain Primera Division,1.0,RCB,23.0,,2019-07-03,2024.0,18,France,1335.0,SUB,5.0,Right,3,2,2,High/High,Normal (170-185),No,121900000.0,#Tactician ,,81.0,45.0,64.0,72.0,84.0,78.0,45,47,79,80,32,69,42,26,75,74,81,81,71,85,74,48,88,76,79,40,75,86,47,62,43,82,85,85,83,11,10,8,14,13,,63+2,63+2,63+2,66,66,66,66,66,68+2,68+2,68+2,68+2,72+2,72+2,72+2,68+2,77+2,80+2,80+2,80+2,77+2,79+2,82+2,82+2,82+2,79+2,20+2,https://cdn.sofifa.net/players/241/486/22_120.png,https://cdn.sofifa.net/teams/481/60.png,https://cdn.sofifa.net/flags/es.png,https://cdn.sofifa.net/teams/1335/60.png,https://cdn.sofifa.net/flags/fr.png
201519,J. Veretout,Jordan Veretout,"CDM, CM",82,83,28,France,SUB,17.0,Roma,Italian Serie A,29500000.0,66000.0,77.0,75.0,77.0,79.0,77.0,81.0,201519,https://sofifa.com/player/201519/jordan-veretout/220002,J. Veretout,"CDM, CM",82,83,29500000.0,66000.0,28,1993-03-01,177,67,52.0,Roma,Italian Serie A,1.0,LDM,17.0,,2019-07-20,2024.0,18,France,1335.0,SUB,17.0,Right,3,3,2,Medium/Medium,Normal (170-185),Yes,52400000.0,,"Long Shot Taker (AI), Playmaker (AI)",77.0,75.0,77.0,79.0,77.0,81.0,69,69,59,85,72,76,69,71,80,82,84,72,76,79,81,83,74,85,79,80,84,77,69,74,85,82,79,81,77,9,10,11,8,9,,74+2,74+2,74+2,76,77,77,77,76,78+2,78+2,78+2,77+2,79+2,79+2,79+2,77+2,79+2,81+2,81+2,81+2,79+2,78+2,77+2,77+2,77+2,78+2,17+2,https://cdn.sofifa.net/players/201/519/22_120.png,https://cdn.sofifa.net/teams/52/60.png,https://cdn.sofifa.net/flags/it.png,https://cdn.sofifa.net/teams/1335/60.png,https://cdn.sofifa.net/flags/fr.png
220440,C. Lenglet,Clément Nicolas Laurent Lenglet,CB,82,86,26,France,SUB,21.0,FC Barcelona,Spain Primera Division,37500000.0,145000.0,72.0,45.0,67.0,66.0,83.0,79.0,220440,https://sofifa.com/player/220440/clement-lenglet/220002,C. Lenglet,CB,82,86,37500000.0,145000.0,26,1995-06-17,186,81,241.0,FC Barcelona,Spain Primera Division,1.0,SUB,15.0,,2018-07-12,2026.0,18,France,1335.0,SUB,21.0,Left,4,2,2,Medium/High,Unique,Yes,79700000.0,,Power Header,72.0,45.0,67.0,66.0,83.0,79.0,55,39,81,78,37,57,59,31,74,76,73,71,61,81,58,58,84,75,80,46,79,85,54,66,49,82,84,82,80,10,10,9,12,7,,63+2,63+2,63+2,63,64,64,64,63,66+2,66+2,66+2,66+2,71+2,71+2,71+2,66+2,75+2,79+2,79+2,79+2,75+2,77+2,81+2,81+2,81+2,77+2,18+2,https://cdn.sofifa.net/players/220/440/22_120.png,https://cdn.sofifa.net/teams/241/60.png,https://cdn.sofifa.net/flags/es.png,https://cdn.sofifa.net/teams/1335/60.png,https://cdn.sofifa.net/flags/fr.png
163705,S. Mandanda,Steve Mandanda,GK,81,81,36,France,SUB,16.0,Olympique de Marseille,French Ligue 1,2900000.0,24000.0,,,,,,,163705,https://sofifa.com/player/163705/steve-mandanda/220002,S. Mandanda,GK,81,81,2900000.0,24000.0,36,1985-03-28,185,82,219.0,Olympique de Marseille,French Ligue 1,1.0,GK,30.0,,2017-07-11,2024.0,18,France,1335.0,SUB,16.0,Right,3,1,3,Medium/Medium,Normal (185+),Yes,5500000.0,,"Leadership, Team Player",,,,,,,14,13,13,46,13,19,13,12,36,27,53,43,52,80,36,59,69,31,61,7,37,23,11,55,11,62,13,15,13,80,80,78,81,81,49.0,31+3,31+3,31+3,32,34,34,34,32,36+3,36+3,36+3,34+3,36+3,36+3,36+3,34+3,30+3,34+3,34+3,34+3,30+3,29+3,29+3,29+3,29+3,29+3,80+1,https://cdn.sofifa.net/players/163/705/22_120.png,https://cdn.sofifa.net/teams/219/60.png,https://cdn.sofifa.net/flags/fr.png,https://cdn.sofifa.net/teams/1335/60.png,https://cdn.sofifa.net/flags/fr.png
204311,K. Zouma,Kurt Happy Zouma,CB,81,84,26,France,SUB,15.0,West Ham United,English Premier League,30000000.0,75000.0,65.0,51.0,63.0,57.0,81.0,85.0,204311,https://sofifa.com/player/204311/kurt-zouma/220002,K. Zouma,CB,81,84,30000000.0,75000.0,26,1994-10-27,190,95,19.0,West Ham United,English Premier League,1.0,SUB,4.0,,2021-08-28,2025.0,18,France,1335.0,SUB,15.0,Right,3,2,2,Medium/Medium,Normal (185+),Yes,59300000.0,#Strength,Power Header,65.0,51.0,63.0,57.0,81.0,85.0,49,47,84,72,47,50,60,59,68,64,54,74,52,78,52,63,91,67,93,49,84,80,49,60,59,69,81,82,78,14,14,7,9,15,,62+2,62+2,62+2,58,60,60,60,58,60+2,60+2,60+2,60+2,66+2,66+2,66+2,60+2,70+2,75+2,75+2,75+2,70+2,73+2,81+2,81+2,81+2,73+2,20+2,https://cdn.sofifa.net/players/204/311/22_120.png,https://cdn.sofifa.net/teams/19/60.png,https://cdn.sofifa.net/flags/gb-eng.png,https://cdn.sofifa.net/teams/1335/60.png,https://cdn.sofifa.net/flags/fr.png
210008,A. Rabiot,Adrien Rabiot,"CM, CDM",81,82,26,France,LCM,14.0,Juventus,Italian Serie A,30000000.0,87000.0,76.0,74.0,76.0,80.0,76.0,79.0,210008,https://sofifa.com/player/210008/adrien-rabiot/220002,A. Rabiot,"CM, CDM",81,82,30000000.0,87000.0,26,1995-04-03,192,80,45.0,Juventus,Italian Serie A,1.0,LDM,25.0,,2019-07-01,2023.0,18,France,1335.0,LCM,14.0,Left,3,3,2,Medium/Medium,Lean (185+),Yes,51800000.0,,,76.0,74.0,76.0,80.0,76.0,79.0,70,69,69,84,69,80,55,59,80,84,70,81,69,82,69,86,73,86,80,76,69,80,76,75,67,80,70,81,75,9,12,9,7,15,,77+2,77+2,77+2,77,78,78,78,77,79+2,79+2,79+2,78+2,81+1,81+1,81+1,78+2,79+2,80+2,80+2,80+2,79+2,78+2,77+2,77+2,77+2,78+2,19+2,https://cdn.sofifa.net/players/210/008/22_120.png,https://cdn.sofifa.net/teams/45/60.png,https://cdn.sofifa.net/flags/it.png,https://cdn.sofifa.net/teams/1335/60.png,https://cdn.sofifa.net/flags/fr.png
211300,A. Martial,Anthony Martial,"ST, LM",81,84,25,France,SUB,9.0,Manchester United,English Premier League,34500000.0,130000.0,87.0,80.0,73.0,85.0,35.0,68.0,211300,https://sofifa.com/player/211300/anthony-martial/220002,A. Martial,"ST, LM",81,84,34500000.0,130000.0,25,1995-12-05,184,76,11.0,Manchester United,English Premier League,1.0,SUB,9.0,,2015-09-01,2024.0,18,France,1335.0,SUB,9.0,Right,4,4,3,Low/Low,Unique,Yes,66400000.0,#Dribbler,"Finesse Shot, Flair, Outside Foot Shot, Chip Shot (AI), Technical Dribbler (AI)",87.0,80.0,73.0,85.0,35.0,68.0,73,80,71,78,76,88,84,54,60,86,87,87,82,79,79,83,73,68,74,76,54,34,79,77,80,78,26,33,31,9,8,8,15,11,,80+3,80+3,80+3,82,82,82,82,82,81+3,81+3,81+3,80+3,72+3,72+3,72+3,80+3,61+3,56+3,56+3,56+3,61+3,57+3,50+3,50+3,50+3,57+3,18+3,https://cdn.sofifa.net/players/211/300/22_120.png,https://cdn.sofifa.net/teams/11/60.png,https://cdn.sofifa.net/flags/gb-eng.png,https://cdn.sofifa.net/teams/1335/60.png,https://cdn.sofifa.net/flags/fr.png
241852,M. Diaby,Moussa Diaby,"LW, RW",81,88,21,France,SUB,11.0,Bayer 04 Leverkusen,German 1. Bundesliga,52500000.0,52000.0,94.0,67.0,73.0,85.0,41.0,53.0,241852,https://sofifa.com/player/241852/moussa-diaby/220002,M. Diaby,"LW, RW",81,88,52500000.0,52000.0,21,1999-07-07,170,68,32.0,Bayer 04 Leverkusen,German 1. Bundesliga,1.0,RM,19.0,,2019-07-01,2025.0,18,France,1335.0,SUB,11.0,Left,2,4,2,High/Low,Normal (170-),No,99800000.0,"#Speedster, #Dribbler, #Acrobat","Speed Dribbler (AI), Technical Dribbler (AI)",94.0,67.0,73.0,85.0,41.0,53.0,75,73,28,78,63,87,66,41,70,82,96,92,92,77,93,73,62,70,44,54,51,48,77,76,42,75,46,35,46,8,9,8,8,14,,71+2,71+2,71+2,81,78,78,78,81,79+2,79+2,79+2,80+2,73+2,73+2,73+2,80+2,66+2,60+2,60+2,60+2,66+2,62+2,49+2,49+2,49+2,62+2,17+2,https://cdn.sofifa.net/players/241/852/22_120.png,https://cdn.sofifa.net/teams/32/60.png,https://cdn.sofifa.net/flags/de.png,https://cdn.sofifa.net/teams/1335/60.png,https://cdn.sofifa.net/flags/fr.png
241637,A. Tchouaméni,Aurélien Tchouaméni,"CM, CDM",79,85,21,France,SUB,24.0,AS Monaco,French Ligue 1,28000000.0,41000.0,72.0,69.0,75.0,77.0,77.0,82.0,241637,https://sofifa.com/player/241637/aurelien-tchouameni/220002,A. Tchouaméni,"CM, CDM",79,85,28000000.0,41000.0,21,2000-01-27,187,81,69.0,AS Monaco,French Ligue 1,1.0,LCM,8.0,,2020-01-30,2024.0,18,France,1335.0,SUB,24.0,Right,3,3,2,High/High,Normal (185+),No,58800000.0,,Long Passer (AI),72.0,69.0,75.0,77.0,77.0,82.0,65,67,73,80,50,77,68,53,79,79,70,73,75,79,69,76,74,85,82,72,78,78,79,78,55,78,77,79,71,9,8,12,12,7,,75+2,75+2,75+2,75,76,76,76,75,77+2,77+2,77+2,76+2,79+2,79+2,79+2,76+2,76+2,79+2,79+2,79+2,76+2,76+2,77+2,77+2,77+2,76+2,17+2,https://cdn.sofifa.net/players/241/637/22_120.png,https://cdn.sofifa.net/teams/69/60.png,https://cdn.sofifa.net/flags/fr.png,https://cdn.sofifa.net/teams/1335/60.png,https://cdn.sofifa.net/flags/fr.png
216643,L. Dubois,Léo Dubois,RB,78,79,26,France,RB,2.0,Olympique Lyonnais,French Ligue 1,15000000.0,55000.0,72.0,59.0,75.0,73.0,76.0,74.0,216643,https://sofifa.com/player/216643/leo-dubois/220002,L. Dubois,RB,78,79,15000000.0,55000.0,26,1994-09-14,178,65,66.0,Olympique Lyonnais,French Ligue 1,1.0,RB,14.0,,2018-07-01,2024.0,18,France,1335.0,RB,2.0,Right,4,3,3,High/Medium,Lean (170-185),Yes,29600000.0,,,72.0,59.0,75.0,73.0,76.0,74.0,79,53,60,78,73,73,76,56,75,75,70,74,67,78,66,72,73,80,72,55,70,78,72,71,46,78,76,78,78,13,8,8,9,16,,68+3,68+3,68+3,71,71,71,71,71,72+3,72+3,72+3,74+3,74+3,74+3,74+3,74+3,77+2,76+3,76+3,76+3,77+2,76+3,74+3,74+3,74+3,76+3,19+3,https://cdn.sofifa.net/players/216/643/22_120.png,https://cdn.sofifa.net/teams/66/60.png,https://cdn.sofifa.net/flags/fr.png,https://cdn.sofifa.net/teams/1335/60.png,https://cdn.sofifa.net/flags/fr.png
194958,A. Mooy,Aaron Frank Mooy,"CM, CAM",77,77,30,Australia,RDM,8.0,Shanghai Port FC,Chinese Super League,10000000.0,25000.0,63.0,72.0,78.0,75.0,69.0,76.0,194958,https://sofifa.com/player/194958/aaron-mooy/220002,A. Mooy,"CM, CAM",77,77,10000000.0,25000.0,30,1990-09-15,175,68,112540.0,Shanghai Port FC,Chinese Super League,1.0,CM,19.0,,2020-08-28,2023.0,195,Australia,1415.0,RDM,8.0,Right,3,3,1,Medium/Medium,Normal (170-185),Yes,15500000.0,,"Solid Player, Early Crosser, Long Shot Taker (AI), Playmaker (AI), Outside Foot Shot",63.0,72.0,78.0,75.0,69.0,76.0,77,68,50,80,65,73,73,72,80,77,67,60,70,74,77,76,70,82,74,78,75,70,70,79,73,80,72,72,69,11,8,12,11,12,,70+2,70+2,70+2,73,73,73,73,73,75+2,75+2,75+2,74+2,77,77,77,74+2,74+2,75+2,75+2,75+2,74+2,72+2,70+2,70+2,70+2,72+2,18+2,https://cdn.sofifa.net/players/194/958/22_120.png,https://cdn.sofifa.net/teams/112540/60.png,https://cdn.sofifa.net/flags/cn.png,https://cdn.sofifa.net/teams/1415/60.png,https://cdn.sofifa.net/flags/au.png
199005,M. Ryan,Mathew David Ryan,GK,77,79,29,Australia,GK,1.0,Real Sociedad,Spain Primera Division,8500000.0,25000.0,,,,,,,199005,https://sofifa.com/player/199005/mathew-ryan/220002,M. Ryan,GK,77,79,8500000.0,25000.0,29,1992-04-08,184,82,457.0,Real Sociedad,Spain Primera Division,1.0,SUB,13.0,,2021-07-12,2023.0,195,Australia,1415.0,GK,1.0,Right,4,1,1,Medium/Medium,Normal (170-185),Yes,18500000.0,,"GK Long Throw, Rushes Out Of Goal",,,,,,,23,11,14,40,15,13,23,12,45,24,53,52,53,71,50,62,78,34,65,18,36,23,10,68,25,64,10,20,17,77,75,82,76,79,53.0,31+2,31+2,31+2,31,33,33,33,31,36+2,36+2,36+2,34+2,37+2,37+2,37+2,34+2,30+2,34+2,34+2,34+2,30+2,30+2,30+2,30+2,30+2,30+2,76+2,https://cdn.sofifa.net/players/199/005/22_120.png,https://cdn.sofifa.net/teams/457/60.png,https://cdn.sofifa.net/flags/es.png,https://cdn.sofifa.net/teams/1415/60.png,https://cdn.sofifa.net/flags/au.png
212232,J. Maclaren,Jamie Maclaren,ST,76,76,27,Australia,SUB,9.0,Melbourne City FC,Australian Hyundai A-League,8000000.0,15000.0,81.0,75.0,64.0,73.0,38.0,76.0,212232,https://sofifa.com/player/212232/jamie-maclaren/220002,J. Maclaren,ST,76,76,8000000.0,15000.0,27,1993-07-29,179,76,112224.0,Melbourne City FC,Australian Hyundai A-League,1.0,ST,9.0,,2019-01-31,2024.0,195,Australia,1415.0,SUB,9.0,Right,5,3,1,High/High,Normal (170-185),No,10000000.0,,"Solid Player, Finesse Shot",81.0,75.0,64.0,73.0,38.0,76.0,57,79,73,70,65,71,72,67,54,70,83,80,85,75,80,74,89,85,73,68,71,52,84,65,73,76,25,32,31,9,15,11,6,13,,76,76,76,73,74,74,74,73,72+2,72+2,72+2,72+2,67+2,67+2,67+2,72+2,59+2,57+2,57+2,57+2,59+2,57+2,53+2,53+2,53+2,57+2,18+2,https://cdn.sofifa.net/players/212/232/22_120.png,https://cdn.sofifa.net/teams/112224/60.png,https://cdn.sofifa.net/flags/au.png,https://cdn.sofifa.net/teams/1415/60.png,https://cdn.sofifa.net/flags/au.png
181481,D. Vukovic,Daniel Vuković,GK,74,74,36,Australia,SUB,18.0,N.E.C. Nijmegen,Holland Eredivisie,475000.0,6000.0,,,,,,,181481,https://sofifa.com/player/181481/danny-vukovic/220002,D. Vukovic,GK,74,74,475000.0,6000.0,36,1985-03-27,187,95,1910.0,N.E.C. Nijmegen,Holland Eredivisie,1.0,SUB,27.0,,2021-07-01,2023.0,195,Australia,1415.0,SUB,18.0,Right,2,1,1,Medium/Medium,Stocky (185+),No,689000.0,,Cautious With Crosses,,,,,,,11,11,16,25,11,11,15,13,12,18,53,47,41,68,58,47,69,34,74,13,41,17,6,36,37,33,23,15,11,72,70,63,78,75,51.0,27+2,27+2,27+2,24,26,26,26,24,25+2,25+2,25+2,25+2,24+2,24+2,24+2,25+2,26+2,27+2,27+2,27+2,26+2,26+2,29+2,29+2,29+2,26+2,73+1,https://cdn.sofifa.net/players/181/481/22_120.png,https://cdn.sofifa.net/teams/1910/60.png,https://cdn.sofifa.net/flags/nl.png,https://cdn.sofifa.net/teams/1415/60.png,https://cdn.sofifa.net/flags/au.png
229585,M. Degenek,Miloš Degenek,"CB, CDM",73,76,27,Australia,SUB,2.0,,,,,78.0,62.0,68.0,64.0,71.0,83.0,229585,https://sofifa.com/player/229585/milos-degenek/220002,M. Degenek,"CB, CDM",73,76,,,27,1994-04-28,187,82,,,,,,,,,,195,Australia,1415.0,SUB,2.0,Right,4,2,1,High/High,Normal (185+),No,,,Dives Into Tackles (AI),78.0,62.0,68.0,64.0,71.0,83.0,67,59,70,71,62,58,69,44,72,65,79,78,78,72,66,70,81,83,84,61,81,71,55,67,58,76,67,73,76,14,12,7,10,12,,66+2,66+2,66+2,66,65,65,65,66,66+2,66+2,66+2,67+2,68+2,68+2,68+2,67+2,72+2,72+2,72+2,72+2,72+2,73+2,73+2,73+2,73+2,73+2,18+2,https://cdn.sofifa.net/players/229/585/22_120.png,,,https://cdn.sofifa.net/teams/1415/60.png,https://cdn.sofifa.net/flags/au.png
192241,R. Grant,Rhyan Bert Grant,RB,72,72,30,Australia,RB,4.0,Sydney FC,Australian Hyundai A-League,2000000.0,7000.0,74.0,62.0,67.0,69.0,66.0,82.0,192241,https://sofifa.com/player/192241/rhyan-grant/220002,R. Grant,RB,72,72,2000000.0,7000.0,30,1991-02-26,176,79,111400.0,Sydney FC,Australian Hyundai A-League,1.0,RB,23.0,,2009-09-01,2022.0,195,Australia,1415.0,RB,4.0,Right,3,3,1,High/Medium,Normal (170-185),No,2500000.0,,"Dives Into Tackles (AI), Team Player",74.0,62.0,67.0,69.0,66.0,82.0,68,60,55,73,53,67,59,51,59,68,77,71,79,65,75,67,86,95,77,64,77,68,65,67,56,70,66,66,68,16,15,16,7,10,,65+2,65+2,65+2,68,67,67,67,68,68+2,68+2,68+2,69+2,68+2,68+2,68+2,69+2,71+1,70+2,70+2,70+2,71+1,70+2,68+2,68+2,68+2,70+2,18+2,https://cdn.sofifa.net/players/192/241/22_120.png,https://cdn.sofifa.net/teams/111400/60.png,https://cdn.sofifa.net/flags/au.png,https://cdn.sofifa.net/teams/1415/60.png,https://cdn.sofifa.net/flags/au.png
199000,T. Sainsbury,Trent Lucas Sainsbury,"CB, CDM",72,72,29,Australia,RCB,20.0,KV Kortrijk,Belgian Jupiler Pro League,2000000.0,11000.0,69.0,57.0,56.0,54.0,74.0,75.0,199000,https://sofifa.com/player/199000/trent-sainsbury/220002,T. Sainsbury,"CB, CDM",72,72,2000000.0,11000.0,29,1992-01-05,183,76,100081.0,KV Kortrijk,Belgian Jupiler Pro League,1.0,RCB,5.0,,2020-08-19,2022.0,195,Australia,1415.0,RCB,20.0,Right,3,2,1,Medium/Medium,Normal (170-185),No,2900000.0,,,69.0,57.0,56.0,54.0,74.0,75.0,48,55,72,67,43,45,52,25,65,55,69,69,67,68,67,66,78,75,76,58,72,76,52,47,63,70,78,70,72,13,12,11,14,6,,61+2,61+2,61+2,56,57,57,57,56,57+2,57+2,57+2,58+2,61+2,61+2,61+2,58+2,67+2,69+2,69+2,69+2,67+2,69+2,72,72,72,69+2,17+2,https://cdn.sofifa.net/players/199/000/22_120.png,https://cdn.sofifa.net/teams/100081/60.png,https://cdn.sofifa.net/flags/be.png,https://cdn.sofifa.net/teams/1415/60.png,https://cdn.sofifa.net/flags/au.png
207928,T. Rogić,Tomas Petar Rogić,CAM,72,72,28,Australia,CAM,23.0,Celtic,Scottish Premiership,2400000.0,36000.0,66.0,71.0,70.0,74.0,50.0,63.0,207928,https://sofifa.com/player/207928/tom-rogic/220002,T. Rogić,CAM,72,72,2400000.0,36000.0,28,1992-12-16,189,88,78.0,Celtic,Scottish Premiership,1.0,RCM,18.0,,2013-01-09,2023.0,195,Australia,1415.0,CAM,23.0,Left,4,4,1,Medium/Medium,Normal (185+),No,4300000.0,,"Injury Prone, Playmaker (AI)",66.0,71.0,70.0,74.0,50.0,63.0,61,68,53,74,66,76,76,62,71,77,67,65,64,62,66,78,32,54,77,75,48,44,73,72,56,76,51,53,43,12,11,13,12,11,,70+2,70+2,70+2,71,72,72,72,71,72,72,72,70+2,69+2,69+2,69+2,70+2,59+2,60+2,60+2,60+2,59+2,57+2,55+2,55+2,55+2,57+2,17+2,https://cdn.sofifa.net/players/207/928/22_120.png,https://cdn.sofifa.net/teams/78/60.png,https://cdn.sofifa.net/flags/gb-sct.png,https://cdn.sofifa.net/teams/1415/60.png,https://cdn.sofifa.net/flags/au.png
211221,M. Boyle,Martin Callie Boyle,"RM, ST, RWB",71,71,28,Australia,RM,6.0,Hibernian,Scottish Premiership,1900000.0,7000.0,92.0,66.0,60.0,71.0,49.0,63.0,211221,https://sofifa.com/player/211221/martin-boyle/220002,M. Boyle,"RM, ST, RWB",71,71,1900000.0,7000.0,28,1993-04-25,172,70,81.0,Hibernian,Scottish Premiership,1.0,RM,10.0,,2015-07-01,2024.0,195,Australia,1415.0,RM,6.0,Right,3,3,1,High/Medium,Lean (170-185),No,3300000.0,#Speedster,"Long Shot Taker (AI), Speed Dribbler (AI)",92.0,66.0,60.0,71.0,49.0,63.0,67,67,51,63,50,72,57,54,50,66,93,91,83,62,77,73,70,84,55,58,56,36,67,59,67,62,53,54,47,14,10,13,15,7,,67+2,67+2,67+2,70,68,68,68,70,67+2,67+2,67+2,70+1,61+2,61+2,61+2,70+1,63+2,56+2,56+2,56+2,63+2,61+2,53+2,53+2,53+2,61+2,17+2,https://cdn.sofifa.net/players/211/221/22_120.png,https://cdn.sofifa.net/teams/81/60.png,https://cdn.sofifa.net/flags/gb-sct.png,https://cdn.sofifa.net/teams/1415/60.png,https://cdn.sofifa.net/flags/au.png
229901,H. Souttar,Harry James Souttar,CB,71,79,22,Australia,LCB,19.0,Stoke City,English League Championship,3900000.0,14000.0,41.0,28.0,48.0,57.0,72.0,75.0,229901,https://sofifa.com/player/229901/harry-souttar/220002,H. Souttar,CB,71,79,3900000.0,14000.0,22,1998-10-22,200,79,1806.0,Stoke City,English League Championship,2.0,CB,36.0,,2016-09-30,2025.0,195,Australia,1415.0,LCB,19.0,Right,3,2,1,Medium/High,Normal (185+),No,8200000.0,,"Long Passer (AI), Power Header",41.0,28.0,48.0,57.0,72.0,75.0,24,25,71,63,23,56,26,31,58,62,43,40,58,70,33,33,70,66,84,26,63,72,26,47,40,52,73,70,71,12,12,12,15,13,,46+2,46+2,46+2,46,47,47,47,46,51+2,51+2,51+2,49+2,57+2,57+2,57+2,49+2,60+2,67+2,67+2,67+2,60+2,62+2,71+2,71+2,71+2,62+2,19+2,https://cdn.sofifa.net/players/229/901/22_120.png,https://cdn.sofifa.net/teams/1806/60.png,https://cdn.sofifa.net/flags/gb-eng.png,https://cdn.sofifa.net/teams/1415/60.png,https://cdn.sofifa.net/flags/au.png
202676,A. Taggart,Adam Jake Taggart,ST,70,70,28,Australia,ST,10.0,Cerezo Osaka,Japanese J. League Division 1,1600000.0,6000.0,83.0,70.0,62.0,70.0,38.0,69.0,202676,https://sofifa.com/player/202676/adam-taggart/220002,A. Taggart,ST,70,70,1600000.0,6000.0,28,1993-06-02,183,69,101148.0,Cerezo Osaka,Japanese J. League Division 1,1.0,RS,9.0,,2021-01-09,2022.0,195,Australia,1415.0,ST,10.0,Right,3,3,1,High/Medium,Normal (170-185),No,2100000.0,,"Injury Prone, Finesse Shot",83.0,70.0,62.0,70.0,38.0,69.0,59,69,63,66,72,66,68,40,55,74,82,83,82,66,64,72,65,76,72,70,55,45,71,65,62,75,30,34,32,16,15,12,8,14,,70,70,70,70,70,70,70,70,69+1,69+1,69+1,69+1,64+2,64+2,64+2,69+1,57+2,54+2,54+2,54+2,57+2,55+2,50+2,50+2,50+2,55+2,19+2,https://cdn.sofifa.net/players/202/676/22_120.png,https://cdn.sofifa.net/teams/101148/60.png,https://cdn.sofifa.net/flags/jp.png,https://cdn.sofifa.net/teams/1415/60.png,https://cdn.sofifa.net/flags/au.png
233487,R. McGree,Riley Patrick McGree,"CM, RM, CAM",70,77,22,Australia,SUB,3.0,Birmingham City,English League Championship,3200000.0,11000.0,79.0,69.0,68.0,74.0,62.0,73.0,233487,https://sofifa.com/player/233487/riley-mcgree/220002,R. McGree,"CM, RM, CAM",70,77,3200000.0,11000.0,22,1998-11-02,178,72,88.0,Birmingham City,English League Championship,2.0,SUB,18.0,,2020-10-05,2022.0,195,Australia,1415.0,SUB,3.0,Left,3,3,1,High/Medium,Normal (170-185),No,6700000.0,,Technical Dribbler (AI),79.0,69.0,68.0,74.0,62.0,73.0,66,70,53,69,64,73,68,62,68,72,81,77,84,71,75,68,68,78,73,67,67,65,74,71,63,73,64,63,58,12,9,5,8,13,,70+2,70+2,70+2,72,72,72,72,72,72+2,72+2,72+2,72+2,70+2,70+2,70+2,72+2,69+2,68+2,68+2,68+2,69+2,67+2,65+2,65+2,65+2,67+2,17+2,https://cdn.sofifa.net/players/233/487/22_120.png,https://cdn.sofifa.net/teams/88/60.png,https://cdn.sofifa.net/flags/gb-eng.png,https://cdn.sofifa.net/teams/1415/60.png,https://cdn.sofifa.net/flags/au.png
237647,A. Hrustić,Ajdin Hrustić,"RM, CAM, CM",70,73,24,Australia,LDM,7.0,Eintracht Frankfurt,German 1. Bundesliga,2200000.0,13000.0,69.0,65.0,68.0,72.0,57.0,67.0,237647,https://sofifa.com/player/237647/ajdin-hrustic/220002,A. Hrustić,"RM, CAM, CM",70,73,2200000.0,13000.0,24,1996-07-05,183,74,1824.0,Eintracht Frankfurt,German 1. Bundesliga,1.0,RES,7.0,,2020-09-28,2023.0,195,Australia,1415.0,LDM,7.0,Left,2,3,1,Medium/Medium,Lean (170-185),No,3900000.0,,"Long Shot Taker (AI), Playmaker (AI)",69.0,65.0,68.0,72.0,57.0,67.0,68,63,51,69,56,71,73,69,65,74,71,68,75,67,72,67,65,76,64,68,66,60,67,68,63,70,58,59,48,9,7,8,7,6,,66+2,66+2,66+2,69,68,68,68,69,69+2,69+2,69+2,69+2,68+2,68+2,68+2,69+2,65+2,64+2,64+2,64+2,65+2,63+2,60+2,60+2,60+2,63+2,14+2,https://cdn.sofifa.net/players/237/647/22_120.png,https://cdn.sofifa.net/teams/1824/60.png,https://cdn.sofifa.net/flags/de.png,https://cdn.sofifa.net/teams/1415/60.png,https://cdn.sofifa.net/flags/au.png
202157,A. Behich,Aziz Eraltay Behich,"LB, LM",69,69,30,Australia,LB,16.0,GZT Giresunspor,Turkish Süper Lig,1200000.0,7000.0,77.0,62.0,64.0,70.0,65.0,68.0,202157,https://sofifa.com/player/202157/aziz-behich/220002,A. Behich,"LB, LM",69,69,1200000.0,7000.0,30,1990-12-16,170,63,112120.0,GZT Giresunspor,Turkish Süper Lig,1.0,SUB,16.0,,2021-08-26,2022.0,195,Australia,1415.0,LB,16.0,Left,4,3,1,High/Medium,Normal (170-),No,2300000.0,,Long Throw-in,77.0,62.0,64.0,70.0,65.0,68.0,69,61,54,68,57,70,72,55,66,66,80,74,84,63,87,72,75,72,60,59,80,65,61,50,47,64,64,69,66,14,11,11,14,15,,64+2,64+2,64+2,67,65,65,65,67,65+2,65+2,65+2,67+2,64+2,64+2,64+2,67+2,68+1,66+2,66+2,66+2,68+1,67+2,66+2,66+2,66+2,67+2,19+2,https://cdn.sofifa.net/players/202/157/22_120.png,https://cdn.sofifa.net/teams/112120/60.png,https://cdn.sofifa.net/flags/tr.png,https://cdn.sofifa.net/teams/1415/60.png,https://cdn.sofifa.net/flags/au.png
203423,L. Thomas,Lawrence Andrew Kingsley Thomas,GK,69,69,29,Australia,SUB,12.0,SønderjyskE,Danish Superliga,950000.0,6000.0,,,,,,,203423,https://sofifa.com/player/203423/lawrence-thomas/220002,L. Thomas,GK,69,69,950000.0,6000.0,29,1992-05-09,191,91,1447.0,SønderjyskE,Danish Superliga,1.0,GK,1.0,,2020-08-02,2022.0,195,Australia,1415.0,SUB,12.0,Right,2,1,1,Medium/Medium,Normal (185+),No,1200000.0,,"Rushes Out Of Goal, Comes For Crosses",,,,,,,14,14,12,38,20,18,19,15,41,14,32,42,61,72,34,48,65,32,52,13,32,12,14,54,15,63,16,20,18,71,66,64,65,69,36.0,27+2,27+2,27+2,28,29,29,29,28,32+2,32+2,32+2,29+2,33+2,33+2,33+2,29+2,26+2,30+2,30+2,30+2,26+2,26+2,26+2,26+2,26+2,26+2,68+1,https://cdn.sofifa.net/players/203/423/22_120.png,https://cdn.sofifa.net/teams/1447/60.png,https://cdn.sofifa.net/flags/dk.png,https://cdn.sofifa.net/teams/1415/60.png,https://cdn.sofifa.net/flags/au.png
212830,A. Mabil,Awer Bul Mabil,"RW, LW",69,70,25,Australia,LM,11.0,FC Midtjylland,Danish Superliga,1700000.0,13000.0,89.0,60.0,64.0,69.0,34.0,55.0,212830,https://sofifa.com/player/212830/awer-mabil/220002,A. Mabil,"RW, LW",69,70,1700000.0,13000.0,25,1995-09-15,179,65,1516.0,FC Midtjylland,Danish Superliga,1.0,SUB,11.0,,2015-07-28,2022.0,195,Australia,1415.0,LM,11.0,Right,3,3,1,High/Low,Lean (170-185),No,2300000.0,,Speed Dribbler (AI),89.0,60.0,64.0,69.0,34.0,55.0,65,63,44,66,48,67,64,59,53,68,91,87,85,60,72,69,66,70,49,47,47,35,66,67,53,64,34,33,20,16,12,18,13,12,,64+2,64+2,64+2,69,67,67,67,69,67+2,67+2,67+2,68+2,61+2,61+2,61+2,68+2,55+2,50+2,50+2,50+2,55+2,51+2,42+2,42+2,42+2,51+2,19+2,https://cdn.sofifa.net/players/212/830/22_120.png,https://cdn.sofifa.net/teams/1516/60.png,https://cdn.sofifa.net/flags/dk.png,https://cdn.sofifa.net/teams/1415/60.png,https://cdn.sofifa.net/flags/au.png
215412,C. Elder,Callum Roddie Elder,LB,69,71,26,Australia,SUB,13.0,Hull City,English League Championship,1600000.0,7000.0,73.0,41.0,61.0,63.0,64.0,68.0,215412,https://sofifa.com/player/215412/callum-elder/220002,C. Elder,LB,69,71,1600000.0,7000.0,26,1995-01-27,180,67,1952.0,Hull City,English League Championship,2.0,LB,3.0,,2019-08-08,2022.0,195,Australia,1415.0,SUB,13.0,Left,2,2,1,Medium/Medium,Normal (170-185),No,3100000.0,,,73.0,41.0,61.0,63.0,64.0,68.0,67,36,62,62,35,63,65,63,59,62,72,74,62,62,65,54,72,80,65,38,61,64,56,55,36,60,61,67,66,12,14,11,13,11,,56+2,56+2,56+2,60,58,58,58,60,58+2,58+2,58+2,62+2,60+2,60+2,60+2,62+2,67+2,64+2,64+2,64+2,67+2,67+2,64+2,64+2,64+2,67+2,18+2,https://cdn.sofifa.net/players/215/412/22_120.png,https://cdn.sofifa.net/teams/1952/60.png,https://cdn.sofifa.net/flags/gb-eng.png,https://cdn.sofifa.net/teams/1415/60.png,https://cdn.sofifa.net/flags/au.png
198810,B. Wright,Bailey Colin Wright,CB,68,69,28,Australia,SUB,5.0,Sunderland,English League One,1100000.0,6000.0,63.0,38.0,51.0,54.0,67.0,74.0,198810,https://sofifa.com/player/198810/bailey-wright/220002,B. Wright,CB,68,69,1100000.0,6000.0,28,1992-07-28,184,79,106.0,Sunderland,English League One,3.0,SUB,26.0,,2020-08-02,2022.0,195,Australia,1415.0,SUB,5.0,Right,3,2,1,Medium/Medium,Normal (170-185),No,2000000.0,,"Long Passer (AI), Power Header",63.0,38.0,51.0,54.0,67.0,74.0,47,39,68,62,22,44,36,27,49,61,64,62,58,65,63,40,84,69,77,36,72,67,39,46,39,64,67,67,66,13,10,15,15,16,,51+2,51+2,51+2,51,51,51,51,51,52+2,52+2,52+2,53+2,55+2,55+2,55+2,53+2,62+2,64+2,64+2,64+2,62+2,64+2,68+1,68+1,68+1,64+2,19+2,https://cdn.sofifa.net/players/198/810/22_120.png,https://cdn.sofifa.net/teams/106/60.png,https://cdn.sofifa.net/flags/gb-eng.png,https://cdn.sofifa.net/teams/1415/60.png,https://cdn.sofifa.net/flags/au.png
211378,J. Irvine,Jackson Alexander Irvine,CM,68,68,28,Australia,SUB,22.0,FC St. Pauli,German 2. Bundesliga,1200000.0,8000.0,59.0,65.0,65.0,67.0,67.0,76.0,211378,https://sofifa.com/player/211378/jackson-irvine/220002,J. Irvine,CM,68,68,1200000.0,8000.0,28,1993-03-07,189,70,110329.0,FC St. Pauli,German 2. Bundesliga,2.0,RES,7.0,,2021-07-05,2025.0,195,Australia,1415.0,SUB,22.0,Right,3,3,1,Medium/Medium,Normal (185+),No,1900000.0,,Playmaker (AI),59.0,65.0,65.0,67.0,67.0,76.0,61,64,73,67,58,67,63,58,63,70,64,55,58,70,58,72,80,80,75,65,72,66,69,70,55,69,65,67,64,7,13,11,9,11,,68,68,68,66,67,67,67,66,67+1,67+1,67+1,67+1,68,68,68,67+1,67+1,68,68,68,67+1,67+1,68,68,68,67+1,17+2,https://cdn.sofifa.net/players/211/378/22_120.png,https://cdn.sofifa.net/teams/110329/60.png,https://cdn.sofifa.net/flags/de.png,https://cdn.sofifa.net/teams/1415/60.png,https://cdn.sofifa.net/flags/au.png
243473,F. Karačić,Fran Karačić,RB,68,73,25,Australia,SUB,17.0,,,,,79.0,46.0,62.0,65.0,60.0,73.0,243473,https://sofifa.com/player/243473/fran-karacic/220002,F. Karačić,RB,68,73,,,25,1996-05-12,185,75,,,,,,,,,,195,Australia,1415.0,SUB,17.0,Right,3,2,1,Medium/Medium,Normal (185+),No,,,,79.0,46.0,62.0,65.0,60.0,73.0,67,41,58,66,20,65,48,48,64,64,78,79,75,64,63,58,71,83,70,50,70,66,65,56,43,63,51,63,63,9,11,9,12,7,,59+2,59+2,59+2,64,62,62,62,64,62+2,62+2,62+2,66+2,64+2,64+2,64+2,66+2,67+2,65+2,65+2,65+2,67+2,66+2,63+2,63+2,63+2,66+2,16+2,https://cdn.sofifa.net/players/243/473/22_120.png,,,https://cdn.sofifa.net/teams/1415/60.png,https://cdn.sofifa.net/flags/au.png
190180,R. McGowan,Ryan James McGowan,CB,67,67,31,Australia,SUB,21.0,,,,,65.0,48.0,56.0,59.0,66.0,79.0,190180,https://sofifa.com/player/190180/ryan-mcgowan/220002,R. McGowan,CB,67,67,,,31,1989-08-15,191,75,,,,,,,,,,195,Australia,1415.0,SUB,21.0,Right,3,2,1,Medium/High,Normal (185+),No,,,"Long Throw-in, Power Header",65.0,48.0,56.0,59.0,66.0,79.0,59,44,71,59,54,57,52,55,58,62,59,69,58,60,61,58,46,83,80,42,79,64,43,45,58,67,65,66,65,12,11,12,12,13,,57+2,57+2,57+2,55,54,54,54,55,54+2,54+2,54+2,58+2,58+2,58+2,58+2,58+2,64+2,64+2,64+2,64+2,64+2,65+2,67,67,67,65+2,17+2,https://cdn.sofifa.net/players/190/180/22_120.png,,,https://cdn.sofifa.net/teams/1415/60.png,https://cdn.sofifa.net/flags/au.png
209885,M. Duke,Mitchell Thomas Duke,ST,67,67,30,Australia,SUB,15.0,,,,,80.0,67.0,61.0,67.0,51.0,79.0,209885,https://sofifa.com/player/209885/mitchell-duke/220002,M. Duke,ST,67,67,,,30,1991-01-18,186,84,,,,,,,,,,195,Australia,1415.0,SUB,15.0,Right,3,3,1,High/High,Normal (185+),No,,#Engine,"Speed Dribbler (AI), Team Player",80.0,67.0,61.0,67.0,51.0,79.0,60,67,58,65,51,69,43,51,61,66,79,81,68,56,67,76,90,90,84,63,51,51,65,63,60,59,47,52,50,6,8,11,13,13,,67,67,67,67,67,67,67,67,66+1,66+1,66+1,68-1,64+2,64+2,64+2,68-1,62+2,60+2,60+2,60+2,62+2,61+2,58+2,58+2,58+2,61+2,15+2,https://cdn.sofifa.net/players/209/885/22_120.png,,,https://cdn.sofifa.net/teams/1415/60.png,https://cdn.sofifa.net/flags/au.png
233105,K. Dougall,Kenneth William Dougall,"CDM, CM",67,67,28,Australia,SUB,14.0,Blackpool,English League Championship,900000.0,5000.0,70.0,50.0,60.0,65.0,66.0,70.0,233105,https://sofifa.com/player/233105/kenny-dougall/220002,K. Dougall,"CDM, CM",67,67,900000.0,5000.0,28,1993-05-07,184,79,1926.0,Blackpool,English League Championship,2.0,LCM,12.0,,2020-10-16,2022.0,195,Australia,1415.0,SUB,14.0,Right,4,3,1,Low/High,Normal (170-185),No,1700000.0,,,70.0,50.0,60.0,65.0,66.0,70.0,47,45,63,68,37,64,46,40,64,64,72,69,70,64,70,59,76,70,71,53,68,64,59,63,53,60,65,68,67,15,9,10,10,9,,60+2,60+2,60+2,61,61,61,61,61,63+2,63+2,63+2,62+2,64+2,64+2,64+2,62+2,64+2,66+1,66+1,66+1,64+2,65+2,67,67,67,65+2,17+2,https://cdn.sofifa.net/players/233/105/22_120.png,https://cdn.sofifa.net/teams/1926/60.png,https://cdn.sofifa.net/flags/gb-eng.png,https://cdn.sofifa.net/teams/1415/60.png,https://cdn.sofifa.net/flags/au.png
163587,K. Schmeichel,Kasper Peter Schmeichel,GK,85,85,34,Denmark,GK,1.0,Leicester City,English Premier League,9000000.0,115000.0,,,,,,,163587,https://sofifa.com/player/163587/kasper-schmeichel/220002,K. Schmeichel,GK,85,85,9000000.0,115000.0,34,1986-11-05,189,89,95.0,Leicester City,English Premier League,1.0,GK,1.0,,2011-06-01,2023.0,13,Denmark,1331.0,GK,1.0,Right,3,1,2,Medium/Medium,Stocky (185+),Yes,17100000.0,,"Solid Player, Leadership, Team Player",,,,,,,18,12,16,44,15,12,13,15,46,40,45,51,61,82,47,60,60,34,64,14,35,20,13,59,26,67,14,14,13,84,78,80,83,90,47.0,33+2,33+2,33+2,33,35,35,35,33,38+2,38+2,38+2,35+2,39+2,39+2,39+2,35+2,31+2,36+2,36+2,36+2,31+2,30+2,29+2,29+2,29+2,30+2,83+2,https://cdn.sofifa.net/players/163/587/22_120.png,https://cdn.sofifa.net/teams/95/60.png,https://cdn.sofifa.net/flags/gb-eng.png,https://cdn.sofifa.net/teams/1331/60.png,https://cdn.sofifa.net/flags/dk.png
179645,S. Kjær,Simon Thorup Kjær,CB,83,83,32,Denmark,CB,4.0,AC Milan,Italian Serie A,23500000.0,54000.0,67.0,55.0,64.0,59.0,85.0,78.0,179645,https://sofifa.com/player/179645/simon-kjaer/220002,S. Kjær,CB,83,83,23500000.0,54000.0,32,1989-03-26,190,86,47.0,AC Milan,Italian Serie A,1.0,RCB,24.0,,2020-01-13,2022.0,13,Denmark,1331.0,CB,4.0,Right,3,2,3,Low/High,Normal (185+),Yes,40000000.0,,"Leadership, Long Passer (AI)",67.0,55.0,64.0,59.0,85.0,78.0,50,55,81,76,37,50,52,69,72,70,63,71,57,79,53,78,81,65,82,41,82,85,31,55,61,69,87,85,81,6,10,13,10,15,,63+3,63+3,63+3,58,60,60,60,58,60+3,60+3,60+3,61+3,66+3,66+3,66+3,61+3,73+3,78+3,78+3,78+3,73+3,75+3,82+1,82+1,82+1,75+3,18+3,https://cdn.sofifa.net/players/179/645/22_120.png,https://cdn.sofifa.net/teams/47/60.png,https://cdn.sofifa.net/flags/it.png,https://cdn.sofifa.net/teams/1331/60.png,https://cdn.sofifa.net/flags/dk.png
213648,P. Højbjerg,Pierre-Emile Kordt Højbjerg,"CDM, CM",83,86,25,Denmark,RCM,23.0,Tottenham Hotspur,English Premier League,43500000.0,105000.0,60.0,71.0,76.0,76.0,81.0,82.0,213648,https://sofifa.com/player/213648/pierre-emile-hojbjerg/220002,P. Højbjerg,"CDM, CM",83,86,43500000.0,105000.0,25,1995-08-05,185,84,18.0,Tottenham Hotspur,English Premier League,1.0,RCM,5.0,,2020-08-11,2025.0,13,Denmark,1331.0,RCM,23.0,Right,4,3,2,Medium/High,Normal (185+),Yes,85900000.0,,"Solid Player, Leadership, Long Shot Taker (AI)",60.0,71.0,76.0,76.0,81.0,82.0,66,65,65,83,60,76,70,74,80,80,58,61,65,82,64,84,65,88,78,79,87,82,65,73,51,82,84,84,72,9,7,12,11,11,,72+2,72+2,72+2,72,74,74,74,72,75+2,75+2,75+2,74+2,79+2,79+2,79+2,74+2,77+2,82+2,82+2,82+2,77+2,77+2,79+2,79+2,79+2,77+2,18+2,https://cdn.sofifa.net/players/213/648/22_120.png,https://cdn.sofifa.net/teams/18/60.png,https://cdn.sofifa.net/flags/gb-eng.png,https://cdn.sofifa.net/teams/1331/60.png,https://cdn.sofifa.net/flags/dk.png
190460,C. Eriksen,Christian Dannemann Eriksen,"CM, CAM",82,82,29,Denmark,SUB,10.0,Inter,Italian Serie A,29500000.0,120000.0,62.0,78.0,88.0,81.0,53.0,52.0,190460,https://sofifa.com/player/190460/christian-eriksen/220002,C. Eriksen,"CM, CAM",82,82,29500000.0,120000.0,29,1992-02-14,181,76,44.0,Inter,Italian Serie A,1.0,RES,24.0,,2020-01-28,2024.0,13,Denmark,1331.0,SUB,10.0,Right,5,4,3,Medium/Low,Unique,Yes,50200000.0,"#Playmaker, #Crosser, #FK Specialist, #Complete Midfielder","Flair, Long Passer (AI), Long Shot Taker (AI), Playmaker (AI)",62.0,78.0,88.0,81.0,53.0,52.0,86,73,52,89,80,77,89,87,90,90,63,62,72,79,81,84,49,59,52,85,46,56,74,86,67,87,59,57,22,9,14,7,7,6,,74+3,74+3,74+3,79,79,79,79,79,81+1,81+1,81+1,79+3,81+1,81+1,81+1,79+3,66+3,68+3,68+3,68+3,66+3,62+3,56+3,56+3,56+3,62+3,17+3,https://cdn.sofifa.net/players/190/460/22_120.png,https://cdn.sofifa.net/teams/44/60.png,https://cdn.sofifa.net/flags/it.png,https://cdn.sofifa.net/teams/1331/60.png,https://cdn.sofifa.net/flags/dk.png
193283,T. Delaney,Thomas Joseph Delaney,"CDM, CM",81,81,29,Denmark,LCM,8.0,Sevilla FC,Spain Primera Division,22000000.0,34000.0,75.0,71.0,74.0,74.0,83.0,82.0,193283,https://sofifa.com/player/193283/thomas-delaney/220002,T. Delaney,"CDM, CM",81,81,22000000.0,34000.0,29,1991-09-03,182,79,481.0,Sevilla FC,Spain Primera Division,1.0,SUB,18.0,,2021-08-25,2025.0,13,Denmark,1331.0,LCM,8.0,Left,4,2,2,Low/High,Normal (170-185),Yes,46200000.0,,Dives Into Tackles (AI),75.0,71.0,74.0,74.0,83.0,82.0,68,68,83,76,67,73,71,68,80,75,77,74,73,79,72,78,91,87,77,74,85,84,75,72,60,78,85,81,84,8,12,11,14,15,,75+2,75+2,75+2,74,74,74,74,74,74+2,74+2,74+2,75+2,77+2,77+2,77+2,75+2,79+2,80+1,80+1,80+1,79+2,80+1,82-1,82-1,82-1,80+1,20+2,https://cdn.sofifa.net/players/193/283/22_120.png,https://cdn.sofifa.net/teams/481/60.png,https://cdn.sofifa.net/flags/es.png,https://cdn.sofifa.net/teams/1331/60.png,https://cdn.sofifa.net/flags/dk.png
172522,D. Wass,Daniel Wass,"RB, RM, CM",80,80,32,Denmark,RWB,18.0,Valencia CF,Spain Primera Division,14500000.0,38000.0,74.0,77.0,80.0,77.0,76.0,76.0,172522,https://sofifa.com/player/172522/daniel-wass/220002,D. Wass,"RB, RM, CM",80,80,14500000.0,38000.0,32,1989-05-31,181,74,461.0,Valencia CF,Spain Primera Division,1.0,RCM,18.0,,2018-07-10,2022.0,13,Denmark,1331.0,RWB,18.0,Right,3,3,2,Medium/Medium,Normal (170-185),Yes,30500000.0,,"Solid Player, Long Shot Taker (AI)",74.0,77.0,80.0,77.0,76.0,76.0,79,75,69,80,69,76,78,84,81,80,73,75,73,80,71,85,68,87,73,80,74,79,76,78,61,77,76,76,75,11,9,10,13,13,,77+2,77+2,77+2,77,78,78,78,77,78+2,78+2,78+2,78+2,79+1,79+1,79+1,78+2,79+1,79+1,79+1,79+1,79+1,78+2,75+2,75+2,75+2,78+2,19+2,https://cdn.sofifa.net/players/172/522/22_120.png,https://cdn.sofifa.net/teams/461/60.png,https://cdn.sofifa.net/flags/es.png,https://cdn.sofifa.net/teams/1331/60.png,https://cdn.sofifa.net/flags/dk.png
213661,A. Christensen,Andreas Bødtker Christensen,CB,80,85,25,Denmark,RCB,6.0,Chelsea,English Premier League,28000000.0,95000.0,65.0,31.0,65.0,68.0,83.0,72.0,213661,https://sofifa.com/player/213661/andreas-christensen/220002,A. Christensen,CB,80,85,28000000.0,95000.0,25,1996-04-10,187,81,5.0,Chelsea,English Premier League,1.0,CB,4.0,,2013-04-10,2022.0,13,Denmark,1331.0,RCB,6.0,Right,3,2,2,Low/Medium,Lean (185+),Yes,53900000.0,,Injury Prone,65.0,31.0,65.0,68.0,83.0,72.0,49,36,79,79,25,66,41,39,71,73,60,69,61,79,60,31,75,68,73,20,73,82,32,62,36,76,83,84,82,10,12,8,6,8,,54+2,54+2,54+2,59,58,58,58,59,62+2,62+2,62+2,63+2,68+2,68+2,68+2,63+2,73+2,77+2,77+2,77+2,73+2,75+2,80+2,80+2,80+2,75+2,17+2,https://cdn.sofifa.net/players/213/661/22_120.png,https://cdn.sofifa.net/teams/5/60.png,https://cdn.sofifa.net/flags/gb-eng.png,https://cdn.sofifa.net/teams/1331/60.png,https://cdn.sofifa.net/flags/dk.png
228687,K. Dolberg,Kasper Dolberg Rasmussen,ST,79,83,23,Denmark,ST,12.0,OGC Nice,French Ligue 1,25500000.0,37000.0,73.0,81.0,69.0,77.0,30.0,68.0,228687,https://sofifa.com/player/228687/kasper-dolberg/220002,K. Dolberg,ST,79,83,25500000.0,37000.0,23,1997-10-06,187,84,72.0,OGC Nice,French Ligue 1,1.0,RS,9.0,,2019-08-29,2024.0,13,Denmark,1331.0,ST,12.0,Right,4,3,2,High/Medium,Normal (185+),Yes,50400000.0,,"Finesse Shot, Power Header, Outside Foot Shot",73.0,81.0,69.0,77.0,30.0,68.0,50,80,74,79,78,78,76,70,60,79,69,76,72,75,64,86,73,73,79,79,32,23,81,77,78,76,28,24,19,7,15,13,9,7,,79+2,79+2,79+2,75,78,78,78,75,77+2,77+2,77+2,74+2,70+2,70+2,70+2,74+2,53+2,52+2,52+2,52+2,53+2,49+2,45+2,45+2,45+2,49+2,17+2,https://cdn.sofifa.net/players/228/687/22_120.png,https://cdn.sofifa.net/teams/72/60.png,https://cdn.sofifa.net/flags/fr.png,https://cdn.sofifa.net/teams/1331/60.png,https://cdn.sofifa.net/flags/dk.png
202849,J. Vestergaard,Jannik Vestergaard,CB,78,79,28,Denmark,LCB,3.0,Leicester City,English Premier League,13500000.0,83000.0,32.0,48.0,62.0,49.0,79.0,82.0,202849,https://sofifa.com/player/202849/jannik-vestergaard/220002,J. Vestergaard,CB,78,79,13500000.0,83000.0,28,1992-08-03,199,96,95.0,Leicester City,English Premier League,1.0,LCB,23.0,,2021-08-13,2024.0,13,Denmark,1331.0,LCB,3.0,Right,4,2,2,Medium/Medium,Normal (185+),Yes,26700000.0,"#Aerial Threat, #Strength","Long Passer (AI), Power Header",32.0,48.0,62.0,49.0,79.0,82.0,46,34,85,70,28,45,41,52,77,58,30,34,29,75,28,83,69,66,90,47,85,78,46,60,59,72,77,80,75,16,11,11,15,10,,57+2,57+2,57+2,49,54,54,54,49,54+2,54+2,54+2,53+2,64+2,64+2,64+2,53+2,64+2,74+2,74+2,74+2,64+2,66+2,78+1,78+1,78+1,66+2,20+2,https://cdn.sofifa.net/players/202/849/22_120.png,https://cdn.sofifa.net/teams/95/60.png,https://cdn.sofifa.net/flags/gb-eng.png,https://cdn.sofifa.net/teams/1331/60.png,https://cdn.sofifa.net/flags/dk.png
193290,M. Braithwaite,Martin Braithwaite Christensen,"ST, LW",77,77,30,Denmark,RW,9.0,FC Barcelona,Spain Primera Division,10500000.0,120000.0,80.0,76.0,72.0,79.0,35.0,74.0,193290,https://sofifa.com/player/193290/martin-braithwaite/220002,M. Braithwaite,"ST, LW",77,77,10500000.0,120000.0,30,1991-06-05,177,73,241.0,FC Barcelona,Spain Primera Division,1.0,SUB,12.0,,2020-02-20,2024.0,13,Denmark,1331.0,RW,9.0,Right,4,4,2,Medium/Medium,Normal (170-185),No,21500000.0,,"Flair, Speed Dribbler (AI)",80.0,76.0,72.0,79.0,35.0,74.0,68,78,67,75,75,78,71,75,65,81,79,80,81,77,70,77,81,76,75,71,69,31,78,74,73,76,35,30,26,14,13,11,7,8,,77,77,77,77,77,77,77,77,77,77,77,76+1,70+2,70+2,70+2,76+1,58+2,57+2,57+2,57+2,58+2,55+2,51+2,51+2,51+2,55+2,18+2,https://cdn.sofifa.net/players/193/290/22_120.png,https://cdn.sofifa.net/teams/241/60.png,https://cdn.sofifa.net/flags/es.png,https://cdn.sofifa.net/teams/1331/60.png,https://cdn.sofifa.net/flags/dk.png
207791,Y. Poulsen,Yussuf Yurary Poulsen,ST,77,78,27,Denmark,SUB,20.0,RB Leipzig,German 1. Bundesliga,12500000.0,68000.0,82.0,70.0,67.0,73.0,56.0,81.0,207791,https://sofifa.com/player/207791/yussuf-poulsen/220002,Y. Poulsen,ST,77,78,12500000.0,68000.0,27,1994-06-15,192,84,112172.0,RB Leipzig,German 1. Bundesliga,1.0,SUB,9.0,,2013-07-04,2024.0,13,Denmark,1331.0,SUB,20.0,Right,3,3,2,Medium/High,Lean (185+),Yes,22200000.0,,"Leadership, Team Player",82.0,70.0,67.0,73.0,56.0,81.0,68,74,85,73,75,75,70,42,53,75,80,84,69,80,54,73,83,86,78,58,83,51,81,69,58,72,53,59,32,6,11,15,14,8,,77+1,77+1,77+1,75,76,76,76,75,73+2,73+2,73+2,75+2,70+2,70+2,70+2,75+2,66+2,64+2,64+2,64+2,66+2,64+2,64+2,64+2,64+2,64+2,18+2,https://cdn.sofifa.net/players/207/791/22_120.png,https://cdn.sofifa.net/teams/112172/60.png,https://cdn.sofifa.net/flags/de.png,https://cdn.sofifa.net/teams/1331/60.png,https://cdn.sofifa.net/flags/dk.png
224221,J. Andersen,Joachim Christian Andersen,CB,77,80,25,Denmark,SUB,2.0,Crystal Palace,English Premier League,12500000.0,45000.0,58.0,47.0,63.0,59.0,77.0,78.0,224221,https://sofifa.com/player/224221/joachim-andersen/220002,J. Andersen,CB,77,80,12500000.0,45000.0,25,1996-05-31,192,90,1799.0,Crystal Palace,English Premier League,1.0,RCB,16.0,,2021-07-28,2026.0,13,Denmark,1331.0,SUB,2.0,Right,3,2,2,Medium/Medium,Normal (185+),Yes,24700000.0,,Long Passer (AI),58.0,47.0,63.0,59.0,77.0,78.0,36,40,76,78,33,53,49,36,80,67,55,60,48,75,58,73,74,69,83,43,80,76,34,61,44,72,77,78,76,13,7,9,15,14,,58+2,58+2,58+2,55,58,58,58,55,60+2,60+2,60+2,58+2,67+2,67+2,67+2,58+2,67+2,76+2,76+2,76+2,67+2,69+2,77+2,77+2,77+2,69+2,19+2,https://cdn.sofifa.net/players/224/221/22_120.png,https://cdn.sofifa.net/teams/1799/60.png,https://cdn.sofifa.net/flags/gb-eng.png,https://cdn.sofifa.net/teams/1331/60.png,https://cdn.sofifa.net/flags/dk.png
234678,J. Mæhle,Joakim Mæhle Pedersen,"RWB, RB, RM",77,82,24,Denmark,LWB,5.0,Atalanta,Italian Serie A,15000000.0,35000.0,89.0,56.0,68.0,72.0,66.0,78.0,234678,https://sofifa.com/player/234678/joakim-maehle/220002,J. Mæhle,"RWB, RB, RM",77,82,15000000.0,35000.0,24,1997-05-20,185,79,39.0,Atalanta,Italian Serie A,1.0,SUB,3.0,,2021-01-04,2025.0,13,Denmark,1331.0,LWB,5.0,Right,3,3,2,Medium/Medium,Normal (185+),No,26600000.0,,Speed Dribbler (AI),89.0,56.0,68.0,72.0,66.0,78.0,76,50,59,73,62,72,63,25,68,75,86,91,67,74,64,65,84,90,74,62,73,63,76,65,33,70,63,72,70,12,8,12,10,8,,68+2,68+2,68+2,72,71,71,71,72,71+2,71+2,71+2,74+2,71+2,71+2,71+2,74+2,75+2,71+2,71+2,71+2,75+2,74+2,69+2,69+2,69+2,74+2,17+2,https://cdn.sofifa.net/players/234/678/22_120.png,https://cdn.sofifa.net/teams/39/60.png,https://cdn.sofifa.net/flags/it.png,https://cdn.sofifa.net/teams/1331/60.png,https://cdn.sofifa.net/flags/dk.png
241508,M. Damsgaard,Mikkel Krogh Damsgaard,"LM, LW",77,87,20,Denmark,LW,14.0,U.C. Sampdoria,Italian Serie A,23000000.0,16000.0,85.0,69.0,72.0,82.0,48.0,63.0,241508,https://sofifa.com/player/241508/mikkel-damsgaard/220002,M. Damsgaard,"LM, LW",77,87,23000000.0,16000.0,20,2000-07-03,180,71,1837.0,U.C. Sampdoria,Italian Serie A,1.0,LM,38.0,,2020-08-01,2024.0,13,Denmark,1331.0,LW,14.0,Right,3,4,2,High/Low,Lean (170-185),No,43700000.0,#Acrobat,"Flair, Long Shot Taker (AI), Speed Dribbler (AI), Technical Dribbler (AI)",85.0,69.0,72.0,82.0,48.0,63.0,63,71,51,74,48,83,66,82,70,80,90,81,91,70,86,71,72,74,57,72,64,45,74,77,47,74,52,46,40,6,10,14,11,7,,71+2,71+2,71+2,77,76,76,76,77,77+2,77+2,77+2,76+2,72+2,72+2,72+2,76+2,63+2,62+2,62+2,62+2,63+2,60+2,54+2,54+2,54+2,60+2,16+2,https://cdn.sofifa.net/players/241/508/22_120.png,https://cdn.sofifa.net/teams/1837/60.png,https://cdn.sofifa.net/flags/it.png,https://cdn.sofifa.net/teams/1331/60.png,https://cdn.sofifa.net/flags/dk.png
193133,J. Larsen,Jens Stryger Larsen,RM,75,75,30,Denmark,SUB,17.0,Udinese Calcio,Italian Serie A,5500000.0,17000.0,79.0,61.0,72.0,74.0,70.0,77.0,193133,https://sofifa.com/player/193133/jens-stryger-larsen/220002,J. Larsen,RM,75,75,5500000.0,17000.0,30,1991-02-21,180,82,55.0,Udinese Calcio,Italian Serie A,1.0,LM,19.0,,2017-08-25,2022.0,13,Denmark,1331.0,SUB,17.0,Right,3,3,1,Medium/High,Normal (170-185),No,9900000.0,,Solid Player,79.0,61.0,72.0,74.0,70.0,77.0,75,59,60,76,60,72,61,48,71,78,80,78,71,79,72,69,78,83,74,57,75,71,71,70,50,65,68,74,72,7,8,12,7,9,,69+2,69+2,69+2,73,72,72,72,73,72+2,72+2,72+2,74+1,73+2,73+2,73+2,74+1,75,74+1,74+1,74+1,75,75,72+2,72+2,72+2,75,16+2,https://cdn.sofifa.net/players/193/133/22_120.png,https://cdn.sofifa.net/teams/55/60.png,https://cdn.sofifa.net/flags/it.png,https://cdn.sofifa.net/teams/1331/60.png,https://cdn.sofifa.net/flags/dk.png
201269,F. Rønnow,Frederik Riis Rønnow,GK,74,74,28,Denmark,SUB,22.0,1. FC Union Berlin,German 1. Bundesliga,3000000.0,20000.0,,,,,,,201269,https://sofifa.com/player/201269/frederik-ronnow/220002,F. Rønnow,GK,74,74,3000000.0,20000.0,28,1992-08-04,190,80,1831.0,1. FC Union Berlin,German 1. Bundesliga,1.0,SUB,19.0,,2021-07-20,2025.0,13,Denmark,1331.0,SUB,22.0,Right,2,1,1,Medium/Medium,Lean (185+),No,5400000.0,,Rushes Out Of Goal,,,,,,,14,9,12,25,7,13,16,7,30,12,48,45,34,74,40,50,63,32,67,13,17,12,14,48,17,31,15,11,13,76,70,67,72,77,47.0,27+2,27+2,27+2,25,27,27,27,25,27+2,27+2,27+2,27+2,28+2,28+2,28+2,27+2,24+2,25+2,25+2,25+2,24+2,24+2,24+2,24+2,24+2,24+2,73+1,https://cdn.sofifa.net/players/201/269/22_120.png,https://cdn.sofifa.net/teams/1831/60.png,https://cdn.sofifa.net/flags/de.png,https://cdn.sofifa.net/teams/1331/60.png,https://cdn.sofifa.net/flags/dk.png
229723,M. Jensen,Mathias Jensen,CM,74,77,25,Denmark,SUB,24.0,Brentford,English Premier League,5500000.0,37000.0,67.0,63.0,75.0,73.0,65.0,70.0,229723,https://sofifa.com/player/229723/mathias-jensen/220002,M. Jensen,CM,74,77,5500000.0,37000.0,25,1996-01-01,180,68,1925.0,Brentford,English Premier League,1.0,SUB,8.0,,2019-07-10,2023.0,13,Denmark,1331.0,SUB,24.0,Right,4,3,1,High/Medium,Lean (170-185),No,11400000.0,,"Long Passer (AI), Playmaker (AI)",67.0,63.0,75.0,73.0,65.0,70.0,72,61,50,76,50,69,70,68,76,74,68,67,82,74,77,62,67,80,66,67,68,71,69,78,69,79,71,62,57,5,13,10,8,12,,65+2,65+2,65+2,71,70,70,70,71,72+2,72+2,72+2,72+2,74+2,74+2,74+2,72+2,70+2,71+2,71+2,71+2,70+2,68+2,66+2,66+2,66+2,68+2,17+2,https://cdn.sofifa.net/players/229/723/22_120.png,https://cdn.sofifa.net/teams/1925/60.png,https://cdn.sofifa.net/flags/gb-eng.png,https://cdn.sofifa.net/teams/1331/60.png,https://cdn.sofifa.net/flags/dk.png
201943,A. Cornelius,Andreas Evald Cornelius,ST,73,73,28,Denmark,SUB,21.0,Trabzonspor,Turkish Süper Lig,3100000.0,24000.0,64.0,73.0,57.0,65.0,35.0,80.0,201943,https://sofifa.com/player/201943/andreas-cornelius/220002,A. Cornelius,ST,73,73,3100000.0,24000.0,28,1993-03-16,193,91,436.0,Trabzonspor,Turkish Süper Lig,1.0,SUB,14.0,,2021-08-10,2025.0,13,Denmark,1331.0,SUB,21.0,Left,3,3,2,High/Low,Normal (185+),No,6200000.0,#Strength,Power Header,64.0,73.0,57.0,65.0,35.0,80.0,42,73,80,69,68,64,45,56,51,70,61,67,49,68,62,79,74,64,92,68,72,28,75,59,65,70,40,26,13,15,9,8,11,9,,73,73,73,65,69,69,69,65,66+2,66+2,66+2,64+2,61+2,61+2,61+2,64+2,48+2,51+2,51+2,51+2,48+2,46+2,50+2,50+2,50+2,46+2,17+2,https://cdn.sofifa.net/players/201/943/22_120.png,https://cdn.sofifa.net/teams/436/60.png,https://cdn.sofifa.net/flags/tr.png,https://cdn.sofifa.net/teams/1331/60.png,https://cdn.sofifa.net/flags/dk.png
210697,C. Nørgaard,Christian Thers Nørgaard,"CDM, CM, CB",73,75,27,Denmark,SUB,15.0,Brentford,English Premier League,3300000.0,33000.0,62.0,57.0,68.0,69.0,73.0,74.0,210697,https://sofifa.com/player/210697/christian-norgaard/220002,C. Nørgaard,"CDM, CM, CB",73,75,3300000.0,33000.0,27,1994-03-10,187,77,1925.0,Brentford,English Premier League,1.0,CM,6.0,,2019-06-11,2024.0,13,Denmark,1331.0,SUB,15.0,Right,3,3,1,Medium/Medium,Lean (185+),No,6800000.0,,,62.0,57.0,68.0,69.0,73.0,74.0,64,55,69,73,51,67,64,64,72,72,61,62,65,70,69,63,68,76,74,57,72,74,62,64,60,72,76,72,69,11,9,13,14,11,,64+2,64+2,64+2,65,65,65,65,65,66+2,66+2,66+2,67+2,69+2,69+2,69+2,67+2,70+2,72+2,72+2,72+2,70+2,70+2,72+2,72+2,72+2,70+2,18+2,https://cdn.sofifa.net/players/210/697/22_120.png,https://cdn.sofifa.net/teams/1925/60.png,https://cdn.sofifa.net/flags/gb-eng.png,https://cdn.sofifa.net/teams/1331/60.png,https://cdn.sofifa.net/flags/dk.png
172553,J. Lössl,Jonas Bybjerg Lössl,GK,72,72,32,Denmark,SUB,16.0,FC Midtjylland,Danish Superliga,1200000.0,15000.0,,,,,,,172553,https://sofifa.com/player/172553/jonas-lossl/220002,J. Lössl,GK,72,72,1200000.0,15000.0,32,1989-02-01,195,89,1516.0,FC Midtjylland,Danish Superliga,1.0,GK,1.0,,2021-02-01,2025.0,13,Denmark,1331.0,SUB,16.0,Right,2,1,1,Medium/Medium,Normal (185+),Yes,1600000.0,,"Rushes Out Of Goal, Comes For Crosses",,,,,,,14,12,17,33,11,15,14,13,67,20,29,34,32,64,30,51,51,35,70,15,17,20,10,57,12,56,20,13,15,73,72,68,70,72,31.0,27+2,27+2,27+2,25,28,28,28,25,31+2,31+2,31+2,29+2,36+2,36+2,36+2,29+2,25+2,33+2,33+2,33+2,25+2,25+2,27+2,27+2,27+2,25+2,71+1,https://cdn.sofifa.net/players/172/553/22_120.png,https://cdn.sofifa.net/teams/1516/60.png,https://cdn.sofifa.net/flags/dk.png,https://cdn.sofifa.net/teams/1331/60.png,https://cdn.sofifa.net/flags/dk.png
200108,N. Boilesen,Nicolai Møller Boilesen,"LB, CB",72,72,29,Denmark,SUB,26.0,F.C. København,Danish Superliga,2100000.0,15000.0,69.0,51.0,65.0,69.0,70.0,67.0,200108,https://sofifa.com/player/200108/nicolai-boilesen/220002,N. Boilesen,"LB, CB",72,72,2100000.0,15000.0,29,1992-02-16,186,75,819.0,F.C. København,Danish Superliga,1.0,LCB,20.0,,2016-08-25,2023.0,13,Denmark,1331.0,SUB,26.0,Left,3,3,1,Medium/Medium,Normal (185+),No,2700000.0,,"Injury Prone, Leadership",69.0,51.0,65.0,69.0,70.0,67.0,69,45,66,69,54,68,61,40,65,71,68,70,69,65,71,65,80,75,63,49,66,69,67,61,45,65,71,71,69,11,15,16,9,16,,62+2,62+2,62+2,65,64,64,64,65,65+2,65+2,65+2,67+2,66+2,66+2,66+2,67+2,70+2,69+2,69+2,69+2,70+2,70+2,69+2,69+2,69+2,70+2,19+2,https://cdn.sofifa.net/players/200/108/22_120.png,https://cdn.sofifa.net/teams/819/60.png,https://cdn.sofifa.net/flags/dk.png,https://cdn.sofifa.net/teams/1331/60.png,https://cdn.sofifa.net/flags/dk.png
240017,A. Olsen,Andreas Skov Olsen,"CAM, RW",72,81,21,Denmark,SUB,11.0,Bologna,Italian Serie A,5500000.0,16000.0,81.0,70.0,67.0,75.0,35.0,66.0,240017,https://sofifa.com/player/240017/andreas-skov-olsen/220002,A. Olsen,"CAM, RW",72,81,5500000.0,16000.0,21,1999-12-29,188,75,189.0,Bologna,Italian Serie A,1.0,SUB,11.0,,2019-07-24,2024.0,13,Denmark,1331.0,SUB,11.0,Left,4,3,1,Medium/Low,Normal (185+),No,10500000.0,,"Finesse Shot, Speed Dribbler (AI)",81.0,70.0,67.0,75.0,35.0,66.0,68,68,64,68,59,77,70,62,63,76,80,82,70,64,74,74,69,65,67,71,62,24,74,68,68,68,36,34,24,13,8,7,7,11,,71+2,71+2,71+2,73,73,73,73,73,72+2,72+2,72+2,72+2,65+2,65+2,65+2,72+2,55+2,52+2,52+2,52+2,55+2,52+2,47+2,47+2,47+2,52+2,16+2,https://cdn.sofifa.net/players/240/017/22_120.png,https://cdn.sofifa.net/teams/189/60.png,https://cdn.sofifa.net/flags/it.png,https://cdn.sofifa.net/teams/1331/60.png,https://cdn.sofifa.net/flags/dk.png
241522,J. Wind,Jonas Older Wind,"ST, CF",72,79,22,Denmark,SUB,19.0,F.C. København,Danish Superliga,4800000.0,15000.0,71.0,70.0,67.0,72.0,35.0,78.0,241522,https://sofifa.com/player/241522/jonas-wind/220002,J. Wind,"ST, CF",72,79,4800000.0,15000.0,22,1999-02-07,190,82,819.0,F.C. København,Danish Superliga,1.0,ST,23.0,,2016-07-01,2025.0,13,Denmark,1331.0,SUB,19.0,Right,3,3,1,High/Medium,Normal (185+),No,7200000.0,,"Flair, Playmaker (AI)",71.0,70.0,67.0,72.0,35.0,78.0,56,70,71,71,64,73,64,65,65,74,68,73,63,71,67,73,71,77,84,66,64,34,74,73,76,72,35,29,22,7,10,10,11,9,,72+2,72+2,72+2,70,72,72,72,70,71+2,71+2,71+2,70+2,67+2,67+2,67+2,70+2,54+2,55+2,55+2,55+2,54+2,52+2,50+2,50+2,50+2,52+2,16+2,https://cdn.sofifa.net/players/241/522/22_120.png,https://cdn.sofifa.net/teams/819/60.png,https://cdn.sofifa.net/flags/dk.png,https://cdn.sofifa.net/teams/1331/60.png,https://cdn.sofifa.net/flags/dk.png
225126,E. Skhiri,Ellyes Joris Skhiri,"CDM, CM",77,79,26,Tunisia,,,1. FC Köln,German 1. Bundesliga,11500000.0,26000.0,58.0,69.0,69.0,73.0,77.0,73.0,225126,https://sofifa.com/player/225126/ellyes-skhiri/220002,E. Skhiri,"CDM, CM",77,79,11500000.0,26000.0,26,1995-05-10,185,73,31.0,1. FC Köln,German 1. Bundesliga,1.0,CDM,28.0,,2019-07-29,2023.0,145,Tunisia,,,,Right,3,3,2,Medium/High,Lean (185+),No,21600000.0,,Dives Into Tackles (AI),58.0,69.0,69.0,73.0,77.0,73.0,67,69,73,74,60,73,72,55,71,76,61,55,74,73,64,75,75,91,65,72,69,84,62,65,58,69,78,75,72,15,14,8,14,14,,69+2,69+2,69+2,69,70,70,70,69,70+2,70+2,70+2,70+2,73+2,73+2,73+2,70+2,75+2,76+2,76+2,76+2,75+2,74+2,74+2,74+2,74+2,74+2,20+2,https://cdn.sofifa.net/players/225/126/22_120.png,https://cdn.sofifa.net/teams/31/60.png,https://cdn.sofifa.net/flags/de.png,,https://cdn.sofifa.net/flags/tn.png
194845,W. Khazri,Wahbi Khazri,"ST, CAM",76,76,30,Tunisia,,,AS Saint-Étienne,French Ligue 1,7500000.0,33000.0,69.0,79.0,76.0,77.0,42.0,67.0,194845,https://sofifa.com/player/194845/wahbi-khazri/220002,W. Khazri,"ST, CAM",76,76,7500000.0,33000.0,30,1991-02-08,176,82,1819.0,AS Saint-Étienne,French Ligue 1,1.0,ST,10.0,,2018-07-17,2022.0,145,Tunisia,,,,Right,4,4,2,High/High,Stocky (170-185),Yes,15000000.0,,"Long Shot Taker (AI), Playmaker (AI)",69.0,79.0,76.0,77.0,42.0,67.0,79,78,55,76,70,77,79,78,67,78,66,72,76,77,74,82,34,68,67,79,75,53,79,77,75,80,31,46,30,6,7,11,11,6,,75+1,75+1,75+1,76,77-1,77-1,77-1,76,76,76,76,75+1,73+2,73+2,73+2,75+1,62+2,61+2,61+2,61+2,62+2,58+2,53+2,53+2,53+2,58+2,15+2,https://cdn.sofifa.net/players/194/845/22_120.png,https://cdn.sofifa.net/teams/1819/60.png,https://cdn.sofifa.net/flags/fr.png,,https://cdn.sofifa.net/flags/tn.png
205257,N. Sliti,Naïm Sliti,"LM, CAM",75,75,28,Tunisia,,,Ettifaq FC,Saudi Abdul L. Jameel League,5500000.0,29000.0,72.0,71.0,72.0,78.0,34.0,68.0,205257,https://sofifa.com/player/205257/naim-sliti/220002,N. Sliti,"LM, CAM",75,75,5500000.0,29000.0,28,1992-07-27,173,78,112096.0,Ettifaq FC,Saudi Abdul L. Jameel League,1.0,SUB,10.0,,2019-08-11,2022.0,145,Tunisia,,,,Right,3,4,1,Medium/Medium,Stocky (170-185),No,9100000.0,,"Injury Prone, Long Shot Taker (AI), Playmaker (AI), Technical Dribbler (AI)",72.0,71.0,72.0,78.0,34.0,68.0,70,71,49,75,71,79,70,65,64,77,73,72,79,71,80,71,67,76,67,72,61,32,73,75,70,74,31,35,27,8,15,15,11,12,,70+2,70+2,70+2,74,74,74,74,74,74+1,74+1,74+1,74+1,69+2,69+2,69+2,74+1,58+2,56+2,56+2,56+2,58+2,53+2,47+2,47+2,47+2,53+2,18+2,https://cdn.sofifa.net/players/205/257/22_120.png,https://cdn.sofifa.net/teams/112096/60.png,https://cdn.sofifa.net/flags/sa.png,,https://cdn.sofifa.net/flags/tn.png
235565,D. Bronn,Dylan Daniel Mahmoud Bronn,"CB, RB",75,78,26,Tunisia,,,FC Metz,French Ligue 1,6500000.0,17000.0,66.0,61.0,67.0,65.0,76.0,76.0,235565,https://sofifa.com/player/235565/dylan-bronn/220002,D. Bronn,"CB, RB",75,78,6500000.0,17000.0,26,1995-06-19,185,77,68.0,FC Metz,French Ligue 1,1.0,RCB,2.0,,2020-01-03,2024.0,145,Tunisia,,,,Right,3,2,1,High/Medium,Normal (185+),No,13500000.0,,Long Passer (AI),66.0,61.0,67.0,65.0,76.0,76.0,65,56,73,70,54,63,63,53,73,68,65,66,63,73,61,74,75,73,78,64,75,75,56,65,63,71,76,76,76,6,10,9,7,9,,65+2,65+2,65+2,64,65,65,65,64,65+2,65+2,65+2,66+2,69+2,69+2,69+2,66+2,71+2,73+2,73+2,73+2,71+2,72+2,75+2,75+2,75+2,72+2,15+2,https://cdn.sofifa.net/players/235/565/22_120.png,https://cdn.sofifa.net/teams/68/60.png,https://cdn.sofifa.net/flags/fr.png,,https://cdn.sofifa.net/flags/tn.png
203889,Y. Touzghar,Yoann Touzghar,ST,72,72,34,Tunisia,,,ESTAC Troyes,French Ligue 1,1100000.0,15000.0,71.0,73.0,61.0,72.0,24.0,69.0,203889,https://sofifa.com/player/203889/yoann-touzghar/220002,Y. Touzghar,ST,72,72,1100000.0,15000.0,34,1986-11-29,179,75,294.0,ESTAC Troyes,French Ligue 1,1.0,ST,7.0,,2018-07-01,2022.0,145,Tunisia,,,,Right,3,3,1,High/Low,Lean (170-185),No,2200000.0,,Chip Shot (AI),71.0,73.0,61.0,72.0,24.0,69.0,51,76,73,67,71,70,51,55,57,72,69,73,82,64,75,71,84,67,75,67,55,18,73,66,70,72,18,20,21,14,14,7,15,12,,72,72,72,69,70,70,70,69,69+2,69+2,69+2,67+2,62+2,62+2,62+2,67+2,48+2,47+2,47+2,47+2,48+2,45+2,42+2,42+2,42+2,45+2,19+2,https://cdn.sofifa.net/players/203/889/22_120.png,https://cdn.sofifa.net/teams/294/60.png,https://cdn.sofifa.net/flags/fr.png,,https://cdn.sofifa.net/flags/tn.png
206463,J. Dudziak,Jeremy Dudziak,"CAM, CM",72,75,25,Tunisia,,,SpVgg Greuther Fürth,German 1. Bundesliga,3100000.0,17000.0,75.0,62.0,72.0,77.0,65.0,66.0,206463,https://sofifa.com/player/206463/jeremy-dudziak/220002,J. Dudziak,"CAM, CM",72,75,3100000.0,17000.0,25,1995-08-28,176,70,165.0,SpVgg Greuther Fürth,German 1. Bundesliga,1.0,SUB,28.0,,2021-08-16,2024.0,145,Tunisia,,,,Left,3,3,1,High/Medium,Lean (170-185),No,5800000.0,#Acrobat,"Flair, Playmaker (AI), Technical Dribbler (AI)",75.0,62.0,72.0,77.0,65.0,66.0,69,61,55,73,58,75,73,62,72,76,82,70,90,66,84,66,78,77,58,62,71,68,66,76,59,71,64,68,67,13,12,6,7,13,,66+2,66+2,66+2,72,70,70,70,72,72+2,72+2,72+2,72+2,72+2,72+2,72+2,72+2,71+2,70+2,70+2,70+2,71+2,69+2,66+2,66+2,66+2,69+2,17+2,https://cdn.sofifa.net/players/206/463/22_120.png,https://cdn.sofifa.net/teams/165/60.png,https://cdn.sofifa.net/flags/de.png,,https://cdn.sofifa.net/flags/tn.png
241750,S. Bguir,Saâd Abdullah Bguir,"CAM, RM",72,73,27,Tunisia,,,Abha Club,Saudi Abdul L. Jameel League,2700000.0,11000.0,70.0,68.0,70.0,74.0,33.0,61.0,241750,https://sofifa.com/player/241750/saad-bguir/220002,S. Bguir,"CAM, RM",72,73,2700000.0,11000.0,27,1994-03-22,175,66,113058.0,Abha Club,Saudi Abdul L. Jameel League,1.0,LAM,10.0,,2019-06-12,2022.0,145,Tunisia,,,,Left,3,3,1,Medium/Medium,Normal (170-185),No,4700000.0,,"Playmaker (AI), Technical Dribbler (AI)",70.0,68.0,70.0,74.0,33.0,61.0,68,69,48,71,57,76,71,73,68,74,71,69,76,70,69,67,57,71,61,69,50,30,72,69,67,65,28,34,37,10,10,13,5,6,,68+2,68+2,68+2,72,71,71,71,72,72+1,72+1,72+1,71+2,67+2,67+2,67+2,71+2,56+2,54+2,54+2,54+2,56+2,53+2,45+2,45+2,45+2,53+2,15+2,https://cdn.sofifa.net/players/241/750/22_120.png,https://cdn.sofifa.net/teams/113058/60.png,https://cdn.sofifa.net/flags/sa.png,,https://cdn.sofifa.net/flags/tn.png
220029,S. Khaoui,Saîf-Eddine Khaoui,"CAM, RM, CM",71,74,26,Tunisia,,,Clermont Foot 63,French Ligue 1,2400000.0,12000.0,65.0,68.0,70.0,73.0,46.0,60.0,220029,https://sofifa.com/player/220029/saif-eddine-khaoui/220002,S. Khaoui,"CAM, RM, CM",71,74,2400000.0,12000.0,26,1995-04-27,180,68,1815.0,Clermont Foot 63,French Ligue 1,1.0,SUB,6.0,,2021-08-14,2023.0,145,Tunisia,,,,Left,3,3,1,Medium/Medium,Lean (170-185),No,5000000.0,,Finesse Shot,65.0,68.0,70.0,73.0,46.0,60.0,70,68,45,71,59,75,73,71,70,73,67,63,76,66,67,74,63,70,61,69,42,32,70,69,49,66,51,50,49,12,14,11,14,9,,67+2,67+2,67+2,70,70,70,70,70,71+2,71+2,71+2,70+2,68+2,68+2,68+2,70+2,60+2,58+2,58+2,58+2,60+2,57+2,51+2,51+2,51+2,57+2,18+2,https://cdn.sofifa.net/players/220/029/22_120.png,https://cdn.sofifa.net/teams/1815/60.png,https://cdn.sofifa.net/flags/fr.png,,https://cdn.sofifa.net/flags/tn.png
252711,A. Abdi,Ali Abdi,"RB, LB, LM",70,71,27,Tunisia,,,Stade Malherbe Caen,French Ligue 2,1700000.0,4000.0,83.0,59.0,65.0,68.0,60.0,72.0,252711,https://sofifa.com/player/252711/ali-abdi/220002,A. Abdi,"RB, LB, LM",70,71,1700000.0,4000.0,27,1993-12-20,180,73,210.0,Stade Malherbe Caen,French Ligue 2,2.0,SUB,25.0,,2021-07-26,2023.0,145,Tunisia,,,,Left,3,3,1,High/High,Normal (170-185),No,3100000.0,,Long Throw-in,83.0,59.0,65.0,68.0,60.0,72.0,67,58,65,70,49,66,66,44,60,69,81,85,71,72,66,65,68,83,68,60,67,59,70,65,41,68,57,61,61,13,13,13,10,9,,67+2,67+2,67+2,69,68,68,68,69,68+2,68+2,68+2,70+1,67+2,67+2,67+2,70+1,68+2,65+2,65+2,65+2,68+2,68+2,64+2,64+2,64+2,68+2,18+2,https://cdn.sofifa.net/players/252/711/22_120.png,https://cdn.sofifa.net/teams/210/60.png,https://cdn.sofifa.net/flags/fr.png,,https://cdn.sofifa.net/flags/tn.png
241746,Y. Meriah,Yassine Meriah,CB,69,71,27,Tunisia,,,Al Ain FC,UAE Arabian Gulf League,1500000.0,550.0,71.0,49.0,51.0,58.0,70.0,72.0,241746,https://sofifa.com/player/241746/yassine-meriah/220002,Y. Meriah,CB,69,71,1500000.0,550.0,27,1993-07-02,188,83,111701.0,Al Ain FC,UAE Arabian Gulf League,1.0,RCB,20.0,,2021-07-28,2023.0,145,Tunisia,,,,Right,2,2,1,Low/Medium,Normal (185+),No,3300000.0,,,71.0,49.0,51.0,58.0,70.0,72.0,31,34,66,63,46,57,25,32,68,58,72,70,65,60,58,69,87,65,74,63,73,70,38,46,66,54,69,72,68,6,6,12,5,14,,55+2,55+2,55+2,53,55,55,55,53,55+2,55+2,55+2,55+2,59+2,59+2,59+2,55+2,62+2,66+2,66+2,66+2,62+2,64+2,69+2,69+2,69+2,64+2,14+2,https://cdn.sofifa.net/players/241/746/22_120.png,https://cdn.sofifa.net/teams/111701/60.png,https://cdn.sofifa.net/flags/ae.png,,https://cdn.sofifa.net/flags/tn.png
242041,M. Dräger,Mohamed Dräger,RB,69,74,25,Tunisia,,,Nottingham Forest,English League Championship,1900000.0,19000.0,80.0,59.0,60.0,67.0,64.0,62.0,242041,https://sofifa.com/player/242041/mohamed-drager/220002,M. Dräger,RB,69,74,1900000.0,19000.0,25,1996-06-25,178,74,14.0,Nottingham Forest,English League Championship,2.0,SUB,25.0,,2021-08-31,2024.0,145,Tunisia,,,,Right,3,3,1,Medium/Medium,Normal (170-185),No,3800000.0,,,80.0,59.0,60.0,67.0,64.0,62.0,66,57,63,64,58,66,52,48,56,66,84,77,77,67,74,62,49,69,56,60,70,65,60,56,60,56,64,65,64,12,9,8,9,10,,63+2,63+2,63+2,66,64,64,64,66,64+2,64+2,64+2,66+2,62+2,62+2,62+2,66+2,67+2,64+2,64+2,64+2,67+2,67+2,64+2,64+2,64+2,67+2,16+2,https://cdn.sofifa.net/players/242/041/22_120.png,https://cdn.sofifa.net/teams/14/60.png,https://cdn.sofifa.net/flags/gb-eng.png,,https://cdn.sofifa.net/flags/tn.png
242166,A. Layouni,Amor Yonas Layouni,LW,69,69,28,Tunisia,,,Vålerenga Fotball,Norwegian Eliteserien,1400000.0,3000.0,80.0,63.0,62.0,68.0,35.0,64.0,242166,https://sofifa.com/player/242166/amor-layouni/220002,A. Layouni,LW,69,69,1400000.0,3000.0,28,1992-10-03,191,80,920.0,Vålerenga Fotball,Norwegian Eliteserien,1.0,LW,11.0,,2021-01-25,2023.0,145,Tunisia,,,,Left,4,3,1,High/Medium,Lean (185+),No,1800000.0,,,80.0,63.0,62.0,68.0,35.0,64.0,69,63,56,63,62,71,58,53,49,69,77,82,71,66,50,64,34,79,72,61,32,26,66,67,57,57,38,31,30,15,14,7,13,6,,66+2,66+2,66+2,69,67,67,67,69,67+2,67+2,67+2,69,61+2,61+2,61+2,69,56+2,49+2,49+2,49+2,56+2,53+2,44+2,44+2,44+2,53+2,18+2,https://cdn.sofifa.net/players/242/166/22_120.png,https://cdn.sofifa.net/teams/920/60.png,https://cdn.sofifa.net/flags/no.png,,https://cdn.sofifa.net/flags/tn.png
237548,O. Haddadi,Oussama Haddadi,"CB, LB",68,68,29,Tunisia,,,Yeni Malatyaspor,Turkish Süper Lig,1000000.0,6000.0,73.0,38.0,60.0,62.0,66.0,74.0,237548,https://sofifa.com/player/237548/oussama-haddadi/220002,O. Haddadi,"CB, LB",68,68,1000000.0,6000.0,29,1992-01-28,184,85,113259.0,Yeni Malatyaspor,Turkish Süper Lig,1.0,LCB,5.0,,2021-06-25,2023.0,145,Tunisia,,,,Left,3,2,1,High/Medium,Normal (170-185),No,2000000.0,,,73.0,38.0,60.0,62.0,66.0,74.0,64,34,62,67,42,64,55,34,57,60,69,76,55,67,58,47,65,73,76,34,71,68,54,54,41,68,62,71,67,6,6,14,9,14,,55+2,55+2,55+2,59,57,57,57,59,58+2,58+2,58+2,62+2,61+2,61+2,61+2,62+2,67+1,66+2,66+2,66+2,67+1,67+1,68,68,68,67+1,15+2,https://cdn.sofifa.net/players/237/548/22_120.png,https://cdn.sofifa.net/teams/113259/60.png,https://cdn.sofifa.net/flags/tr.png,,https://cdn.sofifa.net/flags/tn.png
237600,B. Srarfi,Bassem Srarfi,"LM, LWB, RM",67,72,24,Tunisia,,,SV Zulte Waregem,Belgian Jupiler Pro League,1500000.0,5000.0,73.0,62.0,65.0,71.0,50.0,61.0,237600,https://sofifa.com/player/237600/bassem-srarfi/220002,B. Srarfi,"LM, LWB, RM",67,72,1500000.0,5000.0,24,1997-06-25,176,71,15005.0,SV Zulte Waregem,Belgian Jupiler Pro League,1.0,SUB,11.0,,2020-01-25,2023.0,145,Tunisia,,,,Left,3,4,1,Medium/Medium,Lean (170-185),No,2400000.0,,"Flair, Speed Dribbler (AI)",73.0,62.0,65.0,71.0,50.0,61.0,68,58,51,66,60,72,66,59,60,70,76,70,77,61,75,68,53,55,62,63,66,55,60,67,66,67,38,58,53,9,6,13,7,11,,63+2,63+2,63+2,67,66,66,66,67,67+2,67+2,67+2,66+2,64+2,64+2,64+2,66+2,61+2,59+2,59+2,59+2,61+2,59+2,56+2,56+2,56+2,59+2,14+2,https://cdn.sofifa.net/players/237/600/22_120.png,https://cdn.sofifa.net/teams/15005/60.png,https://cdn.sofifa.net/flags/be.png,,https://cdn.sofifa.net/flags/tn.png
211600,A. Ben Mohamed,Ayman Ben Mohamed,"LB, LM",66,67,26,Tunisia,,,Le Havre AC,French Ligue 2,925000.0,3000.0,90.0,57.0,58.0,64.0,59.0,67.0,211600,https://sofifa.com/player/211600/ayman-ben-mohamed/220002,A. Ben Mohamed,"LB, LM",66,67,925000.0,3000.0,26,1994-12-08,176,70,1738.0,Le Havre AC,French Ligue 2,2.0,LB,12.0,,2019-08-14,2022.0,145,Tunisia,,,,Left,3,3,1,High/Medium,Lean (170-185),No,1700000.0,#Speedster,,90.0,57.0,58.0,64.0,59.0,67.0,63,58,49,61,49,63,57,37,54,65,90,90,72,53,74,63,59,66,69,55,63,57,54,56,45,60,57,66,62,14,9,15,8,11,,61+2,61+2,61+2,64,62,62,62,64,62+2,62+2,62+2,64+2,59+2,59+2,59+2,64+2,64+2,60+2,60+2,60+2,64+2,64+2,61+2,61+2,61+2,64+2,15+2,https://cdn.sofifa.net/players/211/600/22_120.png,https://cdn.sofifa.net/teams/1738/60.png,https://cdn.sofifa.net/flags/fr.png,,https://cdn.sofifa.net/flags/tn.png
235033,S. Chabbi,Seifedin Chabbi,ST,66,66,27,Tunisia,,,SV Ried,Austrian Football Bundesliga,925000.0,4000.0,69.0,65.0,52.0,63.0,24.0,66.0,235033,https://sofifa.com/player/235033/seifedin-chabbi/220002,S. Chabbi,ST,66,66,925000.0,4000.0,27,1993-07-04,189,77,780.0,SV Ried,Austrian Football Bundesliga,1.0,RS,9.0,,2021-07-01,2023.0,145,Tunisia,,,,Right,3,2,1,Medium/Medium,Normal (185+),No,1300000.0,,,69.0,65.0,52.0,63.0,24.0,66.0,43,68,67,58,52,65,56,29,45,64,71,67,59,64,54,68,65,66,80,56,30,18,66,58,67,52,25,17,14,12,6,12,7,10,,66,66,66,62,64,64,64,62,62+2,62+2,62+2,61+2,55+2,55+2,55+2,61+2,44+2,42+2,42+2,42+2,44+2,42+2,39+2,39+2,39+2,42+2,15+2,https://cdn.sofifa.net/players/235/033/22_120.png,https://cdn.sofifa.net/teams/780/60.png,https://cdn.sofifa.net/flags/at.png,,https://cdn.sofifa.net/flags/tn.png
235236,I. Jebali,Issam Jebali,"ST, CF, CAM",66,66,29,Tunisia,,,Odense Boldklub,Danish Superliga,850000.0,5000.0,71.0,65.0,62.0,71.0,38.0,70.0,235236,https://sofifa.com/player/235236/issam-jebali/220002,I. Jebali,"ST, CF, CAM",66,66,850000.0,5000.0,29,1991-12-25,186,84,272.0,Odense Boldklub,Danish Superliga,1.0,CAM,7.0,,2019-07-30,2024.0,145,Tunisia,,,,Right,3,4,1,Medium/Medium,Normal (185+),No,1100000.0,,"Flair, Outside Foot Shot, Technical Dribbler (AI)",71.0,65.0,62.0,71.0,38.0,70.0,53,65,57,67,60,73,61,50,56,70,69,73,70,62,63,69,66,72,74,61,58,41,66,68,64,69,36,35,26,10,6,9,8,7,,66,66,66,67-1,68-2,68-2,68-2,67-1,67-1,67-1,67-1,67-1,63+2,63+2,63+2,67-1,54+2,54+2,54+2,54+2,54+2,51+2,49+2,49+2,49+2,51+2,14+2,https://cdn.sofifa.net/players/235/236/22_120.png,https://cdn.sofifa.net/teams/272/60.png,https://cdn.sofifa.net/flags/dk.png,,https://cdn.sofifa.net/flags/tn.png
204701,S. Khelifi,Salim Khelifi,"RM, LM",65,65,27,Tunisia,,,FC Zürich,Swiss Super League,750000.0,5000.0,80.0,58.0,58.0,69.0,30.0,46.0,204701,https://sofifa.com/player/204701/salim-khelifi/220002,S. Khelifi,"RM, LM",65,65,750000.0,5000.0,27,1994-01-26,173,65,894.0,FC Zürich,Swiss Super League,1.0,RES,26.0,,2018-07-01,2022.0,145,Tunisia,,,,Right,3,3,1,Medium/Medium,Lean (170-185),No,1100000.0,,"Flair, Technical Dribbler (AI)",80.0,58.0,58.0,69.0,30.0,46.0,56,58,19,59,45,68,65,54,53,67,79,80,86,62,79,59,70,63,35,60,48,35,59,62,49,55,34,27,31,12,6,10,13,14,,57+2,57+2,57+2,65,63,63,63,65,64+1,64+1,64+1,64+1,58+2,58+2,58+2,64+1,52+2,47+2,47+2,47+2,52+2,48+2,38+2,38+2,38+2,48+2,17+2,https://cdn.sofifa.net/players/204/701/22_120.png,https://cdn.sofifa.net/teams/894/60.png,https://cdn.sofifa.net/flags/ch.png,,https://cdn.sofifa.net/flags/tn.png
255210,A. Slimane,Anis Ben Slimane,CM,65,75,20,Tunisia,,,Brøndby IF,Danish Superliga,1600000.0,3000.0,63.0,57.0,61.0,68.0,55.0,71.0,255210,https://sofifa.com/player/255210/anis-slimane/220002,A. Slimane,CM,65,75,1600000.0,3000.0,20,2001-03-16,188,80,269.0,Brøndby IF,Danish Superliga,1.0,SUB,25.0,,2019-06-01,2024.0,145,Tunisia,,,,Right,4,3,1,High/Medium,Normal (185+),No,2300000.0,,,63.0,57.0,61.0,68.0,55.0,71.0,45,56,50,68,47,68,58,51,64,72,64,63,61,61,64,62,64,68,77,59,60,54,65,67,49,63,53,58,54,11,12,8,5,14,,62+2,62+2,62+2,63,65,65,65,63,66+2,66+2,66+2,64+2,65+2,65+2,65+2,64+2,59+2,62+2,62+2,62+2,59+2,58+2,59+2,59+2,59+2,58+2,16+2,https://cdn.sofifa.net/players/255/210/22_120.png,https://cdn.sofifa.net/teams/269/60.png,https://cdn.sofifa.net/flags/dk.png,,https://cdn.sofifa.net/flags/tn.png
264008,W. Kechrida,Wajdi Kechrida,"RB, CDM, RM",64,69,25,Tunisia,,,US Salernitana 1919,Italian Serie A,800000.0,8000.0,68.0,34.0,48.0,59.0,63.0,58.0,264008,https://sofifa.com/player/264008/wajdi-kechrida/220002,W. Kechrida,"RB, CDM, RM",64,69,800000.0,8000.0,25,1995-11-05,184,75,110373.0,US Salernitana 1919,Italian Serie A,1.0,RM,24.0,,2021-07-31,2023.0,145,Tunisia,,,,Right,2,2,1,High/Medium,Lean (170-185),No,1500000.0,,Speed Dribbler (AI),68.0,34.0,48.0,59.0,63.0,58.0,60,31,49,55,35,61,35,42,30,60,71,66,51,55,59,34,55,58,57,32,60,57,54,44,46,53,56,75,72,14,11,14,7,11,,49+2,49+2,49+2,55,52,52,52,55,52+2,52+2,52+2,55+2,51+2,51+2,51+2,55+2,62+2,57+2,57+2,57+2,62+2,62+2,61+2,61+2,61+2,62+2,16+2,https://cdn.sofifa.net/players/264/008/22_120.png,https://cdn.sofifa.net/teams/110373/60.png,https://cdn.sofifa.net/flags/it.png,,https://cdn.sofifa.net/flags/tn.png
111503,C. Ben Saada,Chaouki Ben Saada,"RM, CAM, LM",63,63,37,Tunisia,,,SC Bastia,French Ligue 2,160000.0,1000.0,53.0,62.0,65.0,66.0,41.0,41.0,111503,https://sofifa.com/player/111503/chaouki-ben-saada/220002,C. Ben Saada,"RM, CAM, LM",63,63,160000.0,1000.0,37,1984-07-01,176,72,58.0,SC Bastia,French Ligue 2,2.0,SUB,18.0,,2019-08-29,2022.0,145,Tunisia,,,,Left,4,3,1,Medium/Medium,Lean (170-185),No,280000.0,,"Injury Prone, Leadership, Team Player, Technical Dribbler (AI)",53.0,62.0,65.0,66.0,41.0,41.0,69,59,61,67,62,67,68,64,56,65,57,49,63,60,72,66,52,43,33,66,54,44,59,66,62,59,38,38,36,10,14,14,11,16,,60+2,60+2,60+2,63,62,62,62,63,63,63,63,62+1,60+2,60+2,60+2,62+1,52+2,51+2,51+2,51+2,52+2,50+2,46+2,46+2,46+2,50+2,18+2,https://cdn.sofifa.net/players/111/503/22_120.png,https://cdn.sofifa.net/teams/58/60.png,https://cdn.sofifa.net/flags/fr.png,,https://cdn.sofifa.net/flags/tn.png
216444,M. Gouaida,Mohamed Gouaida,"CAM, LM, CM",63,63,28,Tunisia,,,SV Waldhof Mannheim 07,German 3. Bundesliga,475000.0,1000.0,72.0,47.0,64.0,68.0,31.0,55.0,216444,https://sofifa.com/player/216444/mohamed-gouaida/220002,M. Gouaida,"CAM, LM, CM",63,63,475000.0,1000.0,28,1993-05-15,178,72,110532.0,SV Waldhof Mannheim 07,German 3. Bundesliga,3.0,SUB,18.0,,2019-07-01,2022.0,145,Tunisia,,,,Left,3,3,1,Medium/Medium,Lean (170-185),No,689000.0,,Flair,72.0,47.0,64.0,68.0,31.0,55.0,65,45,40,64,45,67,64,59,59,66,77,67,82,60,81,51,69,62,57,46,39,24,61,66,48,53,29,34,36,9,12,10,16,16,,56+2,56+2,56+2,63,61,61,61,63,63,63,63,64-1,59+2,59+2,59+2,64-1,52+2,48+2,48+2,48+2,52+2,49+2,41+2,41+2,41+2,49+2,18+2,https://cdn.sofifa.net/players/216/444/22_120.png,https://cdn.sofifa.net/teams/110532/60.png,https://cdn.sofifa.net/flags/de.png,,https://cdn.sofifa.net/flags/tn.png
263432,M. Ben Ouanes,Mortadha Ben Ouanes,LB,63,64,26,Tunisia,,,Kasimpaşa SK,Turkish Süper Lig,525000.0,3000.0,67.0,32.0,55.0,56.0,64.0,61.0,263432,https://sofifa.com/player/263432/mortadha-ben-ouanes/220002,M. Ben Ouanes,LB,63,64,525000.0,3000.0,26,1994-07-02,182,75,111339.0,Kasimpaşa SK,Turkish Süper Lig,1.0,LB,12.0,,2021-07-02,2023.0,145,Tunisia,,,,Left,3,2,1,Medium/Medium,Normal (170-185),No,1100000.0,,,67.0,32.0,55.0,56.0,64.0,61.0,57,30,46,63,30,67,35,33,58,39,68,67,56,52,62,28,63,67,58,31,62,62,56,47,44,48,67,68,67,14,15,8,13,12,,46+2,46+2,46+2,53,50,50,50,53,52+2,52+2,52+2,56+2,54+2,54+2,54+2,56+2,61+2,60+2,60+2,60+2,61+2,61+2,61+2,61+2,61+2,61+2,17+2,https://cdn.sofifa.net/players/263/432/22_120.png,https://cdn.sofifa.net/teams/111339/60.png,https://cdn.sofifa.net/flags/tr.png,,https://cdn.sofifa.net/flags/tn.png
242683,M. Zemzemi,Moataz Zemzemi,"LM, RM",62,74,21,Tunisia,,,Chamois Niortais Football Club,French Ligue 2,975000.0,1000.0,75.0,48.0,57.0,69.0,35.0,47.0,242683,https://sofifa.com/player/242683/moataz-zemzemi/220002,M. Zemzemi,"LM, RM",62,74,975000.0,1000.0,21,1999-08-07,183,73,1813.0,Chamois Niortais Football Club,French Ligue 2,2.0,SUB,7.0,,2021-08-06,2024.0,145,Tunisia,,,,Left,2,3,1,Medium/Low,Lean (170-185),No,1900000.0,,Technical Dribbler (AI),75.0,48.0,57.0,69.0,35.0,47.0,54,40,47,61,50,73,73,46,51,68,75,75,72,52,62,58,34,50,51,47,35,26,53,54,67,55,38,32,43,10,10,9,13,10,,55+2,55+2,55+2,61,59,59,59,61,60+2,60+2,60+2,61+2,55+2,55+2,55+2,61+2,51+2,46+2,46+2,46+2,51+2,49+2,42+2,42+2,42+2,49+2,15+2,https://cdn.sofifa.net/players/242/683/22_120.png,https://cdn.sofifa.net/teams/1813/60.png,https://cdn.sofifa.net/flags/fr.png,,https://cdn.sofifa.net/flags/tn.png
258171,H. Mejbri,Hannibal Mejbri,"CAM, CM",62,84,18,Tunisia,,,Manchester United,English Premier League,1300000.0,6000.0,69.0,51.0,61.0,64.0,52.0,58.0,258171,https://sofifa.com/player/258171/hannibal-mejbri/220002,H. Mejbri,"CAM, CM",62,84,1300000.0,6000.0,18,2003-01-21,182,70,11.0,Manchester United,English Premier League,1.0,RES,46.0,,2020-07-01,2026.0,145,Tunisia,,,,Right,3,3,1,High/Medium,Lean (170-185),No,3700000.0,,"Flair, Playmaker (AI), Outside Foot Shot, Technical Dribbler (AI)",69.0,51.0,61.0,64.0,52.0,58.0,59,50,42,63,45,64,61,46,60,62,69,69,76,62,62,54,40,62,53,50,70,52,64,62,46,65,50,56,52,9,5,10,11,7,,57+2,57+2,57+2,62,61,61,61,62,62+2,62+2,62+2,62+2,61+2,61+2,61+2,62+2,59+2,58+2,58+2,58+2,59+2,58+2,54+2,54+2,54+2,58+2,14+2,https://cdn.sofifa.net/players/258/171/22_120.png,https://cdn.sofifa.net/teams/11/60.png,https://cdn.sofifa.net/flags/gb-eng.png,,https://cdn.sofifa.net/flags/tn.png
259235,M. Lamti,Marc Martin Lamti,"CDM, CB, CM",62,72,20,Tunisia,,,Hannover 96,German 2. Bundesliga,825000.0,3000.0,57.0,42.0,54.0,55.0,60.0,67.0,259235,https://sofifa.com/player/259235/marc-lamti/220002,M. Lamti,"CDM, CB, CM",62,72,825000.0,3000.0,20,2001-01-28,196,79,485.0,Hannover 96,German 2. Bundesliga,2.0,RES,24.0,,2020-09-29,2022.0,145,Tunisia,,,,Right,3,2,1,Medium/High,Normal (185+),No,1500000.0,,,57.0,42.0,54.0,55.0,60.0,67.0,38,34,61,66,31,55,43,34,64,62,61,53,50,50,36,55,58,60,75,52,58,61,34,51,40,42,55,64,60,13,8,13,15,15,,51+2,51+2,51+2,51,51,51,51,51,54+2,54+2,54+2,53+2,57+2,57+2,57+2,53+2,57+2,61+2,61+2,61+2,57+2,58+2,61+2,61+2,61+2,58+2,17+2,https://cdn.sofifa.net/players/259/235/22_120.png,https://cdn.sofifa.net/teams/485/60.png,https://cdn.sofifa.net/flags/de.png,,https://cdn.sofifa.net/flags/tn.png
155862,Sergio Ramos,Sergio Ramos García,CB,88,88,35,Spain,SUB,15.0,Paris Saint-Germain,French Ligue 1,24000000.0,115000.0,70.0,70.0,76.0,74.0,88.0,84.0,155862,https://sofifa.com/player/155862/sergio-ramos-garcia/220002,Sergio Ramos,CB,88,88,24000000.0,115000.0,35,1986-03-30,184,82,73.0,Paris Saint-Germain,French Ligue 1,1.0,LCB,4.0,,2021-07-08,2023.0,45,Spain,1362.0,SUB,15.0,Right,3,3,4,High/Medium,Unique,Yes,44400000.0,"#Aerial Threat, #Tackling, #Tactician, #Complete Defender","Injury Prone, Dives Into Tackles (AI), Leadership, Long Passer (AI), Power Header, Team Player",70.0,70.0,76.0,74.0,88.0,84.0,66,65,92,82,69,65,74,76,83,83,71,69,77,92,66,79,93,78,84,64,90,87,73,71,92,88,84,89,91,11,8,9,7,11,,76+3,76+3,76+3,73,75,75,75,73,75+3,75+3,75+3,74+3,79+3,79+3,79+3,74+3,81+3,85+3,85+3,85+3,81+3,83+3,87+1,87+1,87+1,83+3,18+3,https://cdn.sofifa.net/players/155/862/22_120.png,https://cdn.sofifa.net/teams/73/60.png,https://cdn.sofifa.net/flags/fr.png,https://cdn.sofifa.net/teams/1362/60.png,https://cdn.sofifa.net/flags/es.png
189332,Jordi Alba,Jordi Alba Ramos,"LB, LM",86,86,32,Spain,LB,18.0,FC Barcelona,Spain Primera Division,47000000.0,200000.0,86.0,69.0,81.0,83.0,77.0,71.0,189332,https://sofifa.com/player/189332/jordi-alba-ramos/220002,Jordi Alba,"LB, LM",86,86,47000000.0,200000.0,32,1989-03-21,170,68,241.0,FC Barcelona,Spain Primera Division,1.0,LB,18.0,,2012-07-01,2024.0,45,Spain,1362.0,LB,18.0,Left,3,3,3,High/Medium,Unique,Yes,96400000.0,#Acrobat,Speed Dribbler (AI),86.0,69.0,81.0,83.0,77.0,71.0,85,73,70,85,60,81,80,63,79,85,87,86,90,80,85,64,80,87,61,66,75,81,83,78,59,80,74,78,80,13,15,13,6,13,,76+3,76+3,76+3,82,80,80,80,82,81+3,81+3,81+3,83+3,81+3,81+3,81+3,83+3,82+3,80+3,80+3,80+3,82+3,82+3,76+3,76+3,76+3,82+3,19+3,https://cdn.sofifa.net/players/189/332/22_120.png,https://cdn.sofifa.net/teams/241/60.png,https://cdn.sofifa.net/flags/es.png,https://cdn.sofifa.net/teams/1362/60.png,https://cdn.sofifa.net/flags/es.png
189509,Thiago,Thiago Alcântara do Nascimento,"CM, CDM",86,86,30,Spain,SUB,10.0,Liverpool,English Premier League,65000000.0,180000.0,63.0,72.0,86.0,90.0,70.0,66.0,189509,https://sofifa.com/player/189509/thiago-alcantara/220002,Thiago,"CM, CDM",86,86,65000000.0,180000.0,30,1991-04-11,174,70,9.0,Liverpool,English Premier League,1.0,LCM,6.0,,2020-09-18,2024.0,45,Spain,1362.0,SUB,10.0,Right,3,5,3,Medium/Medium,Normal (170-185),Yes,120300000.0,"#Dribbler, #Acrobat","Injury Prone, Dives Into Tackles (AI), Flair, Playmaker (AI), Outside Foot Shot, Technical Dribbler (AI)",63.0,72.0,86.0,90.0,70.0,66.0,78,68,54,90,82,90,85,77,89,92,72,55,91,84,90,75,80,74,59,73,72,82,75,85,75,88,67,71,68,6,11,7,9,13,,74+3,74+3,74+3,81,80,80,80,81,84+2,84+2,84+2,82+3,85+1,85+1,85+1,82+3,77+3,80+3,80+3,80+3,77+3,75+3,71+3,71+3,71+3,75+3,18+3,https://cdn.sofifa.net/players/189/509/22_120.png,https://cdn.sofifa.net/teams/9/60.png,https://cdn.sofifa.net/flags/gb-eng.png,https://cdn.sofifa.net/teams/1362/60.png,https://cdn.sofifa.net/flags/es.png
189511,Sergio Busquets,Sergio Busquets i Burgos,"CDM, CM",86,86,32,Spain,CDM,5.0,FC Barcelona,Spain Primera Division,45000000.0,200000.0,42.0,62.0,79.0,80.0,82.0,75.0,189511,https://sofifa.com/player/189511/sergio-busquets-burgos/220002,Sergio Busquets,"CDM, CM",86,86,45000000.0,200000.0,32,1988-07-16,189,76,241.0,FC Barcelona,Spain Primera Division,1.0,CDM,5.0,,2008-09-01,2023.0,45,Spain,1362.0,CDM,5.0,Right,3,3,4,Medium/Medium,Lean (185+),Yes,92300000.0,,"Leadership, Team Player",42.0,62.0,79.0,80.0,82.0,75.0,62,67,68,87,44,81,66,68,85,86,40,43,67,86,50,61,66,78,72,54,81,85,77,83,60,90,84,82,81,5,8,13,9,13,,70+3,70+3,70+3,73,75,75,75,73,78+3,78+3,78+3,75+3,82+3,82+3,82+3,75+3,77+3,84+2,84+2,84+2,77+3,76+3,79+3,79+3,79+3,76+3,17+3,https://cdn.sofifa.net/players/189/511/22_120.png,https://cdn.sofifa.net/teams/241/60.png,https://cdn.sofifa.net/flags/es.png,https://cdn.sofifa.net/teams/1362/60.png,https://cdn.sofifa.net/flags/es.png
208093,Gerard Moreno,Gerard Moreno Balagueró,"ST, RM, RW",86,86,29,Spain,ST,9.0,Villarreal CF,Spain Primera Division,68000000.0,73000.0,79.0,86.0,77.0,84.0,46.0,73.0,208093,https://sofifa.com/player/208093/gerard-moreno-balaguero/220002,Gerard Moreno,"ST, RM, RW",86,86,68000000.0,73000.0,29,1992-04-07,180,77,483.0,Villarreal CF,Spain Primera Division,1.0,RS,7.0,,2018-07-02,2027.0,45,Spain,1362.0,ST,9.0,Left,4,3,2,High/Medium,Lean (170-185),Yes,142800000.0,#Clinical Finisher,"Finesse Shot, Outside Foot Shot",79.0,86.0,77.0,84.0,46.0,73.0,77,89,82,81,81,86,75,62,75,85,80,78,77,89,70,83,76,79,75,83,61,42,87,78,85,78,44,41,41,15,12,7,12,10,,84+2,84+2,84+2,83,84,84,84,83,83+2,83+2,83+2,83+2,78+2,78+2,78+2,83+2,66+2,64+2,64+2,64+2,66+2,64+2,58+2,58+2,58+2,64+2,20+2,https://cdn.sofifa.net/players/208/093/22_120.png,https://cdn.sofifa.net/teams/483/60.png,https://cdn.sofifa.net/flags/es.png,https://cdn.sofifa.net/teams/1362/60.png,https://cdn.sofifa.net/flags/es.png
212218,A. Laporte,Aymeric Laporte,CB,86,89,27,Spain,LCB,24.0,Manchester City,English Premier League,77000000.0,185000.0,63.0,50.0,72.0,69.0,86.0,80.0,212218,https://sofifa.com/player/212218/aymeric-laporte/220002,A. Laporte,CB,86,89,77000000.0,185000.0,27,1994-05-27,191,85,10.0,Manchester City,English Premier League,1.0,LCB,14.0,,2018-01-30,2024.0,45,Spain,1362.0,LCB,24.0,Left,3,2,3,Medium/Medium,Unique,Yes,148200000.0,"#Tackling, #Tactician ",Long Passer (AI),63.0,50.0,72.0,69.0,86.0,80.0,58,45,84,82,40,63,61,69,80,78,59,67,57,87,60,68,80,72,84,47,81,87,54,65,44,84,86,87,86,10,11,5,14,5,,66+3,66+3,66+3,65,66,66,66,65,68+3,68+3,68+3,68+3,74+3,74+3,74+3,68+3,77+3,82+3,82+3,82+3,77+3,79+3,85+3,85+3,85+3,79+3,18+3,https://cdn.sofifa.net/players/212/218/22_120.png,https://cdn.sofifa.net/teams/10/60.png,https://cdn.sofifa.net/flags/gb-eng.png,https://cdn.sofifa.net/teams/1362/60.png,https://cdn.sofifa.net/flags/es.png
226161,Marcos Llorente,Marcos Llorente Moreno,"CM, RM, ST",86,89,26,Spain,RB,6.0,Atlético de Madrid,Spain Primera Division,88000000.0,95000.0,88.0,80.0,81.0,82.0,78.0,82.0,226161,https://sofifa.com/player/226161/marcos-llorente-moreno/220002,Marcos Llorente,"CM, RM, ST",86,89,88000000.0,95000.0,26,1995-01-30,184,74,240.0,Atlético de Madrid,Spain Primera Division,1.0,RM,14.0,,2019-07-01,2027.0,45,Spain,1362.0,RB,6.0,Right,4,3,3,High/Medium,Lean (170-185),Yes,187000000.0,#Playmaker ,Speed Dribbler (AI),88.0,80.0,81.0,82.0,78.0,82.0,74,81,67,86,64,82,73,58,83,84,86,90,82,86,69,84,69,90,79,79,83,82,87,86,64,83,79,80,74,13,6,6,11,15,,82+3,82+3,82+3,83,84,84,84,83,84+3,84+3,84+3,84+3,84+3,84+3,84+3,84+3,82+3,83+3,83+3,83+3,82+3,81+3,79+3,79+3,79+3,81+3,19+3,https://cdn.sofifa.net/players/226/161/22_120.png,https://cdn.sofifa.net/teams/240/60.png,https://cdn.sofifa.net/flags/es.png,https://cdn.sofifa.net/teams/1362/60.png,https://cdn.sofifa.net/flags/es.png
231866,Rodri,Rodrigo Hernández Cascante,CDM,86,89,25,Spain,SUB,16.0,Manchester City,English Premier League,81000000.0,175000.0,61.0,70.0,77.0,78.0,82.0,82.0,231866,https://sofifa.com/player/231866/rodrigo-hernandez-cascante/220002,Rodri,CDM,86,89,81000000.0,175000.0,25,1996-06-22,191,82,10.0,Manchester City,English Premier League,1.0,CDM,16.0,,2019-07-04,2024.0,45,Spain,1362.0,SUB,16.0,Right,4,3,3,Medium/High,Normal (185+),Yes,155900000.0,,Solid Player,61.0,70.0,77.0,78.0,82.0,82.0,63,64,78,85,59,78,65,54,83,82,60,62,65,80,65,83,72,87,82,76,76,83,75,81,46,83,83,84,78,10,10,7,14,8,,75+3,75+3,75+3,74,76,76,76,74,78+3,78+3,78+3,76+3,82+3,82+3,82+3,76+3,78+3,83+3,83+3,83+3,78+3,78+3,81+3,81+3,81+3,78+3,18+3,https://cdn.sofifa.net/players/231/866/22_120.png,https://cdn.sofifa.net/teams/10/60.png,https://cdn.sofifa.net/flags/gb-eng.png,https://cdn.sofifa.net/teams/1362/60.png,https://cdn.sofifa.net/flags/es.png
193747,Koke,Jorge Resurrección Merodio,"CM, CDM",85,85,29,Spain,RCM,8.0,Atlético de Madrid,Spain Primera Division,52500000.0,90000.0,70.0,75.0,85.0,81.0,79.0,80.0,193747,https://sofifa.com/player/193747/jorge-resurreccion/220002,Koke,"CM, CDM",85,85,52500000.0,90000.0,29,1992-01-08,176,75,240.0,Atlético de Madrid,Spain Primera Division,1.0,RCM,6.0,,2011-01-01,2024.0,45,Spain,1362.0,RCM,8.0,Right,4,3,3,Medium/Medium,Normal (170-185),Yes,107600000.0,#Playmaker ,"Leadership, Playmaker (AI), Team Player",70.0,75.0,85.0,81.0,79.0,80.0,85,72,61,86,56,80,85,76,84,83,72,69,73,88,82,83,59,93,75,80,79,83,83,86,67,86,82,81,70,14,12,5,10,13,,77+3,77+3,77+3,80,81,81,81,80,82+3,82+3,82+3,82+3,84+1,84+1,84+1,82+3,82+3,83+2,83+2,83+2,82+3,80+3,77+3,77+3,77+3,80+3,20+3,https://cdn.sofifa.net/players/193/747/22_120.png,https://cdn.sofifa.net/teams/240/60.png,https://cdn.sofifa.net/flags/es.png,https://cdn.sofifa.net/teams/1362/60.png,https://cdn.sofifa.net/flags/es.png
230142,Oyarzabal,Mikel Oyarzabal Ugarte,"LW, RW",85,89,24,Spain,SUB,21.0,Real Sociedad,Spain Primera Division,77500000.0,57000.0,82.0,82.0,81.0,84.0,41.0,63.0,230142,https://sofifa.com/player/230142/mikel-oyarzabal-ugarte/220002,Oyarzabal,"LW, RW",85,89,77500000.0,57000.0,24,1997-04-21,181,79,457.0,Real Sociedad,Spain Primera Division,1.0,LW,10.0,,2014-07-01,2024.0,45,Spain,1362.0,SUB,21.0,Left,3,3,2,High/Medium,Lean (170-185),Yes,168600000.0,,"Solid Player, Finesse Shot, Outside Foot Shot, Technical Dribbler (AI)",82.0,82.0,81.0,84.0,41.0,63.0,82,84,60,83,74,85,77,71,73,85,83,81,83,81,80,80,72,82,57,81,52,29,85,85,84,83,55,32,30,10,6,10,13,11,,79+2,79+2,79+2,84,83,83,83,84,83+2,83+2,83+2,83+2,77+2,77+2,77+2,83+2,64+2,61+2,61+2,61+2,64+2,60+2,51+2,51+2,51+2,60+2,18+2,https://cdn.sofifa.net/players/230/142/22_120.png,https://cdn.sofifa.net/teams/457/60.png,https://cdn.sofifa.net/flags/es.png,https://cdn.sofifa.net/teams/1362/60.png,https://cdn.sofifa.net/flags/es.png
193080,De Gea,David De Gea Quintana,GK,84,84,30,Spain,SUB,1.0,Manchester United,English Premier League,28000000.0,120000.0,,,,,,,193080,https://sofifa.com/player/193080/david-de-gea-quintana/220002,De Gea,GK,84,84,28000000.0,120000.0,30,1990-11-07,192,82,11.0,Manchester United,English Premier League,1.0,GK,1.0,,2011-07-01,2023.0,45,Spain,1362.0,SUB,1.0,Right,3,1,4,Medium/Medium,Unique,Yes,51800000.0,,"Cautious With Crosses, Saves with Feet",,,,,,,17,13,21,48,13,18,21,19,43,38,57,58,63,83,43,57,67,43,55,12,38,30,12,61,29,63,25,21,13,86,79,76,79,87,57.0,34+3,34+3,34+3,36,37,37,37,36,40+3,40+3,40+3,38+3,41+3,41+3,41+3,38+3,36+3,39+3,39+3,39+3,36+3,35+3,34+3,34+3,34+3,35+3,82+2,https://cdn.sofifa.net/players/193/080/22_120.png,https://cdn.sofifa.net/teams/11/60.png,https://cdn.sofifa.net/flags/gb-eng.png,https://cdn.sofifa.net/teams/1362/60.png,https://cdn.sofifa.net/flags/es.png
184432,Azpilicueta,César Azpilicueta Tanco,"CB, RWB",83,83,31,Spain,SUB,2.0,Chelsea,English Premier League,25000000.0,125000.0,66.0,55.0,76.0,72.0,84.0,76.0,184432,https://sofifa.com/player/184432/cesar-azpilicueta-tanco/220002,Azpilicueta,"CB, RWB",83,83,25000000.0,125000.0,31,1989-08-28,178,77,5.0,Chelsea,English Premier League,1.0,RWB,28.0,,2012-08-24,2022.0,45,Spain,1362.0,SUB,2.0,Right,3,2,3,Medium/Medium,Normal (170-185),Yes,46300000.0,,"Long Throw-in, Solid Player, Early Crosser, Long Passer (AI), Team Player",66.0,55.0,76.0,72.0,84.0,76.0,80,46,77,79,51,68,68,58,80,77,69,63,67,86,73,68,83,77,70,60,87,84,62,72,66,78,85,85,84,13,9,10,6,5,,66+3,66+3,66+3,70,69,69,69,70,71+3,71+3,71+3,72+3,76+3,76+3,76+3,72+3,80+3,81+2,81+2,81+2,80+3,80+3,82+1,82+1,82+1,80+3,17+3,https://cdn.sofifa.net/players/184/432/22_120.png,https://cdn.sofifa.net/teams/5/60.png,https://cdn.sofifa.net/flags/gb-eng.png,https://cdn.sofifa.net/teams/1362/60.png,https://cdn.sofifa.net/flags/es.png
201153,Morata,Álvaro Borja Morata Martín,ST,83,83,28,Spain,SUB,7.0,Juventus,Italian Serie A,37000000.0,84000.0,82.0,80.0,72.0,81.0,31.0,77.0,201153,https://sofifa.com/player/201153/alvaro-borja-morata-martin/220002,Morata,ST,83,83,37000000.0,84000.0,28,1992-10-23,190,84,45.0,Juventus,Italian Serie A,1.0,ST,9.0,Atlético de Madrid,,2022.0,45,Spain,1362.0,SUB,7.0,Right,4,3,3,Medium/Medium,Unique,Yes,,,Speed Dribbler (AI),82.0,80.0,72.0,81.0,31.0,77.0,72,84,86,78,80,83,78,44,60,83,79,85,72,80,63,80,84,77,80,72,69,24,87,77,75,79,37,14,20,4,5,4,4,5,,83,83,83,81,82,82,82,81,80+3,80+3,80+3,79+3,71+3,71+3,71+3,79+3,58+3,55+3,55+3,55+3,58+3,54+3,50+3,50+3,50+3,54+3,13+3,https://cdn.sofifa.net/players/201/153/22_120.png,https://cdn.sofifa.net/teams/45/60.png,https://cdn.sofifa.net/flags/it.png,https://cdn.sofifa.net/teams/1362/60.png,https://cdn.sofifa.net/flags/es.png
211688,Gayà,José Luís Gayà Peña,"LB, LWB, LM",83,86,26,Spain,SUB,14.0,Valencia CF,Spain Primera Division,43500000.0,48000.0,83.0,61.0,77.0,80.0,79.0,73.0,211688,https://sofifa.com/player/211688/jose-luis-gaya-pena/220002,Gayà,"LB, LWB, LM",83,86,43500000.0,48000.0,26,1995-05-25,172,66,461.0,Valencia CF,Spain Primera Division,1.0,LB,14.0,,2012-09-13,2023.0,45,Spain,1362.0,SUB,14.0,Left,3,4,3,High/Medium,Lean (170-185),Yes,94600000.0,,"Team Player, Technical Dribbler (AI)",83.0,61.0,77.0,80.0,79.0,73.0,80,61,58,81,58,79,80,49,75,82,81,85,82,84,78,62,53,87,66,59,76,80,76,75,52,76,79,82,84,13,10,9,12,9,,71+3,71+3,71+3,78,76,76,76,78,77+3,77+3,77+3,79+3,78+3,78+3,78+3,79+3,82+3,80+3,80+3,80+3,82+3,81+3,76+3,76+3,76+3,81+3,19+3,https://cdn.sofifa.net/players/211/688/22_120.png,https://cdn.sofifa.net/teams/461/60.png,https://cdn.sofifa.net/flags/es.png,https://cdn.sofifa.net/teams/1362/60.png,https://cdn.sofifa.net/flags/es.png
226271,Fabián,Fabián Ruiz Peña,CM,82,86,25,Spain,SUB,17.0,Napoli,Italian Serie A,42000000.0,77000.0,63.0,78.0,79.0,82.0,74.0,71.0,226271,https://sofifa.com/player/226271/fabian-ruiz-pena/220002,Fabián,CM,82,86,42000000.0,77000.0,25,1996-04-03,189,70,48.0,Napoli,Italian Serie A,1.0,RCM,8.0,,2018-07-05,2023.0,45,Spain,1362.0,SUB,17.0,Left,3,4,2,Medium/Medium,Normal (185+),Yes,74600000.0,,"Finesse Shot, Long Shot Taker (AI), Outside Foot Shot",63.0,78.0,79.0,82.0,74.0,71.0,72,79,67,83,67,83,75,59,80,86,67,60,71,82,67,77,46,87,67,83,68,76,81,82,67,77,70,78,75,16,11,7,13,13,,77+2,77+2,77+2,79,80,80,80,79,81+2,81+2,81+2,79+2,82+2,82+2,82+2,79+2,77+2,79+2,79+2,79+2,77+2,76+2,73+2,73+2,73+2,76+2,21+2,https://cdn.sofifa.net/players/226/271/22_120.png,https://cdn.sofifa.net/teams/48/60.png,https://cdn.sofifa.net/flags/it.png,https://cdn.sofifa.net/teams/1362/60.png,https://cdn.sofifa.net/flags/es.png
230869,Unai Simón,Unai Simón Mendibil,GK,82,86,24,Spain,GK,23.0,Athletic Club de Bilbao,Spain Primera Division,34500000.0,24000.0,,,,,,,230869,https://sofifa.com/player/230869/unai-simon-mendibil/220002,Unai Simón,GK,82,86,34500000.0,24000.0,24,1997-06-11,190,89,448.0,Athletic Club de Bilbao,Spain Primera Division,1.0,GK,1.0,,2015-08-25,2025.0,45,Spain,1362.0,GK,23.0,Right,3,1,3,Medium/Medium,Normal (185+),No,75000000.0,,"Comes For Crosses, Saves with Feet",,,,,,,16,14,18,40,17,12,20,14,37,16,46,48,32,72,47,57,63,45,76,13,27,26,14,44,24,42,11,18,12,82,77,76,85,84,47.0,31+3,31+3,31+3,27,29,29,29,27,30+3,30+3,30+3,30+3,33+3,33+3,33+3,30+3,29+3,32+3,32+3,32+3,29+3,29+3,30+3,30+3,30+3,29+3,81+3,https://cdn.sofifa.net/players/230/869/22_120.png,https://cdn.sofifa.net/teams/448/60.png,https://cdn.sofifa.net/flags/es.png,https://cdn.sofifa.net/teams/1362/60.png,https://cdn.sofifa.net/flags/es.png
241461,Ferran Torres,Ferran Torres García,"RW, ST",82,90,21,Spain,RW,11.0,Manchester City,English Premier League,68500000.0,120000.0,82.0,79.0,78.0,82.0,35.0,66.0,241461,https://sofifa.com/player/241461/ferran-torres-garcia/220002,Ferran Torres,"RW, ST",82,90,68500000.0,120000.0,21,2000-02-29,184,77,10.0,Manchester City,English Premier League,1.0,ST,21.0,,2020-08-04,2025.0,45,Spain,1362.0,RW,11.0,Right,4,4,1,High/Medium,Lean (170-185),Yes,140400000.0,,Technical Dribbler (AI),82.0,79.0,78.0,82.0,35.0,66.0,77,81,73,80,74,84,71,60,78,81,87,78,82,81,76,79,75,73,70,76,45,34,84,84,66,82,35,24,28,12,9,11,15,12,,80+2,80+2,80+2,82,82,82,82,82,82+2,82+2,82+2,81+2,75+2,75+2,75+2,81+2,61+2,58+2,58+2,58+2,61+2,57+2,49+2,49+2,49+2,57+2,20+2,https://cdn.sofifa.net/players/241/461/22_120.png,https://cdn.sofifa.net/teams/10/60.png,https://cdn.sofifa.net/flags/gb-eng.png,https://cdn.sofifa.net/teams/1362/60.png,https://cdn.sofifa.net/flags/es.png
241464,Pau Torres,Pau Francisco Torres,CB,82,89,24,Spain,SUB,4.0,Villarreal CF,Spain Primera Division,56500000.0,35000.0,71.0,38.0,67.0,70.0,84.0,80.0,241464,https://sofifa.com/player/241464/pau-francisco-torres/220002,Pau Torres,CB,82,89,56500000.0,35000.0,24,1997-01-16,191,80,483.0,Villarreal CF,Spain Primera Division,1.0,SUB,4.0,,2016-07-01,2024.0,45,Spain,1362.0,SUB,4.0,Left,3,2,2,Medium/High,Lean (185+),Yes,130000000.0,,Power Header,71.0,38.0,67.0,70.0,84.0,80.0,55,28,85,80,41,64,45,28,76,79,69,72,69,80,52,58,78,80,80,40,79,82,42,67,42,73,84,84,83,11,13,13,13,9,,60+2,60+2,60+2,62,62,62,62,62,66+2,66+2,66+2,66+2,72+2,72+2,72+2,66+2,77+2,80+2,80+2,80+2,77+2,78+2,82+2,82+2,82+2,78+2,19+2,https://cdn.sofifa.net/players/241/464/22_120.png,https://cdn.sofifa.net/teams/483/60.png,https://cdn.sofifa.net/flags/es.png,https://cdn.sofifa.net/teams/1362/60.png,https://cdn.sofifa.net/flags/es.png
244260,Dani Olmo,Daniel Olmo Carvajal,"CAM, CF",82,87,23,Spain,LW,19.0,RB Leipzig,German 1. Bundesliga,46000000.0,78000.0,67.0,76.0,81.0,86.0,50.0,60.0,244260,https://sofifa.com/player/244260/daniel-olmo-carvajal/220002,Dani Olmo,"CAM, CF",82,87,46000000.0,78000.0,23,1998-05-07,179,72,112172.0,RB Leipzig,German 1. Bundesliga,1.0,SUB,25.0,,2020-01-25,2024.0,45,Spain,1362.0,LW,19.0,Right,4,4,3,Medium/High,Lean (170-185),No,81700000.0,"#Dribbler, #Acrobat","Flair, Long Shot Taker (AI), Outside Foot Shot, Technical Dribbler (AI)",67.0,76.0,81.0,86.0,50.0,60.0,78,74,43,84,76,86,72,75,79,86,77,58,86,83,86,79,55,80,54,77,51,57,82,83,66,82,50,50,44,15,15,13,12,11,,74+3,74+3,74+3,80,80,80,80,80,82+3,82+3,82+3,81+3,80+3,80+3,80+3,81+3,68+3,68+3,68+3,68+3,68+3,64+3,55+3,55+3,55+3,64+3,21+3,https://cdn.sofifa.net/players/244/260/22_120.png,https://cdn.sofifa.net/teams/112172/60.png,https://cdn.sofifa.net/flags/de.png,https://cdn.sofifa.net/teams/1362/60.png,https://cdn.sofifa.net/flags/es.png
251854,Pedri,Pedro González López,CM,81,91,18,Spain,LCM,26.0,FC Barcelona,Spain Primera Division,54000000.0,51000.0,78.0,65.0,79.0,84.0,66.0,63.0,251854,https://sofifa.com/player/251854/pedro-gonzalez-lopez/220002,Pedri,CM,81,91,54000000.0,51000.0,18,2002-11-25,174,61,241.0,FC Barcelona,Spain Primera Division,1.0,LCM,16.0,,2020-08-04,2022.0,45,Spain,1362.0,LCM,26.0,Right,4,4,2,High/High,Lean (170-185),No,121500000.0,"#Engine, #Acrobat","Solid Player, Flair, Technical Dribbler (AI)",78.0,65.0,79.0,84.0,66.0,63.0,68,68,50,85,45,84,73,51,80,83,81,76,88,81,89,62,65,86,53,65,59,68,77,86,53,84,65,73,63,12,7,11,8,8,,71+2,71+2,71+2,79,78,78,78,79,81+2,81+2,81+2,80+2,81+2,81+2,81+2,80+2,75+2,75+2,75+2,75+2,75+2,73+2,66+2,66+2,66+2,73+2,17+2,https://cdn.sofifa.net/players/251/854/22_120.png,https://cdn.sofifa.net/teams/241/60.png,https://cdn.sofifa.net/flags/es.png,https://cdn.sofifa.net/teams/1362/60.png,https://cdn.sofifa.net/flags/es.png
213956,Adama Traoré,Adama Traoré Diarra,"RW, RWB",78,81,25,Spain,SUB,20.0,Wolverhampton Wanderers,English Premier League,18500000.0,79000.0,96.0,66.0,67.0,86.0,38.0,81.0,213956,https://sofifa.com/player/213956/adama-traore-diarra/220002,Adama Traoré,"RW, RWB",78,81,18500000.0,79000.0,25,1996-01-25,178,72,110.0,Wolverhampton Wanderers,English Premier League,1.0,LW,37.0,,2018-08-08,2023.0,45,Spain,1362.0,SUB,20.0,Right,2,4,1,High/Low,Unique,Yes,36500000.0,"#Speedster, #Dribbler","Flair, Speed Dribbler (AI)",96.0,66.0,67.0,86.0,38.0,81.0,78,66,40,71,52,92,67,42,54,83,97,96,85,66,88,78,79,77,87,65,70,41,64,67,47,73,37,38,35,13,9,11,12,7,,72+2,72+2,72+2,78,76,76,76,78,75+2,75+2,75+2,78+2,67+2,67+2,67+2,78+2,64+2,58+2,58+2,58+2,64+2,59+2,53+2,53+2,53+2,59+2,16+2,https://cdn.sofifa.net/players/213/956/22_120.png,https://cdn.sofifa.net/teams/110/60.png,https://cdn.sofifa.net/flags/gb-eng.png,https://cdn.sofifa.net/teams/1362/60.png,https://cdn.sofifa.net/flags/es.png
245037,Eric García,Eric García Martret,CB,77,86,20,Spain,RCB,12.0,FC Barcelona,Spain Primera Division,21500000.0,71000.0,65.0,44.0,65.0,66.0,79.0,72.0,245037,https://sofifa.com/player/245037/eric-garcia-martret/220002,Eric García,CB,77,86,21500000.0,71000.0,20,2001-01-09,182,76,241.0,FC Barcelona,Spain Primera Division,1.0,RCB,24.0,,2021-07-01,2026.0,45,Spain,1362.0,RCB,12.0,Right,3,2,2,Medium/High,Lean (170-185),Yes,48400000.0,,,65.0,44.0,65.0,66.0,79.0,72.0,46,42,77,79,31,62,62,31,72,72,60,69,60,78,57,51,73,68,73,44,76,80,42,62,44,79,79,78,77,11,9,12,11,7,,59+2,59+2,59+2,60,61,61,61,60,64+2,64+2,64+2,63+2,69+2,69+2,69+2,63+2,71+2,76+2,76+2,76+2,71+2,73+2,77+2,77+2,77+2,73+2,17+2,https://cdn.sofifa.net/players/245/037/22_120.png,https://cdn.sofifa.net/teams/241/60.png,https://cdn.sofifa.net/flags/es.png,https://cdn.sofifa.net/teams/1362/60.png,https://cdn.sofifa.net/flags/es.png
228789,Robert Sanchéz,Robert Lynch Sanchéz,GK,76,82,23,Spain,SUB,13.0,Brighton & Hove Albion,English Premier League,9500000.0,31000.0,,,,,,,228789,https://sofifa.com/player/228789/robert-lynch-sanchez/220002,Robert Sanchéz,GK,76,82,9500000.0,31000.0,23,1997-11-18,197,85,1808.0,Brighton & Hove Albion,English Premier League,1.0,GK,1.0,,2015-05-14,2025.0,45,Spain,1362.0,SUB,13.0,Right,4,1,1,Medium/Medium,Normal (185+),No,20000000.0,,Comes For Crosses,,,,,,,12,14,15,46,15,15,12,14,50,37,45,44,31,71,35,52,70,40,66,16,27,8,7,56,15,55,18,13,15,76,73,69,75,78,45.0,31+2,31+2,31+2,31,33,33,33,31,36+2,36+2,36+2,34+2,38+2,38+2,38+2,34+2,29+2,34+2,34+2,34+2,29+2,28+2,28+2,28+2,28+2,28+2,75+2,https://cdn.sofifa.net/players/228/789/22_120.png,https://cdn.sofifa.net/teams/1808/60.png,https://cdn.sofifa.net/flags/gb-eng.png,https://cdn.sofifa.net/teams/1362/60.png,https://cdn.sofifa.net/flags/es.png
193041,K. Navas,Keylor Navas Gamboa,GK,88,88,34,Costa Rica,,,Paris Saint-Germain,French Ligue 1,15500000.0,130000.0,,,,,,,193041,https://sofifa.com/player/193041/keylor-navas/220002,K. Navas,GK,88,88,15500000.0,130000.0,34,1986-12-15,185,80,73.0,Paris Saint-Germain,French Ligue 1,1.0,SUB,1.0,,2019-09-02,2024.0,72,Costa Rica,,,,Right,3,1,3,Medium/Medium,Normal (185+),Yes,28700000.0,,"GK Long Throw, Cautious With Crosses",,,,,,,11,15,11,40,11,24,21,15,37,30,54,53,60,85,61,56,74,39,75,13,32,22,16,68,25,67,28,14,14,89,84,75,87,89,54.0,34+3,34+3,34+3,35,37,37,37,35,40+3,40+3,40+3,37+3,39+3,39+3,39+3,37+3,32+3,36+3,36+3,36+3,32+3,31+3,32+3,32+3,32+3,31+3,86+2,https://cdn.sofifa.net/players/193/041/22_120.png,https://cdn.sofifa.net/teams/73/60.png,https://cdn.sofifa.net/flags/fr.png,,https://cdn.sofifa.net/flags/cr.png
204713,J. Campbell,Joel Nathaniel Campbell Samuels,"ST, RM",75,75,29,Costa Rica,,,CF Monterrey,Mexican Liga MX,5500000.0,26000.0,81.0,75.0,73.0,77.0,41.0,75.0,204713,https://sofifa.com/player/204713/joel-campbell/220002,J. Campbell,"ST, RM",75,75,5500000.0,26000.0,29,1992-06-26,178,78,1032.0,CF Monterrey,Mexican Liga MX,1.0,SUB,8.0,Club León,,2022.0,72,Costa Rica,,,,Left,2,4,1,Medium/Medium,Normal (170-185),Yes,,,"Power Free-Kick, Flair, Outside Foot Shot, Technical Dribbler (AI)",81.0,75.0,73.0,77.0,41.0,75.0,73,75,65,77,68,79,72,69,70,75,82,81,85,70,68,80,80,66,81,72,70,45,76,71,70,74,32,40,42,8,15,14,15,14,,75,75,75,76-1,76-1,76-1,76-1,76-1,75,75,75,75,70+2,70+2,70+2,75,61+2,60+2,60+2,60+2,61+2,59+2,55+2,55+2,55+2,59+2,19+2,https://cdn.sofifa.net/players/204/713/22_120.png,https://cdn.sofifa.net/teams/1032/60.png,https://cdn.sofifa.net/flags/mx.png,,https://cdn.sofifa.net/flags/cr.png
212772,Ó. Duarte,Óscar Esau Duarte Gaitán,CB,73,73,32,Costa Rica,,,Levante Unión Deportiva,Spain Primera Division,2000000.0,20000.0,49.0,47.0,51.0,54.0,75.0,76.0,212772,https://sofifa.com/player/212772/oscar-duarte/220002,Ó. Duarte,CB,73,73,2000000.0,20000.0,32,1989-06-03,186,81,1853.0,Levante Unión Deportiva,Spain Primera Division,1.0,RCB,6.0,,2019-08-01,2022.0,72,Costa Rica,,,,Right,3,2,1,Medium/Medium,Stocky (185+),Yes,4200000.0,,Injury Prone,49.0,47.0,51.0,54.0,75.0,76.0,40,48,77,60,46,49,37,32,63,59,46,51,48,67,48,56,74,64,83,40,75,73,35,46,37,68,76,76,72,15,9,7,8,14,,55+2,55+2,55+2,50,51,51,51,50,52+2,52+2,52+2,52+2,57+2,57+2,57+2,52+2,62+2,68+2,68+2,68+2,62+2,65+2,73,73,73,65+2,17+2,https://cdn.sofifa.net/players/212/772/22_120.png,https://cdn.sofifa.net/teams/1853/60.png,https://cdn.sofifa.net/flags/es.png,,https://cdn.sofifa.net/flags/cr.png
198553,C. Gamboa,Cristian Esteban Gamboa Luna,RB,72,72,31,Costa Rica,,,VfL Bochum 1848,German 1. Bundesliga,1700000.0,16000.0,84.0,48.0,66.0,71.0,67.0,71.0,198553,https://sofifa.com/player/198553/cristian-gamboa/220002,C. Gamboa,RB,72,72,1700000.0,16000.0,31,1989-10-24,175,75,160.0,VfL Bochum 1848,German 1. Bundesliga,1.0,RB,2.0,,2019-08-27,2023.0,72,Costa Rica,,,,Right,2,3,1,High/Medium,Normal (170-185),No,3100000.0,,Dives Into Tackles (AI),84.0,48.0,66.0,71.0,67.0,71.0,70,32,52,67,58,70,66,54,66,68,86,83,81,69,87,71,90,70,65,52,80,68,65,62,54,64,68,69,67,12,10,13,7,14,,61+2,61+2,61+2,66,64,64,64,66,65+2,65+2,65+2,68+2,66+2,66+2,66+2,68+2,70+2,68+2,68+2,68+2,70+2,70+2,68+2,68+2,68+2,70+2,17+2,https://cdn.sofifa.net/players/198/553/22_120.png,https://cdn.sofifa.net/teams/160/60.png,https://cdn.sofifa.net/flags/de.png,,https://cdn.sofifa.net/flags/cr.png
242737,E. Aguilar,Elías Fernando Aguilar Vargas,"CM, CAM",72,72,29,Costa Rica,,,Incheon United FC,Korean K League 1,2300000.0,5000.0,63.0,64.0,77.0,72.0,46.0,70.0,242737,https://sofifa.com/player/242737/elias-aguilar/220002,E. Aguilar,"CM, CAM",72,72,2300000.0,5000.0,29,1991-11-07,174,75,110765.0,Incheon United FC,Korean K League 1,1.0,CAM,10.0,,2021-01-25,2022.0,72,Costa Rica,,,,Left,1,4,1,High/Medium,Normal (170-185),No,2900000.0,,"Long Shot Taker (AI), Playmaker (AI), Outside Foot Shot",63.0,64.0,77.0,72.0,46.0,70.0,73,63,37,79,43,72,69,76,78,74,66,60,69,63,74,68,57,73,71,72,67,65,70,80,44,70,46,40,37,7,11,9,7,11,,65+2,65+2,65+2,71,70,70,70,71,73-1,73-1,73-1,72,72,72,72,72,62+2,64+2,64+2,64+2,62+2,58+2,54+2,54+2,54+2,58+2,15+2,https://cdn.sofifa.net/players/242/737/22_120.png,https://cdn.sofifa.net/teams/110765/60.png,https://cdn.sofifa.net/flags/kr.png,,https://cdn.sofifa.net/flags/cr.png
232230,R. Matarrita,Ronald Alberto Matarrita Ulate,"LB, LM, LWB",71,72,26,Costa Rica,,,FC Cincinnati,USA Major League Soccer,2000000.0,5000.0,78.0,49.0,65.0,69.0,67.0,70.0,232230,https://sofifa.com/player/232230/ronald-matarrita/220002,R. Matarrita,"LB, LM, LWB",71,72,2000000.0,5000.0,26,1994-07-09,175,70,113149.0,FC Cincinnati,USA Major League Soccer,1.0,LB,18.0,,2021-01-01,2021.0,72,Costa Rica,,,,Left,2,3,1,Medium/High,Normal (170-185),Yes,3100000.0,,"Injury Prone, Early Crosser",78.0,49.0,65.0,69.0,67.0,70.0,65,38,59,67,32,70,60,54,63,69,78,78,74,64,74,70,77,76,66,52,71,66,64,67,59,59,66,72,68,15,7,8,8,6,,61+2,61+2,61+2,65,64,64,64,65,65+2,65+2,65+2,67+2,66+2,66+2,66+2,67+2,69+2,68+2,68+2,68+2,69+2,69+2,68+2,68+2,68+2,69+2,15+2,https://cdn.sofifa.net/players/232/230/22_120.png,https://cdn.sofifa.net/teams/113149/60.png,https://cdn.sofifa.net/flags/us.png,,https://cdn.sofifa.net/flags/cr.png
213064,F. Calvo,Francisco Javier Calvo Quesada,CB,70,70,28,Costa Rica,,,Chicago Fire Football Club,USA Major League Soccer,1400000.0,5000.0,65.0,44.0,60.0,63.0,67.0,79.0,213064,https://sofifa.com/player/213064/francisco-calvo/220002,F. Calvo,CB,70,70,1400000.0,5000.0,28,1992-07-08,180,77,693.0,Chicago Fire Football Club,USA Major League Soccer,1.0,LCB,5.0,,2019-05-03,2026.0,72,Costa Rica,,,,Left,3,2,1,Medium/Medium,Normal (170-185),No,2000000.0,,,65.0,44.0,60.0,63.0,67.0,79.0,59,41,70,64,36,62,61,42,66,60,64,65,62,73,78,55,84,78,77,39,82,76,54,52,43,64,63,66,64,8,15,8,12,6,,58+2,58+2,58+2,58,58,58,58,58,58+2,58+2,58+2,61+2,62+2,62+2,62+2,61+2,67+2,68+2,68+2,68+2,67+2,67+2,70,70,70,67+2,17+2,https://cdn.sofifa.net/players/213/064/22_120.png,https://cdn.sofifa.net/teams/693/60.png,https://cdn.sofifa.net/flags/us.png,,https://cdn.sofifa.net/flags/cr.png
227911,R. Leal,Randall Enrique Leal Arley,"LM, RM",70,75,24,Costa Rica,,,Nashville SC,USA Major League Soccer,2400000.0,5000.0,68.0,63.0,68.0,73.0,38.0,50.0,227911,https://sofifa.com/player/227911/randall-leal/220002,R. Leal,"LM, RM",70,75,2400000.0,5000.0,24,1997-01-14,169,66,114162.0,Nashville SC,USA Major League Soccer,1.0,SUB,8.0,,2020-01-01,2026.0,72,Costa Rica,,,,Right,3,3,1,Medium/Medium,Normal (170-),No,3700000.0,,Long Shot Taker (AI),68.0,63.0,68.0,73.0,38.0,50.0,70,61,42,70,60,71,65,62,65,73,73,64,81,65,89,73,46,75,40,63,47,30,65,65,44,68,44,38,35,13,15,12,7,16,,63+2,63+2,63+2,68,67,67,67,68,68+2,68+2,68+2,69+2,65+2,65+2,65+2,69+2,57+2,54+2,54+2,54+2,57+2,54+2,44+2,44+2,44+2,54+2,18+2,https://cdn.sofifa.net/players/227/911/22_120.png,https://cdn.sofifa.net/teams/114162/60.png,https://cdn.sofifa.net/flags/us.png,,https://cdn.sofifa.net/flags/cr.png
242995,J. Mora,Joseph Martín Mora Cortéz,"LB, LWB, LM",69,69,28,Costa Rica,,,D.C. United,USA Major League Soccer,1300000.0,4000.0,78.0,47.0,57.0,66.0,66.0,67.0,242995,https://sofifa.com/player/242995/joseph-mora/220002,J. Mora,"LB, LWB, LM",69,69,1300000.0,4000.0,28,1993-01-15,171,60,688.0,D.C. United,USA Major League Soccer,1.0,SUB,28.0,,2018-03-07,2021.0,72,Costa Rica,,,,Left,2,3,1,Medium/Medium,Normal (170-185),Yes,2000000.0,,,78.0,47.0,57.0,66.0,66.0,67.0,64,44,51,60,39,65,50,39,49,63,77,78,76,65,77,59,68,75,61,42,70,62,53,55,44,59,71,69,68,15,13,14,6,11,,57+2,57+2,57+2,61,59,59,59,61,59+2,59+2,59+2,62+2,59+2,59+2,59+2,62+2,67+2,64+2,64+2,64+2,67+2,67+2,65+2,65+2,65+2,67+2,17+2,https://cdn.sofifa.net/players/242/995/22_120.png,https://cdn.sofifa.net/teams/688/60.png,https://cdn.sofifa.net/flags/us.png,,https://cdn.sofifa.net/flags/cr.png
251387,L. Díaz,Luis Mario Díaz Espinoza,RM,69,78,22,Costa Rica,,,Columbus Crew,USA Major League Soccer,3100000.0,4000.0,89.0,60.0,64.0,71.0,30.0,63.0,251387,https://sofifa.com/player/251387/luis-diaz/220002,L. Díaz,RM,69,78,3100000.0,4000.0,22,1998-12-06,180,72,687.0,Columbus Crew,USA Major League Soccer,1.0,SUB,12.0,,2019-07-02,2022.0,72,Costa Rica,,,,Right,3,3,1,High/Medium,Normal (170-185),Yes,5300000.0,,"Speed Dribbler (AI), Technical Dribbler (AI)",89.0,60.0,64.0,71.0,30.0,63.0,64,54,43,67,63,74,72,56,59,65,89,89,86,62,72,73,61,67,62,57,60,19,65,63,60,63,30,33,29,5,8,7,8,7,,64+2,64+2,64+2,69,67,67,67,69,67+2,67+2,67+2,68+2,60+2,60+2,60+2,68+2,53+2,49+2,49+2,49+2,53+2,50+2,43+2,43+2,43+2,50+2,13+2,https://cdn.sofifa.net/players/251/387/22_120.png,https://cdn.sofifa.net/teams/687/60.png,https://cdn.sofifa.net/flags/us.png,,https://cdn.sofifa.net/flags/cr.png
197604,P. Jiménez,Paolo Andrés Jiménez Conto,"LM, RM, LW",68,68,37,Costa Rica,,,Club Atlético Nacional Potosí,Liga de Fútbol Profesional Boliviano,400000.0,500.0,71.0,60.0,64.0,70.0,39.0,49.0,197604,https://sofifa.com/player/197604/paolo-jimenez/220002,P. Jiménez,"LM, RM, LW",68,68,400000.0,500.0,37,1984-01-28,176,67,112667.0,Club Atlético Nacional Potosí,Liga de Fútbol Profesional Boliviano,1.0,LW,10.0,,2020-01-28,2021.0,72,Costa Rica,,,,Right,2,3,1,Medium/Medium,Normal (170-185),No,860000.0,,Early Crosser,71.0,60.0,64.0,70.0,39.0,49.0,70,60,44,64,44,80,48,67,53,63,71,71,71,67,53,65,52,70,41,63,42,39,60,67,42,49,41,37,37,16,16,6,13,14,,61+2,61+2,61+2,68,66,66,66,68,66+2,66+2,66+2,67+1,62+2,62+2,62+2,67+1,57+2,51+2,51+2,51+2,57+2,54+2,44+2,44+2,44+2,54+2,20+2,https://cdn.sofifa.net/players/197/604/22_120.png,https://cdn.sofifa.net/teams/112667/60.png,https://cdn.sofifa.net/flags/bo.png,,https://cdn.sofifa.net/flags/cr.png
229748,M. George,Mayron Antonio George Clayton,ST,68,69,27,Costa Rica,,,FC Lausanne-Sport,Swiss Super League,1400000.0,7000.0,87.0,64.0,49.0,64.0,29.0,81.0,229748,https://sofifa.com/player/229748/mayron-george/220002,M. George,ST,68,69,1400000.0,7000.0,27,1993-10-23,189,85,1862.0,FC Lausanne-Sport,Swiss Super League,1.0,SUB,12.0,,2021-07-25,2026.0,72,Costa Rica,,,,Right,3,3,1,High/Low,Normal (185+),No,2100000.0,#Strength,Power Header,87.0,64.0,49.0,64.0,29.0,81.0,43,63,67,56,59,64,52,50,43,65,87,87,68,63,61,76,90,68,90,55,73,15,65,46,55,56,40,18,16,9,11,8,11,8,,68+1,68+1,68+1,63,65,65,65,63,61+2,61+2,61+2,62+2,53+2,53+2,53+2,62+2,47+2,45+2,45+2,45+2,47+2,45+2,46+2,46+2,46+2,45+2,16+2,https://cdn.sofifa.net/players/229/748/22_120.png,https://cdn.sofifa.net/teams/1862/60.png,https://cdn.sofifa.net/flags/ch.png,,https://cdn.sofifa.net/flags/cr.png
242533,J. Cascante,Julio César Cascante Solórzano,"CB, RB",67,70,27,Costa Rica,,,Austin FC,USA Major League Soccer,1200000.0,3000.0,50.0,37.0,46.0,49.0,65.0,73.0,242533,https://sofifa.com/player/242533/julio-cascante/220002,J. Cascante,"CB, RB",67,70,1200000.0,3000.0,27,1993-10-03,188,77,114161.0,Austin FC,USA Major League Soccer,1.0,RCB,18.0,,2021-01-01,2021.0,72,Costa Rica,,,,Right,3,2,1,Medium/Medium,Normal (185+),No,1800000.0,,,50.0,37.0,46.0,49.0,65.0,73.0,21,45,68,65,26,45,24,21,56,57,49,51,31,65,52,40,73,57,79,15,78,64,55,44,37,55,64,67,65,5,15,10,6,7,,53+2,53+2,53+2,48,51,51,51,48,51+2,51+2,51+2,50+2,55+2,55+2,55+2,50+2,56+2,63+2,63+2,63+2,56+2,58+2,67+2,67+2,67+2,58+2,15+2,https://cdn.sofifa.net/players/242/533/22_120.png,https://cdn.sofifa.net/teams/114161/60.png,https://cdn.sofifa.net/flags/us.png,,https://cdn.sofifa.net/flags/cr.png
202896,M. Ureña,Marcos Danilo Ureña Porras,"ST, CF",66,66,31,Costa Rica,,,Central Coast Mariners,Australian Hyundai A-League,725000.0,1000.0,81.0,62.0,59.0,70.0,37.0,68.0,202896,https://sofifa.com/player/202896/marcos-urena/220002,M. Ureña,"ST, CF",66,66,725000.0,1000.0,31,1990-03-05,179,72,111396.0,Central Coast Mariners,Australian Hyundai A-League,1.0,LS,12.0,,2020-12-22,2023.0,72,Costa Rica,,,,Right,3,3,1,High/Medium,Normal (170-185),No,906000.0,,"Flair, Technical Dribbler (AI)",81.0,62.0,59.0,70.0,37.0,68.0,57,60,55,64,62,68,49,59,46,69,80,81,83,68,68,65,42,63,71,64,75,39,67,66,60,65,29,41,31,12,10,14,10,14,,66,66,66,68-2,67-1,67-1,67-1,68-2,67-1,67-1,67-1,66,61+2,61+2,61+2,66,55+2,53+2,53+2,53+2,55+2,53+2,49+2,49+2,49+2,53+2,18+2,https://cdn.sofifa.net/players/202/896/22_120.png,https://cdn.sofifa.net/teams/111396/60.png,https://cdn.sofifa.net/flags/au.png,,https://cdn.sofifa.net/flags/cr.png
221050,W. Francis,Waylon Dwayne Francis Box,LB,66,66,30,Costa Rica,,,Columbus Crew,USA Major League Soccer,725000.0,2000.0,69.0,49.0,61.0,60.0,64.0,67.0,221050,https://sofifa.com/player/221050/waylon-francis/220002,W. Francis,LB,66,66,725000.0,2000.0,30,1990-09-20,175,73,687.0,Columbus Crew,USA Major League Soccer,1.0,SUB,14.0,,2019-02-13,2021.0,72,Costa Rica,,,,Left,2,2,1,Medium/Medium,Normal (170-185),No,1100000.0,,,69.0,49.0,61.0,60.0,64.0,67.0,62,40,48,62,53,61,70,59,57,54,67,70,71,64,69,61,74,69,66,52,66,66,58,59,52,60,66,66,65,7,7,12,13,13,,56+2,56+2,56+2,59,58,58,58,59,59+2,59+2,59+2,60+2,60+2,60+2,60+2,60+2,64+2,63+2,63+2,63+2,64+2,64+2,64+2,64+2,64+2,64+2,16+2,https://cdn.sofifa.net/players/221/050/22_120.png,https://cdn.sofifa.net/teams/687/60.png,https://cdn.sofifa.net/flags/us.png,,https://cdn.sofifa.net/flags/cr.png
241743,U. Segura,Ulises Antonio Segura Machado,"RM, LM, CM",66,66,28,Costa Rica,,,Austin FC,USA Major League Soccer,850000.0,3000.0,63.0,63.0,66.0,67.0,55.0,66.0,241743,https://sofifa.com/player/241743/ulises-segura/220002,U. Segura,"RM, LM, CM",66,66,850000.0,3000.0,28,1993-06-23,183,70,114161.0,Austin FC,USA Major League Soccer,1.0,RES,12.0,,2021-01-01,2021.0,72,Costa Rica,,,,Right,3,3,1,High/High,Normal (170-185),Yes,1200000.0,,,63.0,63.0,66.0,67.0,55.0,66.0,62,59,62,69,66,67,60,62,66,67,68,58,66,64,65,70,58,69,65,66,69,52,64,67,61,67,58,54,52,12,9,12,11,14,,64+2,64+2,64+2,65,65,65,65,65,66,66,66,65+1,65+1,65+1,65+1,65+1,61+2,62+2,62+2,62+2,61+2,60+2,59+2,59+2,59+2,60+2,17+2,https://cdn.sofifa.net/players/241/743/22_120.png,https://cdn.sofifa.net/teams/114161/60.png,https://cdn.sofifa.net/flags/us.png,,https://cdn.sofifa.net/flags/cr.png
246951,M. Loría,Marvin Loría,"RM, LM",66,72,24,Costa Rica,,,Portland Timbers,USA Major League Soccer,1400000.0,2000.0,79.0,63.0,61.0,68.0,41.0,58.0,246951,https://sofifa.com/player/246951/marvin-loria/220002,M. Loría,"RM, LM",66,72,1400000.0,2000.0,24,1997-04-24,178,77,111140.0,Portland Timbers,USA Major League Soccer,1.0,SUB,44.0,,2018-12-10,2021.0,72,Costa Rica,,,,Left,4,3,1,High/High,Normal (170-185),No,2400000.0,,"Flair, Long Shot Taker (AI), Technical Dribbler (AI)",79.0,63.0,61.0,68.0,41.0,58.0,60,62,43,62,54,68,60,71,58,66,77,80,77,54,71,67,38,60,63,66,50,44,65,60,56,66,40,41,31,13,10,6,8,13,,63+2,63+2,63+2,66,65,65,65,66,64+2,64+2,64+2,65+2,60+2,60+2,60+2,65+2,54+2,52+2,52+2,52+2,54+2,52+2,47+2,47+2,47+2,52+2,15+2,https://cdn.sofifa.net/players/246/951/22_120.png,https://cdn.sofifa.net/teams/111140/60.png,https://cdn.sofifa.net/flags/us.png,,https://cdn.sofifa.net/flags/cr.png
198335,B. Oviedo,Bryan Josué Oviedo Jiménez,LB,65,65,31,Costa Rica,,,F.C. København,Danish Superliga,525000.0,5000.0,67.0,57.0,64.0,67.0,61.0,64.0,198335,https://sofifa.com/player/198335/bryan-oviedo/220002,B. Oviedo,LB,65,65,525000.0,5000.0,31,1990-02-18,172,70,819.0,F.C. København,Danish Superliga,1.0,SUB,19.0,,2019-07-29,2022.0,72,Costa Rica,,,,Left,3,3,1,High/Medium,Normal (170-185),Yes,683000.0,,Injury Prone,67.0,57.0,64.0,67.0,61.0,64.0,67,54,46,65,57,67,61,60,59,65,70,64,75,61,76,66,81,68,58,57,70,64,59,64,54,63,62,62,62,11,12,8,10,16,,60+2,60+2,60+2,64,62,62,62,64,63+2,63+2,63+2,64+1,63+2,63+2,63+2,64+1,65,63+2,63+2,63+2,65,63+2,62+2,62+2,62+2,63+2,17+2,https://cdn.sofifa.net/players/198/335/22_120.png,https://cdn.sofifa.net/teams/819/60.png,https://cdn.sofifa.net/flags/dk.png,,https://cdn.sofifa.net/flags/cr.png
199908,F. Brown Forbes,Felicio Anando Brown Forbes,ST,65,65,29,Costa Rica,,,Wisła Kraków,Polish T-Mobile Ekstraklasa,725000.0,3000.0,79.0,61.0,55.0,60.0,43.0,81.0,199908,https://sofifa.com/player/199908/felicio-brown-forbes/220002,F. Brown Forbes,ST,65,65,725000.0,3000.0,29,1991-08-28,188,82,1873.0,Wisła Kraków,Polish T-Mobile Ekstraklasa,1.0,SUB,91.0,,2020-10-05,2022.0,72,Costa Rica,,,,Right,3,3,1,High/Medium,Stocky (185+),No,979000.0,#Strength,Finesse Shot,79.0,61.0,55.0,60.0,43.0,81.0,57,64,62,55,41,61,54,49,47,62,76,82,56,61,54,67,80,70,90,54,72,44,64,59,56,60,41,42,34,12,16,8,14,8,,65,65,65,63,63,63,63,63,61+2,61+2,61+2,62+2,57+2,57+2,57+2,62+2,55+2,53+2,53+2,53+2,55+2,54+2,55+2,55+2,55+2,54+2,18+2,https://cdn.sofifa.net/players/199/908/22_120.png,https://cdn.sofifa.net/teams/1873/60.png,https://cdn.sofifa.net/flags/pl.png,,https://cdn.sofifa.net/flags/cr.png
262858,M. Ugalde,Manfred Ugalde,ST,65,76,19,Costa Rica,,,FC Twente,Holland Eredivisie,1600000.0,2000.0,79.0,67.0,51.0,67.0,28.0,49.0,262858,https://sofifa.com/player/262858/manfred-ugalde/220002,M. Ugalde,ST,65,76,1600000.0,2000.0,19,2002-05-25,173,62,1908.0,FC Twente,Holland Eredivisie,1.0,SUB,27.0,,2020-07-01,2025.0,72,Costa Rica,,,,Right,3,2,1,High/Medium,Normal (170-185),No,2700000.0,,,79.0,67.0,51.0,67.0,28.0,49.0,35,69,65,58,62,65,59,42,49,65,80,78,76,60,85,69,66,62,39,64,52,16,64,58,63,60,30,24,22,6,12,6,12,7,,65+2,65+2,65+2,63,65,65,65,63,63+2,63+2,63+2,61+2,56+2,56+2,56+2,61+2,45+2,43+2,43+2,43+2,45+2,44+2,39+2,39+2,39+2,44+2,15+2,https://cdn.sofifa.net/players/262/858/22_120.png,https://cdn.sofifa.net/teams/1908/60.png,https://cdn.sofifa.net/flags/nl.png,,https://cdn.sofifa.net/flags/cr.png
247580,A. Cruz,Allan Enzo Cruz Leal,"CM, CDM",64,69,25,Costa Rica,,,FC Cincinnati,USA Major League Soccer,850000.0,2000.0,70.0,61.0,58.0,70.0,62.0,70.0,247580,https://sofifa.com/player/247580/allan-cruz/220002,A. Cruz,"CM, CDM",64,69,850000.0,2000.0,25,1996-02-24,165,66,113149.0,FC Cincinnati,USA Major League Soccer,1.0,SUB,8.0,,2019-01-18,2021.0,72,Costa Rica,,,,Right,3,3,1,High/High,Normal (170-),No,1300000.0,,Injury Prone,70.0,61.0,58.0,70.0,62.0,70.0,58,61,57,62,52,69,63,36,58,71,71,70,75,69,82,67,60,76,66,59,73,63,63,57,59,60,61,63,61,7,6,11,11,7,,65+2,65+2,65+2,66,65,65,65,66,65+2,65+2,65+2,66+2,64+2,64+2,64+2,66+2,65+2,64+2,64+2,64+2,65+2,65+2,64+2,64+2,64+2,65+2,15+2,https://cdn.sofifa.net/players/247/580/22_120.png,https://cdn.sofifa.net/teams/113149/60.png,https://cdn.sofifa.net/flags/us.png,,https://cdn.sofifa.net/flags/cr.png
229881,A. Lassiter,Ariel Daniel Lassiter Acuña,"RM, ST, LM",62,62,26,Costa Rica,,,Houston Dynamo,USA Major League Soccer,425000.0,2000.0,79.0,65.0,55.0,64.0,24.0,51.0,229881,https://sofifa.com/player/229881/ariel-lassiter/220002,A. Lassiter,"RM, ST, LM",62,62,425000.0,2000.0,26,1994-09-27,178,70,698.0,Houston Dynamo,USA Major League Soccer,1.0,SUB,11.0,,2021-01-01,2023.0,72,Costa Rica,,,,Left,3,3,1,High/Low,Lean (170-185),No,616000.0,,,79.0,65.0,55.0,64.0,24.0,51.0,54,65,58,62,48,64,58,65,39,62,79,79,74,56,69,71,75,51,59,62,25,18,64,52,63,55,30,14,17,8,13,9,7,15,,64-2,64-2,64-2,64-2,64-2,64-2,64-2,64-2,61+1,61+1,61+1,61+1,52+2,52+2,52+2,61+1,45+2,39+2,39+2,39+2,45+2,42+2,36+2,36+2,36+2,42+2,16+2,https://cdn.sofifa.net/players/229/881/22_120.png,https://cdn.sofifa.net/teams/698/60.png,https://cdn.sofifa.net/flags/us.png,,https://cdn.sofifa.net/flags/cr.png
233467,D. Vega,Deyver Antonio Vega Álvarez,"LW, RW",62,62,28,Costa Rica,,,Sandefjord Fotball,Norwegian Eliteserien,400000.0,1000.0,79.0,58.0,56.0,65.0,34.0,54.0,233467,https://sofifa.com/player/233467/deyver-vega/220002,D. Vega,"LW, RW",62,62,400000.0,1000.0,28,1992-09-19,178,72,1757.0,Sandefjord Fotball,Norwegian Eliteserien,1.0,SUB,10.0,,2021-08-31,2022.0,72,Costa Rica,,,,Left,4,4,1,High/Low,Lean (170-185),No,500000.0,,"Long Shot Taker (AI), Technical Dribbler (AI)",79.0,58.0,56.0,65.0,34.0,54.0,54,54,34,60,57,63,57,42,50,63,80,78,77,56,75,67,34,65,54,59,45,37,61,57,58,61,32,39,23,9,7,13,14,11,,59+2,59+2,59+2,62,61,61,61,62,61+1,61+1,61+1,62,57+2,57+2,57+2,62,51+2,48+2,48+2,48+2,51+2,48+2,41+2,41+2,41+2,48+2,15+2,https://cdn.sofifa.net/players/233/467/22_120.png,https://cdn.sofifa.net/teams/1757/60.png,https://cdn.sofifa.net/flags/no.png,,https://cdn.sofifa.net/flags/cr.png
167495,M. Neuer,Manuel Peter Neuer,GK,90,90,35,Germany,GK,1.0,FC Bayern München,German 1. Bundesliga,13500000.0,86000.0,,,,,,,167495,https://sofifa.com/player/167495/manuel-neuer/220002,M. Neuer,GK,90,90,13500000.0,86000.0,35,1986-03-27,193,93,21.0,FC Bayern München,German 1. Bundesliga,1.0,GK,1.0,,2011-07-01,2023.0,21,Germany,1337.0,GK,1.0,Right,4,1,5,Medium/Medium,Unique,Yes,22300000.0,,"Leadership, GK Long Throw, Rushes Out Of Goal, Comes For Crosses",,,,,,,15,13,25,60,11,30,14,11,68,46,54,60,51,87,35,68,77,43,80,16,29,30,12,70,47,70,17,10,11,88,88,91,89,88,56.0,40+3,40+3,40+3,40,43,43,43,40,47+3,47+3,47+3,44+3,50+3,50+3,50+3,44+3,37+3,43+3,43+3,43+3,37+3,35+3,34+3,34+3,34+3,35+3,88+2,https://cdn.sofifa.net/players/167/495/22_120.png,https://cdn.sofifa.net/teams/21/60.png,https://cdn.sofifa.net/flags/de.png,https://cdn.sofifa.net/teams/1337/60.png,https://cdn.sofifa.net/flags/de.png
212622,J. Kimmich,Joshua Walter Kimmich,"CDM, RB",89,90,26,Germany,RDM,6.0,FC Bayern München,German 1. Bundesliga,108000000.0,160000.0,70.0,73.0,86.0,84.0,83.0,79.0,212622,https://sofifa.com/player/212622/joshua-kimmich/220002,J. Kimmich,"CDM, RB",89,90,108000000.0,160000.0,26,1995-02-08,177,75,21.0,FC Bayern München,German 1. Bundesliga,1.0,RDM,6.0,,2015-07-01,2025.0,21,Germany,1337.0,RDM,6.0,Right,4,3,4,High/Medium,Lean (170-185),Yes,186300000.0,#Crosser,"Leadership, Long Passer (AI), Playmaker (AI)",70.0,73.0,86.0,84.0,83.0,79.0,91,68,72,87,69,83,85,61,90,85,77,65,84,88,84,78,79,94,68,84,89,84,80,85,44,85,85,85,79,8,15,7,15,15,,77+3,77+3,77+3,82,81,81,81,82,83+3,83+3,83+3,83+3,86+3,86+3,86+3,83+3,85+3,86+3,86+3,86+3,85+3,83+3,81+3,81+3,81+3,83+3,21+3,https://cdn.sofifa.net/players/212/622/22_120.png,https://cdn.sofifa.net/teams/21/60.png,https://cdn.sofifa.net/flags/de.png,https://cdn.sofifa.net/teams/1337/60.png,https://cdn.sofifa.net/flags/de.png
209658,L. Goretzka,Leon Christoph Goretzka,"CM, CDM",87,88,26,Germany,LDM,8.0,FC Bayern München,German 1. Bundesliga,93000000.0,140000.0,81.0,82.0,82.0,84.0,81.0,86.0,209658,https://sofifa.com/player/209658/leon-goretzka/220002,L. Goretzka,"CM, CDM",87,88,93000000.0,140000.0,26,1995-02-06,189,82,21.0,FC Bayern München,German 1. Bundesliga,1.0,LDM,8.0,,2018-07-01,2026.0,21,Germany,1337.0,LDM,8.0,Right,4,3,4,High/Medium,Unique,Yes,160400000.0,#Tactician ,"Dives Into Tackles (AI), Long Shot Taker (AI)",81.0,82.0,82.0,84.0,81.0,86.0,75,82,86,86,69,84,76,75,84,87,78,83,76,88,71,85,79,88,88,86,81,86,85,84,60,82,74,85,77,13,8,15,11,9,,84+3,84+3,84+3,83,85,85,85,83,85+3,85+3,85+3,84+3,86+2,86+2,86+2,84+3,83+3,84+3,84+3,84+3,83+3,82+3,83+3,83+3,83+3,82+3,19+3,https://cdn.sofifa.net/players/209/658/22_120.png,https://cdn.sofifa.net/teams/21/60.png,https://cdn.sofifa.net/flags/de.png,https://cdn.sofifa.net/teams/1337/60.png,https://cdn.sofifa.net/flags/de.png
186942,İ. Gündoğan,İlkay Gündoğan,"CM, CDM",85,85,30,Germany,SUB,21.0,Manchester City,English Premier League,51500000.0,185000.0,65.0,80.0,85.0,86.0,73.0,72.0,186942,https://sofifa.com/player/186942/ilkay-gundogan/220002,İ. Gündoğan,"CM, CDM",85,85,51500000.0,185000.0,30,1990-10-24,180,80,10.0,Manchester City,English Premier League,1.0,LCM,8.0,,2016-07-01,2023.0,21,Germany,1337.0,SUB,21.0,Right,4,4,3,High/Medium,Normal (170-185),Yes,95300000.0,"#Dribbler, #Playmaker, #Complete Midfielder","Injury Prone, Long Shot Taker (AI), Playmaker (AI), Technical Dribbler (AI)",65.0,80.0,85.0,86.0,73.0,72.0,78,80,50,88,75,86,86,80,85,89,66,65,77,86,77,79,61,74,73,81,70,78,82,86,80,87,76,75,67,11,14,5,5,13,,78+3,78+3,78+3,82,82,82,82,82,84+1,84+1,84+1,82+3,84+1,84+1,84+1,82+3,78+3,80+3,80+3,80+3,78+3,75+3,73+3,73+3,73+3,75+3,19+3,https://cdn.sofifa.net/players/186/942/22_120.png,https://cdn.sofifa.net/teams/10/60.png,https://cdn.sofifa.net/flags/gb-eng.png,https://cdn.sofifa.net/teams/1337/60.png,https://cdn.sofifa.net/flags/de.png
206113,S. Gnabry,Serge David Gnabry,"RM, LM, RW",85,86,25,Germany,RM,10.0,FC Bayern München,German 1. Bundesliga,64500000.0,110000.0,83.0,84.0,79.0,86.0,43.0,69.0,206113,https://sofifa.com/player/206113/serge-gnabry/220002,S. Gnabry,"RM, LM, RW",85,86,64500000.0,110000.0,25,1995-07-14,176,77,21.0,FC Bayern München,German 1. Bundesliga,1.0,RM,7.0,,2017-07-01,2023.0,21,Germany,1337.0,RM,10.0,Right,4,4,4,High/Medium,Unique,Yes,111300000.0,"#Dribbler, #Acrobat, #Clinical Finisher, #Complete Forward","Injury Prone, Flair, Long Shot Taker (AI), Speed Dribbler (AI), Technical Dribbler (AI)",83.0,84.0,79.0,86.0,43.0,69.0,74,86,42,82,83,88,74,62,78,83,90,77,87,86,88,87,65,78,68,82,63,38,86,83,68,80,45,44,43,14,10,10,9,7,,80+3,80+3,80+3,84,84,84,84,84,84+2,84+2,84+2,83+3,78+3,78+3,78+3,83+3,66+3,64+3,64+3,64+3,66+3,62+3,54+3,54+3,54+3,62+3,18+3,https://cdn.sofifa.net/players/206/113/22_120.png,https://cdn.sofifa.net/teams/21/60.png,https://cdn.sofifa.net/flags/de.png,https://cdn.sofifa.net/teams/1337/60.png,https://cdn.sofifa.net/flags/de.png
212188,T. Werner,Timo Werner,"ST, LW",84,87,25,Germany,ST,9.0,Chelsea,English Premier League,56500000.0,155000.0,91.0,81.0,70.0,82.0,35.0,70.0,212188,https://sofifa.com/player/212188/timo-werner/220002,T. Werner,"ST, LW",84,87,56500000.0,155000.0,25,1996-03-06,180,76,5.0,Chelsea,English Premier League,1.0,SUB,11.0,,2020-07-01,2025.0,21,Germany,1337.0,ST,9.0,Right,4,3,3,High/Medium,Unique,Yes,108800000.0,#Speedster,Speed Dribbler (AI),91.0,81.0,70.0,82.0,35.0,70.0,69,81,76,79,84,82,70,58,55,84,93,89,82,87,76,85,75,83,65,77,63,37,88,68,78,79,39,20,19,9,9,8,15,9,,83+3,83+3,83+3,82,83,83,83,82,80+3,80+3,80+3,80+3,72+3,72+3,72+3,80+3,61+3,57+3,57+3,57+3,61+3,58+3,50+3,50+3,50+3,58+3,19+3,https://cdn.sofifa.net/players/212/188/22_120.png,https://cdn.sofifa.net/teams/5/60.png,https://cdn.sofifa.net/flags/gb-eng.png,https://cdn.sofifa.net/teams/1337/60.png,https://cdn.sofifa.net/flags/de.png
222492,L. Sané,Leroy Aziz Sané,"RM, LM",84,87,25,Germany,LM,19.0,FC Bayern München,German 1. Bundesliga,56000000.0,105000.0,90.0,81.0,79.0,85.0,38.0,68.0,222492,https://sofifa.com/player/222492/leroy-sane/220002,L. Sané,"RM, LM",84,87,56000000.0,105000.0,25,1996-01-11,183,80,21.0,FC Bayern München,German 1. Bundesliga,1.0,LM,10.0,,2020-07-15,2025.0,21,Germany,1337.0,LM,19.0,Left,2,4,3,Medium/Low,Unique,Yes,96600000.0,"#Speedster, #Dribbler","Power Free-Kick, Flair, Speed Dribbler (AI)",90.0,81.0,79.0,85.0,38.0,68.0,83,81,72,81,85,87,83,82,64,84,91,89,84,79,79,87,64,68,70,78,63,34,84,82,71,80,36,32,35,8,12,9,9,14,,82+3,82+3,82+3,84,83,83,83,84,82+3,82+3,82+3,82+3,74+3,74+3,74+3,82+3,63+3,59+3,59+3,59+3,63+3,60+3,52+3,52+3,52+3,60+3,18+3,https://cdn.sofifa.net/players/222/492/22_120.png,https://cdn.sofifa.net/teams/21/60.png,https://cdn.sofifa.net/flags/de.png,https://cdn.sofifa.net/teams/1337/60.png,https://cdn.sofifa.net/flags/de.png
235790,K. Havertz,Kai Lukas Havertz,"CAM, CF, CM",84,92,22,Germany,CAM,7.0,Chelsea,English Premier League,94500000.0,130000.0,82.0,78.0,79.0,84.0,45.0,66.0,235790,https://sofifa.com/player/235790/kai-havertz/220002,K. Havertz,"CAM, CF, CM",84,92,94500000.0,130000.0,22,1999-06-11,188,82,5.0,Chelsea,English Premier League,1.0,SUB,29.0,,2020-09-04,2025.0,21,Germany,1337.0,CAM,7.0,Left,4,4,3,Medium/Medium,Unique,Yes,193700000.0,#Dribbler,"Finesse Shot, Playmaker (AI), Outside Foot Shot, Chip Shot (AI), Technical Dribbler (AI)",82.0,78.0,79.0,84.0,45.0,66.0,72,81,78,84,80,86,84,53,78,85,77,86,78,83,75,74,75,77,69,77,42,38,82,81,73,84,39,46,38,6,8,11,10,12,,81+3,81+3,81+3,82,82,82,82,82,83+3,83+3,83+3,82+3,78+3,78+3,78+3,82+3,65+3,63+3,63+3,63+3,65+3,62+3,55+3,55+3,55+3,62+3,17+3,https://cdn.sofifa.net/players/235/790/22_120.png,https://cdn.sofifa.net/teams/5/60.png,https://cdn.sofifa.net/flags/gb-eng.png,https://cdn.sofifa.net/teams/1337/60.png,https://cdn.sofifa.net/flags/de.png
192563,B. Leno,Bernd Leno,GK,83,84,29,Germany,SUB,12.0,Arsenal,English Premier League,28000000.0,87000.0,,,,,,,192563,https://sofifa.com/player/192563/bernd-leno/220002,B. Leno,GK,83,84,28000000.0,87000.0,29,1992-03-04,190,83,1.0,Arsenal,English Premier League,1.0,GK,1.0,,2018-07-01,2023.0,21,Germany,1337.0,SUB,12.0,Right,3,1,3,Medium/Medium,Normal (185+),Yes,55300000.0,,"Rushes Out Of Goal, Cautious With Crosses",,,,,,,9,9,13,50,10,16,9,8,48,35,55,56,52,78,44,57,73,43,70,14,28,25,7,56,23,62,27,15,18,85,80,76,83,85,55.0,32+3,32+3,32+3,32,35,35,35,32,38+3,38+3,38+3,36+3,40+3,40+3,40+3,36+3,34+3,38+3,38+3,38+3,34+3,33+3,33+3,33+3,33+3,33+3,82+2,https://cdn.sofifa.net/players/192/563/22_120.png,https://cdn.sofifa.net/teams/1/60.png,https://cdn.sofifa.net/flags/gb-eng.png,https://cdn.sofifa.net/teams/1337/60.png,https://cdn.sofifa.net/flags/de.png
205452,A. Rüdiger,Antonio Rüdiger,CB,83,84,28,Germany,LCB,2.0,Chelsea,English Premier League,34500000.0,130000.0,75.0,43.0,68.0,64.0,84.0,84.0,205452,https://sofifa.com/player/205452/antonio-rudiger/220002,A. Rüdiger,CB,83,84,34500000.0,130000.0,28,1993-03-03,190,85,5.0,Chelsea,English Premier League,1.0,LCB,2.0,,2017-07-09,2022.0,21,Germany,1337.0,LCB,2.0,Right,3,2,2,Medium/High,Lean (185+),Yes,66400000.0,#Strength,Long Passer (AI),75.0,43.0,68.0,64.0,84.0,84.0,68,32,81,76,34,60,35,56,73,69,64,84,56,82,50,72,84,69,88,44,92,81,39,59,40,72,85,86,82,14,15,10,12,8,,61+2,61+2,61+2,61,61,61,61,61,62+2,62+2,62+2,65+2,68+2,68+2,68+2,65+2,76+2,79+2,79+2,79+2,76+2,78+2,83+1,83+1,83+1,78+2,20+2,https://cdn.sofifa.net/players/205/452/22_120.png,https://cdn.sofifa.net/teams/5/60.png,https://cdn.sofifa.net/flags/gb-eng.png,https://cdn.sofifa.net/teams/1337/60.png,https://cdn.sofifa.net/flags/de.png
223697,R. Gosens,Robin Everardus Gosens,"LWB, LB, LM",83,83,26,Germany,SUB,20.0,Atalanta,Italian Serie A,36000000.0,65000.0,82.0,75.0,74.0,79.0,77.0,81.0,223697,https://sofifa.com/player/223697/robin-gosens/220002,R. Gosens,"LWB, LB, LM",83,83,36000000.0,65000.0,26,1994-07-05,183,76,39.0,Atalanta,Italian Serie A,1.0,LM,8.0,,2017-07-01,2023.0,21,Germany,1337.0,SUB,20.0,Left,3,3,3,High/Medium,Normal (170-185),No,61200000.0,,"Early Crosser, Long Shot Taker (AI)",82.0,75.0,74.0,79.0,77.0,81.0,82,79,82,80,71,80,69,58,77,82,79,84,71,86,66,76,88,89,76,68,80,77,86,60,50,77,75,78,79,7,16,15,16,10,,81+2,81+2,81+2,80,79,79,79,80,77+3,77+3,77+3,80+3,78+3,78+3,78+3,80+3,81+2,79+3,79+3,79+3,81+2,81+2,79+3,79+3,79+3,81+2,21+3,https://cdn.sofifa.net/players/223/697/22_120.png,https://cdn.sofifa.net/teams/39/60.png,https://cdn.sofifa.net/flags/it.png,https://cdn.sofifa.net/teams/1337/60.png,https://cdn.sofifa.net/flags/de.png
188943,K. Trapp,Kevin Trapp,GK,82,82,30,Germany,SUB,22.0,Eintracht Frankfurt,German 1. Bundesliga,20500000.0,31000.0,,,,,,,188943,https://sofifa.com/player/188943/kevin-trapp/220002,K. Trapp,GK,82,82,20500000.0,31000.0,30,1990-07-08,189,88,1824.0,Eintracht Frankfurt,German 1. Bundesliga,1.0,GK,1.0,,2019-08-07,2024.0,21,Germany,1337.0,SUB,22.0,Right,4,1,3,Medium/Medium,Normal (185+),Yes,34900000.0,,"Leadership, Rushes Out Of Goal, Comes For Crosses",,,,,,,13,13,11,25,12,10,14,12,12,24,45,52,42,82,37,59,75,45,73,13,30,22,12,46,17,62,15,14,10,82,78,79,82,84,48.0,30+3,30+3,30+3,27,30,30,30,27,29+3,29+3,29+3,28+3,28+3,28+3,28+3,28+3,28+3,28+3,28+3,28+3,28+3,28+3,28+3,28+3,28+3,28+3,81+1,https://cdn.sofifa.net/players/188/943/22_120.png,https://cdn.sofifa.net/teams/1824/60.png,https://cdn.sofifa.net/flags/de.png,https://cdn.sofifa.net/teams/1337/60.png,https://cdn.sofifa.net/flags/de.png
212190,N. Süle,Niklas Süle,"CB, RB",82,87,25,Germany,RCB,15.0,FC Bayern München,German 1. Bundesliga,40500000.0,78000.0,65.0,42.0,59.0,51.0,83.0,81.0,212190,https://sofifa.com/player/212190/niklas-sule/220002,N. Süle,"CB, RB",82,87,40500000.0,78000.0,25,1995-09-03,195,99,21.0,FC Bayern München,German 1. Bundesliga,1.0,LCB,4.0,,2017-07-01,2022.0,21,Germany,1337.0,RCB,15.0,Right,3,2,3,Medium/Medium,Stocky (185+),Yes,69900000.0,"#Aerial Threat, #Strength",Injury Prone,65.0,42.0,59.0,51.0,83.0,81.0,34,22,84,78,33,43,28,30,69,62,48,79,33,79,32,77,39,63,93,62,85,80,26,57,32,75,81,86,82,15,7,14,7,15,,56+3,56+3,56+3,51,54,54,54,51,56+3,56+3,56+3,54+3,64+3,64+3,64+3,54+3,69+3,76+3,76+3,76+3,69+3,73+3,81+3,81+3,81+3,73+3,19+3,https://cdn.sofifa.net/players/212/190/22_120.png,https://cdn.sofifa.net/teams/21/60.png,https://cdn.sofifa.net/flags/de.png,https://cdn.sofifa.net/teams/1337/60.png,https://cdn.sofifa.net/flags/de.png
234943,F. Neuhaus,Florian Christian Neuhaus,CM,82,87,24,Germany,SUB,24.0,Borussia Mönchengladbach,German 1. Bundesliga,46000000.0,36000.0,64.0,72.0,79.0,82.0,66.0,67.0,234943,https://sofifa.com/player/234943/florian-neuhaus/220002,F. Neuhaus,CM,82,87,46000000.0,36000.0,24,1997-03-16,185,74,23.0,Borussia Mönchengladbach,German 1. Bundesliga,1.0,LDM,32.0,,2017-07-01,2024.0,21,Germany,1337.0,SUB,24.0,Right,4,3,2,Medium/Medium,Lean (185+),Yes,81700000.0,,Playmaker (AI),64.0,72.0,79.0,82.0,66.0,67.0,68,70,51,85,63,83,77,41,88,84,72,57,80,82,78,75,54,81,65,81,60,72,70,84,49,78,67,67,64,6,11,10,11,15,,72+2,72+2,72+2,77,77,77,77,77,80+2,80+2,80+2,78+2,82+2,82+2,82+2,78+2,73+2,76+2,76+2,76+2,73+2,71+2,67+2,67+2,67+2,71+2,19+2,https://cdn.sofifa.net/players/234/943/22_120.png,https://cdn.sofifa.net/teams/23/60.png,https://cdn.sofifa.net/flags/de.png,https://cdn.sofifa.net/teams/1337/60.png,https://cdn.sofifa.net/flags/de.png
222331,L. Klostermann,Lukas Manuel Klostermann,"CB, RB, RWB",80,84,25,Germany,SUB,26.0,RB Leipzig,German 1. Bundesliga,26500000.0,67000.0,85.0,51.0,64.0,71.0,82.0,77.0,222331,https://sofifa.com/player/222331/lukas-klostermann/220002,L. Klostermann,"CB, RB, RWB",80,84,26500000.0,67000.0,25,1996-06-03,187,88,112172.0,RB Leipzig,German 1. Bundesliga,1.0,SUB,16.0,,2014-08-22,2024.0,21,Germany,1337.0,SUB,26.0,Right,3,2,2,Medium/Medium,Normal (185+),Yes,47000000.0,,"Speed Dribbler (AI), Team Player",85.0,51.0,64.0,71.0,82.0,77.0,72,59,78,74,41,71,45,22,63,73,81,89,63,81,60,58,82,82,76,31,72,81,70,55,26,68,84,81,86,8,12,10,7,7,,69+2,69+2,69+2,70,69,69,69,70,68+2,68+2,68+2,72+2,69+2,69+2,69+2,72+2,80+2,76+2,76+2,76+2,80+2,81+2,80+2,80+2,80+2,81+2,17+2,https://cdn.sofifa.net/players/222/331/22_120.png,https://cdn.sofifa.net/teams/112172/60.png,https://cdn.sofifa.net/flags/de.png,https://cdn.sofifa.net/teams/1337/60.png,https://cdn.sofifa.net/flags/de.png
210324,J. Hofmann,Jonas Hofmann,"CM, RM, LM",79,79,28,Germany,RB,23.0,Borussia Mönchengladbach,German 1. Bundesliga,17500000.0,35000.0,75.0,72.0,80.0,79.0,57.0,66.0,210324,https://sofifa.com/player/210324/jonas-hofmann/220002,J. Hofmann,"CM, RM, LM",79,79,17500000.0,35000.0,28,1992-07-14,176,73,23.0,Borussia Mönchengladbach,German 1. Bundesliga,1.0,RM,23.0,,2016-01-01,2023.0,21,Germany,1337.0,RB,23.0,Right,4,3,2,High/Medium,Normal (170-185),Yes,29800000.0,,Team Player,75.0,72.0,80.0,79.0,57.0,66.0,80,75,40,81,64,78,77,71,81,79,75,75,77,83,77,68,61,86,64,69,47,74,82,81,71,81,62,49,52,6,6,10,10,10,,72+2,72+2,72+2,78,77,77,77,78,79,79,79,80-1,78+1,78+1,78+1,80-1,73+2,71+2,71+2,71+2,73+2,69+2,60+2,60+2,60+2,69+2,16+2,https://cdn.sofifa.net/players/210/324/22_120.png,https://cdn.sofifa.net/teams/23/60.png,https://cdn.sofifa.net/flags/de.png,https://cdn.sofifa.net/teams/1337/60.png,https://cdn.sofifa.net/flags/de.png
218339,M. Dahoud,Mahmoud Dahoud,"CM, CDM",79,82,25,Germany,SUB,18.0,Borussia Dortmund,German 1. Bundesliga,23000000.0,56000.0,70.0,69.0,76.0,83.0,67.0,70.0,218339,https://sofifa.com/player/218339/mahmoud-dahoud/220002,M. Dahoud,"CM, CDM",79,82,23000000.0,56000.0,25,1996-01-01,178,68,22.0,Borussia Dortmund,German 1. Bundesliga,1.0,CDM,8.0,,2017-07-01,2023.0,21,Germany,1337.0,SUB,18.0,Right,4,4,2,High/High,Lean (170-185),Yes,40800000.0,#Engine,"Flair, Long Passer (AI), Long Shot Taker (AI), Technical Dribbler (AI)",70.0,69.0,76.0,83.0,67.0,70.0,67,62,44,82,66,84,78,53,79,82,78,63,87,79,87,81,71,90,59,77,74,78,68,79,55,71,73,64,59,14,7,9,12,11,,70+2,70+2,70+2,76,76,76,76,76,78+2,78+2,78+2,77+2,79+2,79+2,79+2,77+2,74+2,76+2,76+2,76+2,74+2,72+2,67+2,67+2,67+2,72+2,18+2,https://cdn.sofifa.net/players/218/339/22_120.png,https://cdn.sofifa.net/teams/22/60.png,https://cdn.sofifa.net/flags/de.png,https://cdn.sofifa.net/teams/1337/60.png,https://cdn.sofifa.net/flags/de.png
256630,F. Wirtz,Florian Richard Wirtz,"CAM, CM",78,89,18,Germany,SUB,16.0,Bayer 04 Leverkusen,German 1. Bundesliga,29500000.0,18000.0,72.0,68.0,76.0,83.0,51.0,59.0,256630,https://sofifa.com/player/256630/florian-wirtz/220002,F. Wirtz,"CAM, CM",78,89,29500000.0,18000.0,18,2003-05-03,176,70,32.0,Bayer 04 Leverkusen,German 1. Bundesliga,1.0,CAM,27.0,,2020-01-31,2026.0,21,Germany,1337.0,SUB,16.0,Right,4,4,2,High/Medium,Normal (170-185),Yes,56100000.0,,"Flair, Playmaker (AI), Outside Foot Shot, Chip Shot (AI), Technical Dribbler (AI)",72.0,68.0,76.0,83.0,51.0,59.0,71,70,39,80,63,85,75,54,73,83,76,68,85,68,81,66,52,78,50,65,60,45,74,83,60,80,54,54,52,14,14,13,6,10,,69+2,69+2,69+2,77,76,76,76,77,78+2,78+2,78+2,77+2,75+2,75+2,75+2,77+2,66+2,65+2,65+2,65+2,66+2,63+2,55+2,55+2,55+2,63+2,17+2,https://cdn.sofifa.net/players/256/630/22_120.png,https://cdn.sofifa.net/teams/32/60.png,https://cdn.sofifa.net/flags/de.png,https://cdn.sofifa.net/teams/1337/60.png,https://cdn.sofifa.net/flags/de.png
226229,T. Kehrer,Jan Thilo Kehrer,"CB, RB",76,81,24,Germany,LB,4.0,Paris Saint-Germain,French Ligue 1,10000000.0,49000.0,68.0,44.0,65.0,66.0,77.0,78.0,226229,https://sofifa.com/player/226229/thilo-kehrer/220002,T. Kehrer,"CB, RB",76,81,10000000.0,49000.0,24,1996-09-21,186,76,73.0,Paris Saint-Germain,French Ligue 1,1.0,SUB,24.0,,2018-08-16,2023.0,21,Germany,1337.0,LB,4.0,Right,5,2,3,Medium/Medium,Normal (185+),Yes,19300000.0,,,68.0,44.0,65.0,66.0,77.0,78.0,64,37,76,73,32,65,54,38,66,67,68,68,68,69,64,65,84,74,80,40,76,76,53,59,41,69,75,78,79,9,9,14,10,12,,60+3,60+3,60+3,61,61,61,61,61,62+3,62+3,62+3,64+3,66+3,66+3,66+3,64+3,72+3,73+3,73+3,73+3,72+3,73+3,76+3,76+3,76+3,73+3,17+3,https://cdn.sofifa.net/players/226/229/22_120.png,https://cdn.sofifa.net/teams/73/60.png,https://cdn.sofifa.net/flags/fr.png,https://cdn.sofifa.net/teams/1337/60.png,https://cdn.sofifa.net/flags/de.png
256790,J. Musiala,Jamal Musiala,"CAM, LM",75,88,18,Germany,SUB,14.0,FC Bayern München,German 1. Bundesliga,13000000.0,19000.0,76.0,70.0,67.0,84.0,31.0,49.0,256790,https://sofifa.com/player/256790/jamal-musiala/220002,J. Musiala,"CAM, LM",75,88,13000000.0,19000.0,18,2003-02-26,180,68,21.0,FC Bayern München,German 1. Bundesliga,1.0,SUB,42.0,,2020-06-03,2026.0,21,Germany,1337.0,SUB,14.0,Right,4,5,1,Medium/Medium,Lean (170-185),No,29600000.0,#Dribbler,Technical Dribbler (AI),76.0,70.0,67.0,84.0,31.0,49.0,65,75,42,72,59,86,60,38,65,84,80,73,87,68,90,68,47,58,43,72,52,27,69,69,42,77,33,28,29,6,9,8,8,11,,69+2,69+2,69+2,76,75,75,75,76,75+2,75+2,75+2,74+2,68+2,68+2,68+2,74+2,55+2,52+2,52+2,52+2,55+2,51+2,41+2,41+2,41+2,51+2,15+2,https://cdn.sofifa.net/players/256/790/22_120.png,https://cdn.sofifa.net/teams/21/60.png,https://cdn.sofifa.net/flags/de.png,https://cdn.sofifa.net/teams/1337/60.png,https://cdn.sofifa.net/flags/de.png
236703,D. Raum,David Raum,"LB, LM",73,80,23,Germany,SUB,17.0,TSG Hoffenheim,German 1. Bundesliga,6000000.0,20000.0,86.0,59.0,66.0,74.0,64.0,70.0,236703,https://sofifa.com/player/236703/david-raum/220002,D. Raum,"LB, LM",73,80,6000000.0,20000.0,23,1998-04-22,180,75,10029.0,TSG Hoffenheim,German 1. Bundesliga,1.0,LB,17.0,,2021-07-01,2025.0,21,Germany,1337.0,SUB,17.0,Left,3,3,1,High/Medium,Normal (170-185),No,11400000.0,,Long Passer (AI),86.0,59.0,66.0,74.0,64.0,70.0,76,57,57,69,52,72,66,37,59,76,87,85,77,70,76,64,63,82,67,65,62,68,59,63,49,68,59,68,66,11,8,14,12,6,,66+2,66+2,66+2,71,69,69,69,71,69+2,69+2,69+2,72+2,68+2,68+2,68+2,72+2,72+2,68+2,68+2,68+2,72+2,71+2,66+2,66+2,66+2,71+2,16+2,https://cdn.sofifa.net/players/236/703/22_120.png,https://cdn.sofifa.net/teams/10029/60.png,https://cdn.sofifa.net/flags/de.png,https://cdn.sofifa.net/teams/1337/60.png,https://cdn.sofifa.net/flags/de.png
247819,N. Schlotterbeck,Nico Schlotterbeck,CB,73,83,21,Germany,SUB,5.0,Sport-Club Freiburg,German 1. Bundesliga,6500000.0,14000.0,69.0,29.0,47.0,53.0,75.0,75.0,247819,https://sofifa.com/player/247819/nico-schlotterbeck/220002,N. Schlotterbeck,CB,73,83,6500000.0,14000.0,21,1999-12-01,191,86,25.0,Sport-Club Freiburg,German 1. Bundesliga,1.0,LCB,4.0,,2019-03-09,2023.0,21,Germany,1337.0,SUB,5.0,Left,3,2,1,Medium/Medium,Normal (185+),No,13000000.0,,,69.0,29.0,47.0,53.0,75.0,75.0,29,21,71,59,29,47,36,35,54,58,62,75,53,73,52,51,67,68,82,26,68,75,25,42,38,59,76,77,74,8,10,8,14,13,,49+2,49+2,49+2,47,48,48,48,47,49+2,49+2,49+2,50+2,54+2,54+2,54+2,50+2,64+2,67+2,67+2,67+2,64+2,67+2,73+2,73+2,73+2,67+2,18+2,https://cdn.sofifa.net/players/247/819/22_120.png,https://cdn.sofifa.net/teams/25/60.png,https://cdn.sofifa.net/flags/de.png,https://cdn.sofifa.net/teams/1337/60.png,https://cdn.sofifa.net/flags/de.png
251852,K. Adeyemi,Karim-David Adeyemi,ST,71,85,19,Germany,SUB,13.0,FC Red Bull Salzburg,Austrian Football Bundesliga,4500000.0,11000.0,92.0,72.0,65.0,76.0,24.0,62.0,251852,https://sofifa.com/player/251852/karim-adeyemi/220002,K. Adeyemi,ST,71,85,4500000.0,11000.0,19,2002-01-18,177,69,191.0,FC Red Bull Salzburg,Austrian Football Bundesliga,1.0,LS,27.0,,2018-07-01,2024.0,21,Germany,1337.0,SUB,13.0,Left,3,4,1,Medium/Medium,Normal (170-185),No,9600000.0,#Speedster,"Flair, Speed Dribbler (AI), Chip Shot (AI)",92.0,72.0,65.0,76.0,24.0,62.0,62,74,58,68,68,75,67,59,61,74,93,92,88,67,81,70,88,69,62,71,46,23,67,68,70,70,18,19,25,12,12,7,12,7,,71+2,71+2,71+2,74,73,73,73,74,72+2,72+2,72+2,72+2,64+2,64+2,64+2,72+2,53+2,48+2,48+2,48+2,53+2,50+2,41+2,41+2,41+2,50+2,17+2,https://cdn.sofifa.net/players/251/852/22_120.png,https://cdn.sofifa.net/teams/191/60.png,https://cdn.sofifa.net/flags/at.png,https://cdn.sofifa.net/teams/1337/60.png,https://cdn.sofifa.net/flags/de.png
232730,D. Kamada,鎌田 大地,"CAM, CF",79,82,24,Japan,,,Eintracht Frankfurt,German 1. Bundesliga,24000000.0,29000.0,75.0,68.0,79.0,83.0,41.0,59.0,232730,https://sofifa.com/player/232730/daichi-kamada/220002,D. Kamada,"CAM, CF",79,82,24000000.0,29000.0,24,1996-08-05,184,76,1824.0,Eintracht Frankfurt,German 1. Bundesliga,1.0,CAM,15.0,,2017-07-01,2023.0,163,Japan,,,,Right,4,3,2,Medium/Medium,Lean (170-185),Yes,42600000.0,,"Playmaker (AI), Technical Dribbler (AI)",75.0,68.0,79.0,83.0,41.0,59.0,75,69,53,80,66,85,75,68,79,83,83,69,82,72,80,65,68,73,57,67,44,35,79,83,71,80,38,46,34,6,10,11,6,11,,71+2,71+2,71+2,78,77,77,77,78,79+2,79+2,79+2,79+2,75+2,75+2,75+2,79+2,62+2,60+2,60+2,60+2,62+2,58+2,50+2,50+2,50+2,58+2,15+2,https://cdn.sofifa.net/players/232/730/22_120.png,https://cdn.sofifa.net/teams/1824/60.png,https://cdn.sofifa.net/flags/de.png,,https://cdn.sofifa.net/flags/jp.png
232487,W. Endo,遠藤 航,"CDM, CM",78,79,28,Japan,,,VfB Stuttgart,German 1. Bundesliga,13500000.0,29000.0,66.0,61.0,70.0,75.0,78.0,73.0,232487,https://sofifa.com/player/232487/wataru-endo/220002,W. Endo,"CDM, CM",78,79,13500000.0,29000.0,28,1993-02-09,178,76,36.0,VfB Stuttgart,German 1. Bundesliga,1.0,LCM,3.0,,2020-07-01,2024.0,163,Japan,,,,Right,4,3,2,Medium/High,Normal (170-185),No,25300000.0,,Long Passer (AI),66.0,61.0,70.0,75.0,78.0,73.0,55,57,74,79,26,72,43,46,77,80,73,60,71,73,76,71,89,80,65,68,78,78,54,75,62,80,80,78,74,9,13,7,11,5,,66+2,66+2,66+2,69,69,69,69,69,72+2,72+2,72+2,70+2,75+2,75+2,75+2,70+2,73+2,77+2,77+2,77+2,73+2,74+2,76+2,76+2,76+2,74+2,16+2,https://cdn.sofifa.net/players/232/487/22_120.png,https://cdn.sofifa.net/teams/36/60.png,https://cdn.sofifa.net/flags/de.png,,https://cdn.sofifa.net/flags/jp.png
181098,M. Hasebe,長谷 部誠,"CDM, CB",77,77,37,Japan,,,Eintracht Frankfurt,German 1. Bundesliga,2100000.0,19000.0,51.0,51.0,73.0,71.0,76.0,62.0,181098,https://sofifa.com/player/181098/makoto-hasebe/220002,M. Hasebe,"CDM, CB",77,77,2100000.0,19000.0,37,1984-01-18,180,72,1824.0,Eintracht Frankfurt,German 1. Bundesliga,1.0,SUB,20.0,,2014-07-01,2022.0,163,Japan,,,,Right,3,3,2,Medium/Medium,Lean (170-185),Yes,3600000.0,,"Leadership, Long Passer (AI), Team Player",51.0,51.0,73.0,71.0,76.0,62.0,70,45,60,78,56,66,68,63,78,78,51,51,65,74,70,55,67,60,62,52,63,80,60,69,61,85,82,74,71,10,12,10,15,9,,60+2,60+2,60+2,65,64,64,64,65,67+2,67+2,67+2,67+2,72+2,72+2,72+2,67+2,71+2,75+2,75+2,75+2,71+2,71+2,72+2,72+2,72+2,71+2,18+2,https://cdn.sofifa.net/players/181/098/22_120.png,https://cdn.sofifa.net/teams/1824/60.png,https://cdn.sofifa.net/flags/de.png,,https://cdn.sofifa.net/flags/jp.png
232862,S. Nakajima,中島 翔哉,LM,77,77,26,Japan,,,Portimonense SC,Portuguese Liga ZON SAGRES,11500000.0,15000.0,86.0,71.0,71.0,83.0,37.0,46.0,232862,https://sofifa.com/player/232862/shoya-nakajima/220002,S. Nakajima,LM,77,77,11500000.0,15000.0,26,1994-08-23,165,67,10031.0,Portimonense SC,Portuguese Liga ZON SAGRES,1.0,SUB,10.0,FC Porto,,2022.0,163,Japan,,,,Right,4,4,1,High/Low,Normal (170-),Yes,,#Acrobat,"Finesse Shot, Flair, Speed Dribbler (AI), Technical Dribbler (AI)",86.0,71.0,71.0,83.0,37.0,46.0,66,68,40,73,76,83,79,64,64,78,91,82,93,78,93,76,70,61,33,69,55,43,75,75,67,81,28,41,36,7,10,10,8,6,,70+2,70+2,70+2,77,76,76,76,77,77,77,77,76+1,70+2,70+2,70+2,76+1,60+2,56+2,56+2,56+2,60+2,56+2,46+2,46+2,46+2,56+2,16+2,https://cdn.sofifa.net/players/232/862/22_120.png,https://cdn.sofifa.net/teams/10031/60.png,https://cdn.sofifa.net/flags/pt.png,,https://cdn.sofifa.net/flags/jp.png
232905,J. Ito,伊东 纯也,"RW, CF",77,77,28,Japan,,,KRC Genk,Belgian Jupiler Pro League,10500000.0,21000.0,89.0,71.0,73.0,77.0,58.0,70.0,232905,https://sofifa.com/player/232905/junya-ito/220002,J. Ito,"RW, CF",77,77,10500000.0,21000.0,28,1993-03-09,176,66,673.0,KRC Genk,Belgian Jupiler Pro League,1.0,RW,7.0,,2020-07-01,2023.0,163,Japan,,,,Right,4,4,1,High/Medium,Lean (170-185),No,15800000.0,,Speed Dribbler (AI),89.0,71.0,73.0,77.0,58.0,70.0,76,73,44,73,69,77,63,65,66,75,91,88,82,73,77,68,87,89,61,71,64,67,76,78,57,77,54,61,56,13,12,15,5,7,,71+2,71+2,71+2,77,75,75,75,77,76+1,76+1,76+1,77,73+2,73+2,73+2,77,72+2,68+2,68+2,68+2,72+2,70+2,62+2,62+2,62+2,70+2,17+2,https://cdn.sofifa.net/players/232/905/22_120.png,https://cdn.sofifa.net/teams/673/60.png,https://cdn.sofifa.net/flags/be.png,,https://cdn.sofifa.net/flags/jp.png
232639,R. Doan,堂安 律,"RM, CAM",76,82,23,Japan,,,PSV,Holland Eredivisie,12000000.0,15000.0,79.0,70.0,72.0,80.0,39.0,57.0,232639,https://sofifa.com/player/232639/ritsu-doan/220002,R. Doan,"RM, CAM",76,82,12000000.0,15000.0,23,1998-06-16,172,70,247.0,PSV,Holland Eredivisie,1.0,SUB,25.0,,2019-08-30,2024.0,163,Japan,,,,Left,3,4,1,Medium/Low,Normal (170-185),Yes,19200000.0,,"Outside Foot Shot, Technical Dribbler (AI)",79.0,70.0,72.0,80.0,39.0,57.0,70,68,45,75,59,80,67,67,68,79,78,79,86,74,92,76,34,77,55,74,41,41,71,76,58,73,39,36,42,8,5,6,13,14,,70+2,70+2,70+2,76,75,75,75,76,76+2,76+2,76+2,75+2,71+2,71+2,71+2,75+2,62+2,58+2,58+2,58+2,62+2,58+2,47+2,47+2,47+2,58+2,17+2,https://cdn.sofifa.net/players/232/639/22_120.png,https://cdn.sofifa.net/teams/247/60.png,https://cdn.sofifa.net/flags/nl.png,,https://cdn.sofifa.net/flags/jp.png
205114,T. Inui,乾 貴士,"LM, RM, CAM",75,75,33,Japan,,,Cerezo Osaka,Japanese J. League Division 1,3500000.0,10000.0,78.0,69.0,71.0,82.0,46.0,54.0,205114,https://sofifa.com/player/205114/takashi-inui/220002,T. Inui,"LM, RM, CAM",75,75,3500000.0,10000.0,33,1988-06-02,169,69,101148.0,Cerezo Osaka,Japanese J. League Division 1,1.0,LM,23.0,,2021-08-31,2024.0,163,Japan,,,,Right,4,4,1,Medium/Medium,Normal (170-),No,4600000.0,#Acrobat,"Finesse Shot, Technical Dribbler (AI)",78.0,69.0,71.0,82.0,46.0,54.0,69,65,41,72,69,81,85,65,68,80,84,73,90,74,92,72,64,73,45,76,49,44,72,70,57,75,60,39,31,11,12,11,15,8,,68+2,68+2,68+2,75,74,74,74,75,75,75,75,74+1,70+2,70+2,70+2,74+1,62+2,59+2,59+2,59+2,62+2,58+2,50+2,50+2,50+2,58+2,18+2,https://cdn.sofifa.net/players/205/114/22_120.png,https://cdn.sofifa.net/teams/101148/60.png,https://cdn.sofifa.net/flags/jp.png,,https://cdn.sofifa.net/flags/jp.png
208520,H. Sakai,酒井 宏樹,"RB, LB",75,75,31,Japan,,,Urawa Red Diamonds,Japanese J. League Division 1,4100000.0,12000.0,75.0,53.0,66.0,64.0,73.0,76.0,208520,https://sofifa.com/player/208520/hiroki-sakai/220002,H. Sakai,"RB, LB",75,75,4100000.0,12000.0,31,1990-04-12,185,78,111575.0,Urawa Red Diamonds,Japanese J. League Division 1,1.0,RB,2.0,,2021-07-01,2023.0,163,Japan,,,,Right,2,2,2,Medium/Medium,Normal (185+),Yes,5300000.0,,Long Throw-in,75.0,53.0,66.0,64.0,73.0,76.0,73,46,60,68,41,58,63,55,65,69,74,76,70,73,67,67,77,82,73,58,76,73,65,60,36,71,75,73,75,13,8,11,10,9,,63+2,63+2,63+2,65,64,64,64,65,64+2,64+2,64+2,67+2,67+2,67+2,67+2,67+2,73+2,72+2,72+2,72+2,73+2,73+2,72+2,72+2,72+2,73+2,17+2,https://cdn.sofifa.net/players/208/520/22_120.png,https://cdn.sofifa.net/teams/111575/60.png,https://cdn.sofifa.net/flags/jp.png,,https://cdn.sofifa.net/flags/jp.png
226627,T. Minamino,南野 拓実,"RW, ST, LM",75,76,26,Japan,,,Liverpool,English Premier League,6500000.0,84000.0,79.0,73.0,69.0,81.0,36.0,63.0,226627,https://sofifa.com/player/226627/takumi-minamino/220002,T. Minamino,"RW, ST, LM",75,76,6500000.0,84000.0,26,1995-01-16,174,67,9.0,Liverpool,English Premier League,1.0,RES,18.0,,2020-01-01,2024.0,163,Japan,,,,Right,4,3,1,High/Medium,Lean (170-185),No,12500000.0,,Solid Player,79.0,73.0,69.0,81.0,36.0,63.0,66,75,50,71,70,81,73,69,63,78,83,75,89,71,86,71,76,76,55,73,61,49,70,70,72,79,32,30,26,9,12,8,15,14,,71+2,71+2,71+2,75,74,74,74,75,74+2,74+2,74+2,74+2,69+2,69+2,69+2,74+2,59+2,56+2,56+2,56+2,59+2,55+2,47+2,47+2,47+2,55+2,19+2,https://cdn.sofifa.net/players/226/627/22_120.png,https://cdn.sofifa.net/teams/9/60.png,https://cdn.sofifa.net/flags/gb-eng.png,,https://cdn.sofifa.net/flags/jp.png
232938,T. Tomiyasu,冨安 健洋,"CB, RB",75,85,22,Japan,,,Arsenal,English Premier League,12000000.0,49000.0,68.0,32.0,63.0,69.0,76.0,77.0,232938,https://sofifa.com/player/232938/takehiro-tomiyasu/220002,T. Tomiyasu,"CB, RB",75,85,12000000.0,49000.0,22,1998-11-05,188,84,1.0,Arsenal,English Premier League,1.0,SUB,18.0,,2021-08-31,2026.0,163,Japan,,,,Right,5,2,1,Medium/High,Lean (185+),No,25200000.0,,,68.0,32.0,63.0,69.0,76.0,77.0,62,29,69,71,30,68,48,37,66,71,68,68,70,71,70,42,70,80,77,28,73,76,38,59,37,60,77,77,77,9,14,6,5,11,,54+2,54+2,54+2,60,57,57,57,60,60+2,60+2,60+2,63+2,65+2,65+2,65+2,63+2,73+2,73+2,73+2,73+2,73+2,73+2,75+2,75+2,75+2,73+2,16+2,https://cdn.sofifa.net/players/232/938/22_120.png,https://cdn.sofifa.net/teams/1/60.png,https://cdn.sofifa.net/flags/gb-eng.png,,https://cdn.sofifa.net/flags/jp.png
237681,T. Kubo,久保 建英,"RM, CM, CAM",75,88,20,Japan,,,RCD Mallorca,Spain Primera Division,13500000.0,77000.0,81.0,66.0,68.0,82.0,39.0,56.0,237681,https://sofifa.com/player/237681/takefusa-kubo/220002,T. Kubo,"RM, CM, CAM",75,88,13500000.0,77000.0,20,2001-06-04,173,67,453.0,RCD Mallorca,Spain Primera Division,1.0,CAM,17.0,Real Madrid CF,,2022.0,163,Japan,,,,Left,4,4,1,High/Medium,Lean (170-185),No,,,"Flair, Technical Dribbler (AI)",81.0,66.0,68.0,82.0,39.0,56.0,61,70,39,73,57,85,68,72,58,81,89,74,86,65,83,66,54,76,52,60,43,29,68,72,61,70,40,43,48,6,7,15,10,10,,68+2,68+2,68+2,75,73,73,73,75,74+2,74+2,74+2,74+2,68+2,68+2,68+2,74+2,60+2,56+2,56+2,56+2,60+2,57+2,47+2,47+2,47+2,57+2,15+2,https://cdn.sofifa.net/players/237/681/22_120.png,https://cdn.sofifa.net/teams/453/60.png,https://cdn.sofifa.net/flags/es.png,,https://cdn.sofifa.net/flags/jp.png
189358,S. Kagawa,香川 真司,"CAM, CM",74,74,32,Japan,,,PAOK,Greek Super League,3300000.0,1000.0,60.0,64.0,73.0,78.0,52.0,40.0,189358,https://sofifa.com/player/189358/shinji-kagawa/220002,S. Kagawa,"CAM, CM",74,74,3300000.0,1000.0,32,1989-03-17,175,68,393.0,PAOK,Greek Super League,1.0,SUB,23.0,,2021-01-27,2022.0,163,Japan,,,,Right,4,4,3,Medium/Low,Lean (170-185),Yes,7300000.0,,"Flair, Outside Foot Shot, Technical Dribbler (AI)",60.0,64.0,73.0,78.0,52.0,40.0,65,68,48,78,69,78,74,68,73,80,64,56,78,72,76,54,60,56,35,58,29,57,75,73,69,79,52,53,47,11,9,8,9,13,,66+3,66+3,66+3,72,71,71,71,72,74,74,74,72+2,72+2,72+2,72+2,72+2,62+3,62+3,62+3,62+3,62+3,60+3,52+3,52+3,52+3,60+3,17+3,https://cdn.sofifa.net/players/189/358/22_120.png,https://cdn.sofifa.net/teams/393/60.png,https://cdn.sofifa.net/flags/gr.png,,https://cdn.sofifa.net/flags/jp.png
217648,G. Haraguchi,原口 元気,"CAM, CM, LM",74,74,30,Japan,,,1. FC Union Berlin,German 1. Bundesliga,4100000.0,26000.0,84.0,66.0,70.0,78.0,44.0,53.0,217648,https://sofifa.com/player/217648/genki-haraguchi/220002,G. Haraguchi,"CAM, CM, LM",74,74,4100000.0,26000.0,30,1991-05-09,179,68,1831.0,1. FC Union Berlin,German 1. Bundesliga,1.0,RCM,24.0,,2021-07-01,2026.0,163,Japan,,,,Right,4,4,2,High/High,Lean (170-185),Yes,7400000.0,#Engine,Playmaker (AI),84.0,66.0,70.0,78.0,44.0,53.0,65,70,51,75,56,77,72,54,63,77,85,83,87,72,84,57,65,87,41,72,39,37,64,73,56,70,46,46,42,16,11,11,11,7,,67+2,67+2,67+2,74,73,73,73,74,74,74,74,74,70+2,70+2,70+2,74,63+2,58+2,58+2,58+2,63+2,60+2,49+2,49+2,49+2,60+2,18+2,https://cdn.sofifa.net/players/217/648/22_120.png,https://cdn.sofifa.net/teams/1831/60.png,https://cdn.sofifa.net/flags/de.png,,https://cdn.sofifa.net/flags/jp.png
232294,R. Morioka,森岡 弘良太,"CM, CAM, CDM",74,74,30,Japan,,,Royal Charleroi S.C.,Belgian Jupiler Pro League,4000000.0,14000.0,53.0,69.0,76.0,71.0,72.0,73.0,232294,https://sofifa.com/player/232294/ryota-morioka/220002,R. Morioka,"CM, CAM, CDM",74,74,4000000.0,14000.0,30,1991-04-12,180,79,670.0,Royal Charleroi S.C.,Belgian Jupiler Pro League,1.0,LCM,44.0,,2019-07-01,2022.0,163,Japan,,,,Right,3,3,1,Medium/Medium,Normal (170-185),No,6000000.0,,"Long Shot Taker (AI), Playmaker (AI), Outside Foot Shot",53.0,69.0,76.0,71.0,72.0,73.0,74,66,69,76,71,70,68,72,78,74,53,53,63,71,68,70,55,75,74,72,71,78,71,77,71,77,73,72,63,5,8,6,13,6,,69+2,69+2,69+2,69,70,70,70,69,71+2,71+2,71+2,70+2,74,74,74,70+2,71+2,74,74,74,71+2,70+2,71+2,71+2,71+2,70+2,15+2,https://cdn.sofifa.net/players/232/294/22_120.png,https://cdn.sofifa.net/teams/670/60.png,https://cdn.sofifa.net/flags/be.png,,https://cdn.sofifa.net/flags/jp.png
233152,K. Itakura,板仓 晃,CB,74,80,24,Japan,,,FC Schalke 04,German 2. Bundesliga,6000000.0,64000.0,77.0,32.0,53.0,65.0,76.0,76.0,233152,https://sofifa.com/player/233152/ko-itakura/220002,K. Itakura,CB,74,80,6000000.0,64000.0,24,1997-01-27,186,75,34.0,FC Schalke 04,German 2. Bundesliga,2.0,SUB,3.0,Manchester City,,2022.0,163,Japan,,,,Right,3,2,1,Medium/Medium,Lean (185+),No,,,,77.0,32.0,53.0,65.0,76.0,76.0,30,20,72,68,24,63,30,40,65,65,74,79,71,67,69,64,84,85,75,24,67,78,38,48,38,64,74,79,73,13,6,9,10,12,,54+2,54+2,54+2,54,55,55,55,54,56+2,56+2,56+2,58+2,62+2,62+2,62+2,58+2,69+2,71+2,71+2,71+2,69+2,70+2,74+2,74+2,74+2,70+2,16+2,https://cdn.sofifa.net/players/233/152/22_120.png,https://cdn.sofifa.net/teams/34/60.png,https://cdn.sofifa.net/flags/de.png,,https://cdn.sofifa.net/flags/jp.png
180739,E. Kawashima,川島 永嗣,GK,73,73,38,Japan,,,RC Strasbourg Alsace,French Ligue 1,350000.0,9000.0,,,,,,,180739,https://sofifa.com/player/180739/eiji-kawashima/220002,E. Kawashima,GK,73,73,350000.0,9000.0,38,1983-03-20,185,82,76.0,RC Strasbourg Alsace,French Ligue 1,1.0,SUB,16.0,,2018-08-29,2023.0,163,Japan,,,,Right,3,1,2,Medium/Medium,Normal (185+),Yes,700000.0,,"Team Player, Cautious With Crosses",,,,,,,17,14,14,33,13,12,13,14,33,28,43,42,61,70,45,54,69,30,60,19,16,19,11,29,24,44,10,13,12,72,71,72,73,73,43.0,29+2,29+2,29+2,27,28,28,28,27,29+2,29+2,29+2,28+2,29+2,29+2,29+2,28+2,26+2,28+2,28+2,28+2,26+2,26+2,25+2,25+2,25+2,26+2,72+1,https://cdn.sofifa.net/players/180/739/22_120.png,https://cdn.sofifa.net/teams/76/60.png,https://cdn.sofifa.net/flags/fr.png,,https://cdn.sofifa.net/flags/jp.png
191648,M. Yoshida,吉田 麻也,CB,73,73,32,Japan,,,U.C. Sampdoria,Italian Serie A,2000000.0,15000.0,52.0,41.0,51.0,63.0,74.0,71.0,191648,https://sofifa.com/player/191648/maya-yoshida/220002,M. Yoshida,CB,73,73,2000000.0,15000.0,32,1988-08-24,189,79,1837.0,U.C. Sampdoria,Italian Serie A,1.0,RCB,22.0,,2020-09-03,2022.0,163,Japan,,,,Right,4,2,1,Medium/High,Lean (185+),Yes,3400000.0,,,52.0,41.0,51.0,63.0,74.0,71.0,36,34,74,63,56,60,38,33,52,66,52,52,64,72,57,50,82,64,75,41,66,73,42,50,54,68,73,77,74,12,16,8,6,13,,54+2,54+2,54+2,53,54,54,54,53,56+2,56+2,56+2,55+2,59+2,59+2,59+2,55+2,64+2,68+2,68+2,68+2,64+2,66+2,73,73,73,66+2,18+2,https://cdn.sofifa.net/players/191/648/22_120.png,https://cdn.sofifa.net/teams/1837/60.png,https://cdn.sofifa.net/flags/it.png,,https://cdn.sofifa.net/flags/jp.png
194359,Y. Nagatomo,長友 佑都,"LB, LWB, RB",73,73,34,Japan,,,FC Tokyo,Japanese J. League Division 1,1100000.0,9000.0,70.0,49.0,65.0,69.0,72.0,65.0,194359,https://sofifa.com/player/194359/yuto-nagatomo/220002,Y. Nagatomo,"LB, LWB, RB",73,73,1100000.0,9000.0,34,1986-09-12,170,68,101150.0,FC Tokyo,Japanese J. League Division 1,1.0,SUB,50.0,,2021-09-13,2023.0,163,Japan,,,,Right,4,2,2,High/High,Lean (170-),Yes,1400000.0,,Early Crosser,70.0,49.0,65.0,69.0,72.0,65.0,66,46,61,72,45,65,64,36,63,69,71,70,82,70,88,51,78,75,58,53,67,74,67,59,44,66,70,75,73,12,13,8,13,15,,61+2,61+2,61+2,65,64,64,64,65,65+2,65+2,65+2,66+2,67+2,67+2,67+2,66+2,71+2,70+2,70+2,70+2,71+2,71+2,70+2,70+2,70+2,71+2,19+2,https://cdn.sofifa.net/players/194/359/22_120.png,https://cdn.sofifa.net/teams/101150/60.png,https://cdn.sofifa.net/flags/jp.png,,https://cdn.sofifa.net/flags/jp.png
201971,A. Ienaga,家長 昭博,"RW, CAM, RM",73,73,35,Japan,,,Kawasaki Frontale,Japanese J. League Division 1,1200000.0,9000.0,75.0,70.0,73.0,72.0,39.0,66.0,201971,https://sofifa.com/player/201971/akihiro-ienaga/220002,A. Ienaga,"RW, CAM, RM",73,73,1200000.0,9000.0,35,1986-06-13,173,70,111730.0,Kawasaki Frontale,Japanese J. League Division 1,1.0,RW,41.0,,2017-01-24,2022.0,163,Japan,,,,Left,4,3,1,High/Medium,Normal (170-185),Yes,1600000.0,,"Finesse Shot, Technical Dribbler (AI)",75.0,70.0,73.0,72.0,39.0,66.0,69,71,69,76,67,71,75,60,73,75,76,74,72,67,73,70,65,70,66,69,60,44,75,73,71,66,31,36,35,11,13,13,12,13,,72+1,72+1,72+1,73,73,73,73,73,73,73,73,73,70+2,70+2,70+2,73,59+2,58+2,58+2,58+2,59+2,56+2,51+2,51+2,51+2,56+2,18+2,https://cdn.sofifa.net/players/201/971/22_120.png,https://cdn.sofifa.net/teams/111730/60.png,https://cdn.sofifa.net/flags/jp.png,,https://cdn.sofifa.net/flags/jp.png
232610,T. Asano,浅野 佐藤,"RM, LM, CF",73,73,26,Japan,,,VfL Bochum 1848,German 1. Bundesliga,3300000.0,20000.0,90.0,69.0,62.0,75.0,30.0,61.0,232610,https://sofifa.com/player/232610/takuma-asano/220002,T. Asano,"RM, LM, CF",73,73,3300000.0,20000.0,26,1994-11-10,173,71,160.0,VfL Bochum 1848,German 1. Bundesliga,1.0,RM,10.0,,2021-07-01,2024.0,163,Japan,,,,Right,4,3,1,High/Medium,Normal (170-185),No,5900000.0,"#Speedster, #Acrobat",Speed Dribbler (AI),90.0,69.0,62.0,75.0,30.0,61.0,62,73,60,69,65,74,61,39,47,71,91,89,91,76,79,69,79,71,61,59,46,29,71,66,65,70,31,22,20,15,7,6,9,14,,71+2,71+2,71+2,73,73,73,73,73,71+2,71+2,71+2,72+1,63+2,63+2,63+2,72+1,55+2,49+2,49+2,49+2,55+2,52+2,43+2,43+2,43+2,52+2,18+2,https://cdn.sofifa.net/players/232/610/22_120.png,https://cdn.sofifa.net/teams/160/60.png,https://cdn.sofifa.net/flags/de.png,,https://cdn.sofifa.net/flags/jp.png
233138,Y. Kobayashi,小林 悠,"ST, RW",73,73,33,Japan,,,Kawasaki Frontale,Japanese J. League Division 1,1900000.0,12000.0,74.0,74.0,67.0,73.0,30.0,63.0,233138,https://sofifa.com/player/233138/yu-kobayashi/220002,Y. Kobayashi,"ST, RW",73,73,1900000.0,12000.0,33,1987-09-23,177,72,111730.0,Kawasaki Frontale,Japanese J. League Division 1,1.0,SUB,11.0,,2010-01-01,2022.0,163,Japan,,,,Right,4,3,1,High/Medium,Lean (170-185),Yes,2500000.0,,"Flair, Team Player, Technical Dribbler (AI)",74.0,74.0,67.0,73.0,30.0,63.0,71,75,70,69,72,72,57,56,58,73,73,75,85,69,67,71,64,67,69,73,45,31,79,70,73,71,24,24,26,8,9,14,12,14,,73,73,73,73,73,73,73,73,72+1,72+1,72+1,71+2,65+2,65+2,65+2,71+2,54+2,50+2,50+2,50+2,54+2,51+2,44+2,44+2,44+2,51+2,17+2,https://cdn.sofifa.net/players/233/138/22_120.png,https://cdn.sofifa.net/teams/111730/60.png,https://cdn.sofifa.net/flags/jp.png,,https://cdn.sofifa.net/flags/jp.png
233670,A. Fukumori,福森 晃斗,CB,73,73,28,Japan,,,Hokkaido Consadole Sapporo,Japanese J. League Division 1,2600000.0,6000.0,65.0,68.0,75.0,66.0,73.0,76.0,233670,https://sofifa.com/player/233670/akito-fukumori/220002,A. Fukumori,CB,73,73,2600000.0,6000.0,28,1992-12-16,183,75,112444.0,Hokkaido Consadole Sapporo,Japanese J. League Division 1,1.0,LCB,5.0,,2017-01-07,2022.0,163,Japan,,,,Left,3,2,1,High/High,Normal (170-185),No,3300000.0,,"Early Crosser, Long Passer (AI), Long Shot Taker (AI)",65.0,68.0,75.0,66.0,73.0,76.0,76,63,71,73,58,64,74,79,77,71,64,66,63,71,58,76,73,83,76,73,70,73,69,74,69,72,72,74,72,13,10,8,7,5,,69+2,69+2,69+2,69,69,69,69,69,70+2,70+2,70+2,70+2,73,73,73,70+2,73,74-1,74-1,74-1,73,73,73,73,73,73,16+2,https://cdn.sofifa.net/players/233/670/22_120.png,https://cdn.sofifa.net/teams/112444/60.png,https://cdn.sofifa.net/flags/jp.png,,https://cdn.sofifa.net/flags/jp.png
239712,M. Okugawa,奥川 雅也,"CAM, ST",73,76,25,Japan,,,DSC Arminia Bielefeld,German 1. Bundesliga,4000000.0,19000.0,76.0,65.0,68.0,78.0,38.0,42.0,239712,https://sofifa.com/player/239712/masaya-okugawa/220002,M. Okugawa,"CAM, ST",73,76,4000000.0,19000.0,25,1996-04-14,177,62,159.0,DSC Arminia Bielefeld,German 1. Bundesliga,1.0,CAM,11.0,,2021-07-01,2024.0,163,Japan,,,,Left,4,3,1,Medium/Medium,Lean (170-185),No,7500000.0,,"Flair, Technical Dribbler (AI)",76.0,65.0,68.0,78.0,38.0,42.0,70,69,59,72,70,79,62,60,64,77,84,70,86,69,80,53,43,69,32,68,33,39,68,67,65,73,45,29,24,6,8,14,13,13,,67+2,67+2,67+2,73,71,71,71,73,73+2,73+2,73+2,73+2,67+2,67+2,67+2,73+2,58+2,53+2,53+2,53+2,58+2,54+2,43+2,43+2,43+2,54+2,17+2,https://cdn.sofifa.net/players/239/712/22_120.png,https://cdn.sofifa.net/teams/159/60.png,https://cdn.sofifa.net/flags/de.png,,https://cdn.sofifa.net/flags/jp.png
242087,H. Morita,守田 英正,"CDM, CM",73,76,26,Japan,,,Santa Clara,Portuguese Liga ZON SAGRES,3600000.0,6000.0,67.0,60.0,71.0,74.0,69.0,70.0,242087,https://sofifa.com/player/242087/hidemasa-morita/220002,H. Morita,"CDM, CM",73,76,3600000.0,6000.0,26,1995-05-10,177,72,1438.0,Santa Clara,Portuguese Liga ZON SAGRES,1.0,LCM,25.0,,2021-01-07,2024.0,163,Japan,,,,Right,2,2,1,Medium/Medium,Normal (170-185),No,7800000.0,,,67.0,60.0,71.0,74.0,69.0,70.0,70,60,47,76,25,76,72,39,72,75,69,66,69,68,69,67,59,69,71,65,70,68,69,70,45,67,69,76,68,6,10,13,7,8,,65+2,65+2,65+2,70,70,70,70,70,71+2,71+2,71+2,71+2,72+2,72+2,72+2,71+2,71+2,72+2,72+2,72+2,71+2,69+2,68+2,68+2,68+2,69+2,15+2,https://cdn.sofifa.net/players/242/087/22_120.png,https://cdn.sofifa.net/teams/1438/60.png,https://cdn.sofifa.net/flags/pt.png,,https://cdn.sofifa.net/flags/jp.png
245538,K. Furuhashi,古橋 亨梧,"ST, LM",73,76,26,Japan,,,Celtic,Scottish Premiership,4000000.0,43000.0,82.0,74.0,68.0,76.0,41.0,63.0,245538,https://sofifa.com/player/245538/kyogo-furuhashi/220002,K. Furuhashi,"ST, LM",73,76,4000000.0,43000.0,26,1995-01-20,170,63,78.0,Celtic,Scottish Premiership,1.0,LW,8.0,,2021-07-16,2025.0,163,Japan,,,,Right,4,3,1,High/Medium,Lean (170-),No,7500000.0,,"Solid Player, Finesse Shot, Flair, Long Shot Taker (AI), Chip Shot (AI)",82.0,74.0,68.0,76.0,41.0,63.0,67,75,64,69,73,75,72,64,70,73,79,84,86,74,84,72,69,86,49,74,70,36,77,67,70,69,31,47,41,8,7,8,13,14,,73+2,73+2,73+2,74,74,74,74,74,73+2,73+2,73+2,74+2,69+2,69+2,69+2,74+2,61+2,58+2,58+2,58+2,61+2,59+2,51+2,51+2,51+2,59+2,17+2,https://cdn.sofifa.net/players/245/538/22_120.png,https://cdn.sofifa.net/teams/78/60.png,https://cdn.sofifa.net/flags/gb-sct.png,,https://cdn.sofifa.net/flags/jp.png
255565,K. Mitoma,三笘 薫,"LW, LM",73,78,24,Japan,,,Royale Union Saint-Gilloise,Belgian Jupiler Pro League,4600000.0,40000.0,78.0,69.0,67.0,77.0,49.0,62.0,255565,https://sofifa.com/player/255565/kaoru-mitoma/220002,K. Mitoma,"LW, LM",73,78,4600000.0,40000.0,24,1997-05-20,178,71,2014.0,Royale Union Saint-Gilloise,Belgian Jupiler Pro League,1.0,SUB,7.0,Brighton & Hove Albion,,2022.0,163,Japan,,,,Right,3,4,1,Medium/Low,Lean (170-185),No,,,"Speed Dribbler (AI), Outside Foot Shot",78.0,69.0,67.0,77.0,49.0,62.0,57,73,42,76,65,78,65,58,61,76,80,76,84,74,67,63,65,68,60,68,58,53,70,70,58,73,54,46,44,10,13,10,14,9,,69+2,69+2,69+2,73,73,73,73,73,74+2,74+2,74+2,72+2,69+2,69+2,69+2,72+2,63+2,62+2,62+2,62+2,63+2,60+2,55+2,55+2,55+2,60+2,18+2,https://cdn.sofifa.net/players/255/565/22_120.png,https://cdn.sofifa.net/teams/2014/60.png,https://cdn.sofifa.net/flags/be.png,,https://cdn.sofifa.net/flags/jp.png
192985,K. De Bruyne,Kevin De Bruyne,"CM, CAM",91,91,30,Belgium,RCM,7.0,Manchester City,English Premier League,125500000.0,350000.0,76.0,86.0,93.0,88.0,64.0,78.0,192985,https://sofifa.com/player/192985/kevin-de-bruyne/220002,K. De Bruyne,"CM, CAM",91,91,125500000.0,350000.0,30,1991-06-28,181,70,10.0,Manchester City,English Premier League,1.0,RCM,17.0,,2015-08-30,2025.0,7,Belgium,1325.0,RCM,7.0,Right,5,4,4,High/High,Unique,Yes,232200000.0,"#Dribbler, #Playmaker, #Engine, #Distance Shooter, #Crosser, #Complete Midfielder","Injury Prone, Leadership, Early Crosser, Long Passer (AI), Long Shot Taker (AI), Playmaker (AI), Outside Foot Shot",76.0,86.0,93.0,88.0,64.0,78.0,94,82,55,94,82,88,85,83,93,91,76,76,79,91,78,91,63,89,74,91,76,66,88,94,83,89,68,65,53,15,13,5,10,13,,83+3,83+3,83+3,88,87,87,87,88,89+2,89+2,89+2,89+2,89+2,89+2,89+2,89+2,79+3,80+3,80+3,80+3,79+3,75+3,69+3,69+3,69+3,75+3,21+3,https://cdn.sofifa.net/players/192/985/22_120.png,https://cdn.sofifa.net/teams/10/60.png,https://cdn.sofifa.net/flags/gb-eng.png,https://cdn.sofifa.net/teams/1325/60.png,https://cdn.sofifa.net/flags/be.png
192119,T. Courtois,Thibaut Courtois,GK,89,91,29,Belgium,GK,1.0,Real Madrid CF,Spain Primera Division,85500000.0,250000.0,,,,,,,192119,https://sofifa.com/player/192119/thibaut-courtois/220002,T. Courtois,GK,89,91,85500000.0,250000.0,29,1992-05-11,199,96,243.0,Real Madrid CF,Spain Primera Division,1.0,GK,1.0,,2018-08-09,2026.0,7,Belgium,1325.0,GK,1.0,Left,3,1,4,Medium/Medium,Unique,Yes,181700000.0,,"GK Long Throw, Comes For Crosses",,,,,,,14,14,13,33,12,13,19,20,35,23,42,52,62,84,45,56,68,38,70,17,23,15,13,44,27,66,20,18,16,84,89,74,86,88,46.0,31+3,31+3,31+3,29,31,31,31,29,32+3,32+3,32+3,31+3,32+3,32+3,32+3,31+3,29+3,31+3,31+3,31+3,29+3,29+3,29+3,29+3,29+3,29+3,86+3,https://cdn.sofifa.net/players/192/119/22_120.png,https://cdn.sofifa.net/teams/243/60.png,https://cdn.sofifa.net/flags/es.png,https://cdn.sofifa.net/teams/1325/60.png,https://cdn.sofifa.net/flags/be.png
192505,R. Lukaku,Romelu Lukaku Menama,ST,88,88,28,Belgium,ST,9.0,Chelsea,English Premier League,93500000.0,260000.0,84.0,87.0,74.0,78.0,39.0,83.0,192505,https://sofifa.com/player/192505/romelu-lukaku/220002,R. Lukaku,ST,88,88,93500000.0,260000.0,28,1993-05-13,191,94,5.0,Chelsea,English Premier League,1.0,ST,9.0,,2021-08-12,2026.0,7,Belgium,1325.0,ST,9.0,Left,4,3,4,Medium/Medium,Unique,Yes,173000000.0,"#Poacher, #Strength, #Complete Forward","Speed Dribbler (AI), Power Header, Team Player",84.0,87.0,74.0,78.0,39.0,83.0,73,92,89,77,78,83,78,66,70,77,81,87,60,91,52,89,76,71,95,74,71,27,89,75,88,86,30,41,30,8,15,14,7,10,,87+1,87+1,87+1,81,84,84,84,81,80+3,80+3,80+3,80+3,74+3,74+3,74+3,80+3,61+3,59+3,59+3,59+3,61+3,58+3,57+3,57+3,57+3,58+3,19+3,https://cdn.sofifa.net/players/192/505/22_120.png,https://cdn.sofifa.net/teams/5/60.png,https://cdn.sofifa.net/flags/gb-eng.png,https://cdn.sofifa.net/teams/1325/60.png,https://cdn.sofifa.net/flags/be.png
183277,E. Hazard,Eden Hazard,LW,85,85,30,Belgium,LF,10.0,Real Madrid CF,Spain Primera Division,52000000.0,240000.0,84.0,80.0,82.0,88.0,35.0,63.0,183277,https://sofifa.com/player/183277/eden-hazard/220002,E. Hazard,LW,85,85,52000000.0,240000.0,30,1991-01-07,175,74,243.0,Real Madrid CF,Spain Primera Division,1.0,LW,7.0,,2019-07-01,2024.0,7,Belgium,1325.0,LF,10.0,Right,4,4,4,Medium/Medium,Unique,Yes,106600000.0,#Dribbler,"Injury Prone, Finesse Shot, Flair, Playmaker (AI), Outside Foot Shot, Technical Dribbler (AI)",84.0,80.0,82.0,88.0,35.0,63.0,77,78,61,85,82,89,83,79,81,88,86,82,87,79,89,82,55,77,61,77,54,41,83,84,87,89,34,27,22,11,12,6,8,8,,79+3,79+3,79+3,84,83,83,83,84,84+1,84+1,84+1,83+2,78+3,78+3,78+3,83+2,63+3,61+3,61+3,61+3,63+3,58+3,48+3,48+3,48+3,58+3,17+3,https://cdn.sofifa.net/players/183/277/22_120.png,https://cdn.sofifa.net/teams/243/60.png,https://cdn.sofifa.net/flags/es.png,https://cdn.sofifa.net/teams/1325/60.png,https://cdn.sofifa.net/flags/be.png
175943,D. Mertens,Dries Mertens,"CF, ST, CAM",84,84,34,Belgium,RF,14.0,Napoli,Italian Serie A,20500000.0,105000.0,85.0,82.0,80.0,88.0,34.0,50.0,175943,https://sofifa.com/player/175943/dries-mertens/220002,D. Mertens,"CF, ST, CAM",84,84,20500000.0,105000.0,34,1987-05-06,169,61,48.0,Napoli,Italian Serie A,1.0,SUB,14.0,,2013-07-01,2022.0,7,Belgium,1325.0,RF,14.0,Right,4,4,3,High/Low,Unique,Yes,34900000.0,"#Dribbler, #Acrobat","Finesse Shot, Flair, Long Shot Taker (AI), Outside Foot Shot, Technical Dribbler (AI)",85.0,82.0,80.0,88.0,34.0,50.0,73,84,40,84,70,88,82,82,72,88,90,80,93,80,92,80,58,66,37,81,59,36,82,84,79,81,23,40,40,7,10,8,10,4,,77+3,77+3,77+3,84,83,83,83,84,84,84,84,82+2,77+3,77+3,77+3,82+2,63+3,59+3,59+3,59+3,63+3,58+3,46+3,46+3,46+3,58+3,16+3,https://cdn.sofifa.net/players/175/943/22_120.png,https://cdn.sofifa.net/teams/48/60.png,https://cdn.sofifa.net/flags/it.png,https://cdn.sofifa.net/teams/1325/60.png,https://cdn.sofifa.net/flags/be.png
208418,Y. Carrasco,Yannick Ferreira Carrasco,"LM, ST",84,84,27,Belgium,SUB,11.0,Atlético de Madrid,Spain Primera Division,45000000.0,81000.0,88.0,81.0,78.0,85.0,45.0,67.0,208418,https://sofifa.com/player/208418/yannick-carrasco/220002,Y. Carrasco,"LM, ST",84,84,45000000.0,81000.0,27,1993-09-04,185,73,240.0,Atlético de Madrid,Spain Primera Division,1.0,LM,21.0,,2020-09-08,2024.0,7,Belgium,1325.0,SUB,11.0,Right,4,4,3,High/High,Lean (185+),Yes,92300000.0,#Acrobat,"Flair, Long Shot Taker (AI), Speed Dribbler (AI)",88.0,81.0,78.0,85.0,45.0,67.0,81,81,53,79,70,88,81,79,73,85,89,88,87,80,73,85,71,80,61,82,65,43,80,77,81,79,44,47,35,9,11,9,10,10,,79+3,79+3,79+3,83,82,82,82,83,82+2,82+2,82+2,82+2,76+3,76+3,76+3,82+2,67+3,63+3,63+3,63+3,67+3,63+3,54+3,54+3,54+3,63+3,18+3,https://cdn.sofifa.net/players/208/418/22_120.png,https://cdn.sofifa.net/teams/240/60.png,https://cdn.sofifa.net/flags/es.png,https://cdn.sofifa.net/teams/1325/60.png,https://cdn.sofifa.net/flags/be.png
216393,Y. Tielemans,Youri Tielemans,"CM, CDM",84,87,24,Belgium,LCM,8.0,Leicester City,English Premier League,57000000.0,125000.0,63.0,79.0,86.0,80.0,71.0,72.0,216393,https://sofifa.com/player/216393/youri-tielemans/220002,Y. Tielemans,"CM, CDM",84,87,57000000.0,125000.0,24,1997-05-07,176,72,95.0,Leicester City,English Premier League,1.0,RDM,8.0,,2019-07-08,2023.0,7,Belgium,1325.0,LCM,8.0,Right,5,4,2,Medium/Medium,Normal (170-185),Yes,112600000.0,#Playmaker ,"Solid Player, Long Passer (AI), Long Shot Taker (AI), Playmaker (AI)",63.0,79.0,86.0,80.0,71.0,72.0,82,74,67,89,78,79,81,78,88,85,67,59,67,83,77,87,66,81,69,86,68,74,80,87,73,86,70,73,69,6,8,10,14,12,,77+2,77+2,77+2,79,80,80,80,79,82+2,82+2,82+2,80+2,84+2,84+2,84+2,80+2,77+2,79+2,79+2,79+2,77+2,75+2,72+2,72+2,72+2,75+2,18+2,https://cdn.sofifa.net/players/216/393/22_120.png,https://cdn.sofifa.net/teams/95/60.png,https://cdn.sofifa.net/flags/gb-eng.png,https://cdn.sofifa.net/teams/1325/60.png,https://cdn.sofifa.net/flags/be.png
177413,A. Witsel,Axel Witsel,"CDM, CM",83,83,32,Belgium,SUB,6.0,Borussia Dortmund,German 1. Bundesliga,24000000.0,72000.0,61.0,72.0,81.0,79.0,82.0,79.0,177413,https://sofifa.com/player/177413/axel-witsel/220002,A. Witsel,"CDM, CM",83,83,24000000.0,72000.0,32,1989-01-12,186,81,22.0,Borussia Dortmund,German 1. Bundesliga,1.0,SUB,28.0,,2018-08-17,2022.0,7,Belgium,1325.0,SUB,6.0,Right,4,4,3,Medium/Medium,Unique,Yes,40800000.0,,"Solid Player, Leadership",61.0,72.0,81.0,79.0,82.0,79.0,69,71,84,90,77,78,71,68,83,81,60,61,71,85,70,75,78,76,82,71,75,83,73,79,76,90,82,80,80,5,7,7,10,7,,76+3,76+3,76+3,75,77,77,77,75,78+3,78+3,78+3,76+3,81+2,81+2,81+2,76+3,78+3,82+1,82+1,82+1,78+3,78+3,81+2,81+2,81+2,78+3,16+3,https://cdn.sofifa.net/players/177/413/22_120.png,https://cdn.sofifa.net/teams/22/60.png,https://cdn.sofifa.net/flags/de.png,https://cdn.sofifa.net/teams/1325/60.png,https://cdn.sofifa.net/flags/be.png
184087,T. Alderweireld,Toby Alderweireld,CB,83,83,32,Belgium,RCB,2.0,,,,,58.0,55.0,70.0,67.0,86.0,77.0,184087,https://sofifa.com/player/184087/toby-alderweireld/220002,T. Alderweireld,CB,83,83,,,32,1989-03-02,186,81,,,,,,,,,,7,Belgium,1325.0,RCB,2.0,Right,3,2,3,Medium/Medium,Normal (185+),Yes,,,Long Passer (AI),58.0,55.0,70.0,67.0,86.0,77.0,64,45,81,77,38,62,63,59,81,75,55,60,54,85,62,78,81,76,77,58,79,85,52,62,58,86,87,87,84,16,6,14,16,14,,65+3,65+3,65+3,63,65,65,65,63,66+3,66+3,66+3,66+3,73+3,73+3,73+3,66+3,77+3,81+2,81+2,81+2,77+3,78+3,82+1,82+1,82+1,78+3,21+3,https://cdn.sofifa.net/players/184/087/22_120.png,,,https://cdn.sofifa.net/teams/1325/60.png,https://cdn.sofifa.net/flags/be.png
203486,T. Hazard,Thorgan Hazard,"LM, CF",82,82,28,Belgium,LM,16.0,Borussia Dortmund,German 1. Bundesliga,30500000.0,75000.0,80.0,76.0,80.0,85.0,52.0,66.0,203486,https://sofifa.com/player/203486/thorgan-hazard/220002,T. Hazard,"LM, CF",82,82,30500000.0,75000.0,28,1993-03-29,175,71,22.0,Borussia Dortmund,German 1. Bundesliga,1.0,SUB,10.0,,2019-07-01,2024.0,7,Belgium,1325.0,LM,16.0,Right,4,4,2,High/High,Lean (170-185),Yes,51900000.0,"#Dribbler, #Acrobat","Flair, Technical Dribbler (AI)",80.0,76.0,80.0,85.0,52.0,66.0,81,74,39,82,77,86,82,81,72,84,84,76,91,81,88,77,60,78,65,76,57,63,80,82,79,78,56,46,48,6,9,7,7,8,,75+2,75+2,75+2,82,80,80,80,82,81+1,81+1,81+1,81+1,78+2,78+2,78+2,81+1,71+2,68+2,68+2,68+2,71+2,67+2,58+2,58+2,58+2,67+2,16+2,https://cdn.sofifa.net/players/203/486/22_120.png,https://cdn.sofifa.net/teams/22/60.png,https://cdn.sofifa.net/flags/de.png,https://cdn.sofifa.net/teams/1325/60.png,https://cdn.sofifa.net/flags/be.png
172871,J. Vertonghen,Jan Vertonghen,CB,81,81,34,Belgium,LCB,5.0,SL Benfica,Portuguese Liga ZON SAGRES,8500000.0,18000.0,76.0,62.0,72.0,67.0,83.0,78.0,172871,https://sofifa.com/player/172871/jan-vertonghen/220002,J. Vertonghen,CB,81,81,8500000.0,18000.0,34,1987-04-24,189,86,234.0,SL Benfica,Portuguese Liga ZON SAGRES,1.0,LCB,5.0,,2020-08-14,2023.0,7,Belgium,1325.0,LCB,5.0,Left,3,3,3,High/High,Normal (185+),Yes,17000000.0,,Power Free-Kick,76.0,62.0,72.0,67.0,83.0,78.0,70,54,78,76,52,64,66,70,74,70,74,78,56,81,60,80,89,72,80,66,80,79,56,66,66,81,84,84,85,6,10,9,12,7,,68+3,68+3,68+3,67,68,68,68,67,68+3,68+3,68+3,69+3,71+3,71+3,71+3,69+3,77+3,78+3,78+3,78+3,77+3,78+3,81,81,81,78+3,17+3,https://cdn.sofifa.net/players/172/871/22_120.png,https://cdn.sofifa.net/teams/234/60.png,https://cdn.sofifa.net/flags/pt.png,https://cdn.sofifa.net/teams/1325/60.png,https://cdn.sofifa.net/flags/be.png
173426,S. Mignolet,Simon Luc Hildebert Mignolet,GK,80,80,33,Belgium,SUB,12.0,Club Brugge KV,Belgian Jupiler Pro League,7000000.0,24000.0,,,,,,,173426,https://sofifa.com/player/173426/simon-mignolet/220002,S. Mignolet,GK,80,80,7000000.0,24000.0,33,1988-03-06,193,87,231.0,Club Brugge KV,Belgian Jupiler Pro League,1.0,GK,22.0,,2019-08-05,2025.0,7,Belgium,1325.0,SUB,12.0,Right,3,1,3,Medium/Medium,Normal (185+),Yes,9800000.0,,"Leadership, Team Player, Rushes Out Of Goal, Comes For Crosses, Saves with Feet",,,,,,,11,11,16,37,16,14,16,12,34,26,50,52,34,74,52,57,69,31,72,16,34,21,14,43,41,61,7,14,16,80,75,76,84,82,51.0,31+3,31+3,31+3,29,31,31,31,29,32+3,32+3,32+3,30+3,32+3,32+3,32+3,30+3,28+3,31+3,31+3,31+3,28+3,27+3,29+3,29+3,29+3,27+3,79+1,https://cdn.sofifa.net/players/173/426/22_120.png,https://cdn.sofifa.net/teams/231/60.png,https://cdn.sofifa.net/flags/be.png,https://cdn.sofifa.net/teams/1325/60.png,https://cdn.sofifa.net/flags/be.png
220182,J. Denayer,Jason Denayer,CB,80,83,26,Belgium,CB,3.0,Olympique Lyonnais,French Ligue 1,24500000.0,64000.0,83.0,43.0,67.0,71.0,81.0,81.0,220182,https://sofifa.com/player/220182/jason-denayer/220002,J. Denayer,CB,80,83,24500000.0,64000.0,26,1995-06-28,184,80,66.0,Olympique Lyonnais,French Ligue 1,1.0,LCB,5.0,,2018-08-21,2022.0,7,Belgium,1325.0,CB,3.0,Right,3,2,3,Medium/High,Normal (170-185),Yes,48400000.0,,"Leadership, Team Player",83.0,43.0,67.0,71.0,81.0,81.0,58,42,77,77,35,69,52,29,71,73,82,83,69,80,62,57,82,81,83,36,76,82,36,67,39,79,79,82,81,7,10,15,15,15,,61+3,61+3,61+3,65,63,63,63,65,66+3,66+3,66+3,68+3,70+3,70+3,70+3,68+3,77+3,78+3,78+3,78+3,77+3,78+3,80+3,80+3,80+3,78+3,19+3,https://cdn.sofifa.net/players/220/182/22_120.png,https://cdn.sofifa.net/teams/66/60.png,https://cdn.sofifa.net/flags/fr.png,https://cdn.sofifa.net/teams/1325/60.png,https://cdn.sofifa.net/flags/be.png
222501,T. Castagne,Timothy Castagne,"RB, RM",79,82,25,Belgium,SUB,21.0,Leicester City,English Premier League,21500000.0,84000.0,78.0,57.0,71.0,76.0,75.0,70.0,222501,https://sofifa.com/player/222501/timothy-castagne/220002,T. Castagne,"RB, RM",79,82,21500000.0,84000.0,25,1995-12-05,180,80,95.0,Leicester City,English Premier League,1.0,SUB,27.0,,2020-09-03,2025.0,7,Belgium,1325.0,SUB,21.0,Right,3,3,1,High/High,Lean (170-185),No,42500000.0,,Early Crosser,78.0,57.0,71.0,76.0,75.0,70.0,79,59,69,75,40,77,58,33,70,78,77,78,71,78,66,62,72,84,64,52,68,78,77,69,27,68,77,75,72,14,9,15,10,15,,69+2,69+2,69+2,74,73,73,73,74,73+2,73+2,73+2,76+2,74+2,74+2,74+2,76+2,77+2,75+2,75+2,75+2,77+2,77+2,73+2,73+2,73+2,77+2,19+2,https://cdn.sofifa.net/players/222/501/22_120.png,https://cdn.sofifa.net/teams/95/60.png,https://cdn.sofifa.net/flags/gb-eng.png,https://cdn.sofifa.net/teams/1325/60.png,https://cdn.sofifa.net/flags/be.png
197837,D. Boyata,Anga Dedryck Boyata,CB,78,78,30,Belgium,SUB,4.0,Hertha BSC,German 1. Bundesliga,11500000.0,42000.0,70.0,29.0,52.0,58.0,79.0,83.0,197837,https://sofifa.com/player/197837/dedryck-boyata/220002,D. Boyata,CB,78,78,11500000.0,42000.0,30,1990-11-28,188,84,166.0,Hertha BSC,German 1. Bundesliga,1.0,RCB,20.0,,2019-07-01,2024.0,7,Belgium,1325.0,SUB,4.0,Right,3,2,2,Medium/High,Normal (185+),Yes,19600000.0,#Strength,"Injury Prone, Power Header",70.0,29.0,52.0,58.0,79.0,83.0,46,20,80,72,36,53,34,13,60,60,68,72,64,64,62,55,85,73,88,25,80,77,39,32,13,66,77,81,82,11,8,13,13,8,,53+2,53+2,53+2,51,51,51,51,51,52+2,52+2,52+2,55+2,57+2,57+2,57+2,55+2,69+2,71+2,71+2,71+2,69+2,72+2,78,78,78,72+2,16+2,https://cdn.sofifa.net/players/197/837/22_120.png,https://cdn.sofifa.net/teams/166/60.png,https://cdn.sofifa.net/flags/de.png,https://cdn.sofifa.net/teams/1325/60.png,https://cdn.sofifa.net/flags/be.png
199652,D. Praet,Dennis Praet,"CM, RM",78,78,27,Belgium,SUB,19.0,Torino F.C.,Italian Serie A,15000000.0,87000.0,67.0,72.0,78.0,79.0,63.0,66.0,199652,https://sofifa.com/player/199652/dennis-praet/220002,D. Praet,"CM, RM",78,78,15000000.0,87000.0,27,1994-05-14,181,78,54.0,Torino F.C.,Italian Serie A,1.0,SUB,22.0,Leicester City,,2022.0,7,Belgium,1325.0,SUB,19.0,Right,4,4,2,Medium/Medium,Normal (170-185),Yes,,,Technical Dribbler (AI),67.0,72.0,78.0,79.0,63.0,66.0,74,70,62,82,70,81,75,67,78,80,68,67,74,77,67,76,61,74,62,78,66,64,77,79,56,79,58,67,60,6,6,10,14,10,,73+2,73+2,73+2,76,77,77,77,76,78,78,78,77+1,78,78,78,77+1,71+2,71+2,71+2,71+2,71+2,69+2,65+2,65+2,65+2,69+2,17+2,https://cdn.sofifa.net/players/199/652/22_120.png,https://cdn.sofifa.net/teams/54/60.png,https://cdn.sofifa.net/flags/it.png,https://cdn.sofifa.net/teams/1325/60.png,https://cdn.sofifa.net/flags/be.png
199641,M. Sels,Matz Sels,GK,77,79,29,Belgium,SUB,13.0,RC Strasbourg Alsace,French Ligue 1,8500000.0,20000.0,,,,,,,199641,https://sofifa.com/player/199641/matz-sels/220002,M. Sels,GK,77,79,8500000.0,20000.0,29,1992-02-26,190,88,76.0,RC Strasbourg Alsace,French Ligue 1,1.0,GK,1.0,,2018-07-26,2024.0,7,Belgium,1325.0,SUB,13.0,Right,2,1,2,Medium/Medium,Normal (185+),No,17600000.0,,Injury Prone,,,,,,,16,16,14,38,19,19,17,17,32,33,37,35,36,74,34,56,70,26,67,18,29,17,18,49,22,62,14,15,14,76,75,75,76,76,36.0,32+2,32+2,32+2,30,33,33,33,30,34+2,34+2,34+2,32+2,34+2,34+2,34+2,32+2,27+2,31+2,31+2,31+2,27+2,26+2,28+2,28+2,28+2,26+2,76+2,https://cdn.sofifa.net/players/199/641/22_120.png,https://cdn.sofifa.net/teams/76/60.png,https://cdn.sofifa.net/flags/fr.png,https://cdn.sofifa.net/teams/1325/60.png,https://cdn.sofifa.net/flags/be.png
202371,T. Meunier,Thomas Meunier,"RB, RM",77,77,29,Belgium,RM,15.0,Borussia Dortmund,German 1. Bundesliga,9500000.0,48000.0,73.0,74.0,72.0,72.0,73.0,80.0,202371,https://sofifa.com/player/202371/thomas-meunier/220002,T. Meunier,"RB, RM",77,77,9500000.0,48000.0,29,1991-09-12,191,90,22.0,Borussia Dortmund,German 1. Bundesliga,1.0,RB,24.0,,2020-07-01,2024.0,7,Belgium,1325.0,RM,15.0,Right,4,3,2,High/Medium,Normal (185+),Yes,16200000.0,,Outside Foot Shot,73.0,74.0,72.0,72.0,73.0,80.0,77,70,72,71,77,75,75,56,72,73,67,77,63,72,47,80,72,83,83,77,73,75,75,71,65,74,69,75,80,8,13,15,6,9,,74+2,74+2,74+2,73,73,73,73,73,72+2,72+2,72+2,74+2,73+2,73+2,73+2,74+2,75+2,74+2,74+2,74+2,75+2,75+2,75+2,75+2,75+2,75+2,16+2,https://cdn.sofifa.net/players/202/371/22_120.png,https://cdn.sofifa.net/teams/22/60.png,https://cdn.sofifa.net/flags/de.png,https://cdn.sofifa.net/teams/1325/60.png,https://cdn.sofifa.net/flags/be.png
207421,L. Trossard,Leandro Trossard,"LM, LW, ST",77,78,26,Belgium,SUB,20.0,Brighton & Hove Albion,English Premier League,12500000.0,55000.0,82.0,76.0,74.0,80.0,30.0,61.0,207421,https://sofifa.com/player/207421/leandro-trossard/220002,L. Trossard,"LM, LW, ST",77,78,12500000.0,55000.0,26,1994-12-04,172,67,1808.0,Brighton & Hove Albion,English Premier League,1.0,CAM,11.0,,2019-07-01,2023.0,7,Belgium,1325.0,SUB,20.0,Right,4,4,1,High/Medium,Normal (170-185),Yes,24700000.0,#Acrobat,"Flair, Long Shot Taker (AI), Outside Foot Shot, Technical Dribbler (AI)",82.0,76.0,74.0,80.0,30.0,61.0,74,76,62,75,74,79,81,69,73,77,89,76,92,72,85,76,78,71,60,79,47,18,75,74,75,80,30,31,18,14,8,11,7,7,,74+2,74+2,74+2,77,76,76,76,77,77+1,77+1,77+1,76+2,70+2,70+2,70+2,76+2,55+2,52+2,52+2,52+2,55+2,51+2,43+2,43+2,43+2,51+2,16+2,https://cdn.sofifa.net/players/207/421/22_120.png,https://cdn.sofifa.net/teams/1808/60.png,https://cdn.sofifa.net/flags/gb-eng.png,https://cdn.sofifa.net/teams/1325/60.png,https://cdn.sofifa.net/flags/be.png
212501,L. Dendoncker,Leander Dendoncker,"CM, CB",77,80,26,Belgium,SUB,22.0,Wolverhampton Wanderers,English Premier League,13500000.0,71000.0,61.0,72.0,77.0,71.0,78.0,82.0,212501,https://sofifa.com/player/212501/leander-dendoncker/220002,L. Dendoncker,"CM, CB",77,80,13500000.0,71000.0,26,1995-04-15,189,88,110.0,Wolverhampton Wanderers,English Premier League,1.0,SUB,32.0,,2019-07-01,2023.0,7,Belgium,1325.0,SUB,22.0,Right,4,2,2,High/High,Normal (185+),Yes,26700000.0,,"Solid Player, Long Shot Taker (AI)",61.0,72.0,77.0,71.0,78.0,82.0,75,66,79,81,71,73,73,71,78,76,53,68,55,73,54,85,73,83,85,76,75,77,76,75,55,77,78,78,75,14,8,14,14,6,,74+2,74+2,74+2,72,74,74,74,72,74+2,74+2,74+2,73+2,77+2,77+2,77+2,73+2,76+2,78+2,78+2,78+2,76+2,75+2,78+2,78+2,78+2,75+2,18+2,https://cdn.sofifa.net/players/212/501/22_120.png,https://cdn.sofifa.net/teams/110/60.png,https://cdn.sofifa.net/flags/gb-eng.png,https://cdn.sofifa.net/teams/1325/60.png,https://cdn.sofifa.net/flags/be.png
204529,M. Batshuayi,Michy Batshuayi Tunga,ST,76,76,27,Belgium,SUB,23.0,Beşiktaş JK,Turkish Süper Lig,8000000.0,88000.0,73.0,77.0,59.0,76.0,33.0,69.0,204529,https://sofifa.com/player/204529/michy-batshuayi/220002,M. Batshuayi,ST,76,76,8000000.0,88000.0,27,1993-10-02,185,78,327.0,Beşiktaş JK,Turkish Süper Lig,1.0,ST,9.0,Chelsea,,2022.0,7,Belgium,1325.0,SUB,23.0,Right,5,4,2,Medium/Low,Normal (185+),Yes,,,Flair,73.0,77.0,59.0,76.0,33.0,69.0,65,78,75,62,76,76,66,46,38,77,74,73,75,76,71,81,80,52,79,73,63,23,78,64,67,81,37,26,22,9,10,16,7,15,,76,76,76,73,74,74,74,73,71+2,71+2,71+2,70+2,61+2,61+2,61+2,70+2,52+2,48+2,48+2,48+2,52+2,49+2,48+2,48+2,48+2,49+2,18+2,https://cdn.sofifa.net/players/204/529/22_120.png,https://cdn.sofifa.net/teams/327/60.png,https://cdn.sofifa.net/flags/tr.png,https://cdn.sofifa.net/teams/1325/60.png,https://cdn.sofifa.net/flags/be.png
157304,T. Vermaelen,Thomas Vermaelen,CB,75,75,35,Belgium,SUB,18.0,Vissel Kobe,Japanese J. League Division 1,1500000.0,7000.0,51.0,58.0,68.0,59.0,76.0,69.0,157304,https://sofifa.com/player/157304/thomas-vermaelen/220002,T. Vermaelen,CB,75,75,1500000.0,7000.0,35,1985-11-14,183,80,101146.0,Vissel Kobe,Japanese J. League Division 1,1.0,LCB,4.0,,2019-07-27,2022.0,7,Belgium,1325.0,SUB,18.0,Left,3,2,3,Medium/Medium,Normal (170-185),Yes,2000000.0,,"Injury Prone, Power Header",51.0,58.0,68.0,59.0,76.0,69.0,62,51,79,74,46,52,61,64,74,67,53,50,61,65,53,72,61,37,84,66,72,76,42,62,62,76,78,75,73,9,10,7,11,15,,61+3,61+3,61+3,58,59,59,59,58,61+3,61+3,61+3,58+3,64+3,64+3,64+3,58+3,65+3,71+3,71+3,71+3,65+3,67+3,75,75,75,67+3,17+3,https://cdn.sofifa.net/players/157/304/22_120.png,https://cdn.sofifa.net/teams/101146/60.png,https://cdn.sofifa.net/flags/jp.png,https://cdn.sofifa.net/teams/1325/60.png,https://cdn.sofifa.net/flags/be.png
184111,C. Benteke,Christian Benteke Liolo,ST,75,75,30,Belgium,SUB,17.0,Crystal Palace,English Premier League,5500000.0,50000.0,54.0,76.0,62.0,68.0,32.0,75.0,184111,https://sofifa.com/player/184111/christian-benteke/220002,C. Benteke,ST,75,75,5500000.0,50000.0,30,1990-12-03,190,83,1799.0,Crystal Palace,English Premier League,1.0,ST,20.0,,2016-08-20,2023.0,7,Belgium,1325.0,SUB,17.0,Right,2,2,2,Medium/Low,Lean (185+),Yes,10500000.0,#Strength,"Injury Prone, Power Header",54.0,76.0,62.0,68.0,32.0,75.0,58,76,85,66,76,64,61,64,51,77,51,56,61,76,43,81,87,59,87,70,60,29,77,69,71,71,28,25,18,14,5,12,8,5,,75,75,75,68,71,71,71,68,69+2,69+2,69+2,66+2,63+2,63+2,63+2,66+2,49+2,51+2,51+2,51+2,49+2,47+2,49+2,49+2,49+2,47+2,16+2,https://cdn.sofifa.net/players/184/111/22_120.png,https://cdn.sofifa.net/teams/1799/60.png,https://cdn.sofifa.net/flags/gb-eng.png,https://cdn.sofifa.net/teams/1325/60.png,https://cdn.sofifa.net/flags/be.png
234396,A. Davies,Alphonso Boyle Davies,"LB, LM",82,89,20,Canada,LM,12.0,FC Bayern München,German 1. Bundesliga,57000000.0,59000.0,96.0,67.0,71.0,82.0,75.0,75.0,234396,https://sofifa.com/player/234396/alphonso-davies/220002,A. Davies,"LB, LM",82,89,57000000.0,59000.0,20,2000-11-02,183,75,21.0,FC Bayern München,German 1. Bundesliga,1.0,LB,19.0,,2019-01-01,2025.0,70,Canada,111455.0,LM,12.0,Left,4,4,3,High/Low,Unique,Yes,105500000.0,#Speedster,"Flair, Speed Dribbler (AI)",96.0,67.0,71.0,82.0,75.0,75.0,74,67,64,81,59,85,67,44,58,79,96,96,85,81,82,71,77,79,72,63,77,78,75,68,60,74,74,77,79,11,11,6,5,14,,75+3,75+3,75+3,79,78,78,78,79,77+3,77+3,77+3,79+3,74+3,74+3,74+3,79+3,80+3,76+3,76+3,76+3,80+3,80+3,76+3,76+3,76+3,80+3,18+3,https://cdn.sofifa.net/players/234/396/22_120.png,https://cdn.sofifa.net/teams/21/60.png,https://cdn.sofifa.net/flags/de.png,https://cdn.sofifa.net/teams/111455/60.png,https://cdn.sofifa.net/flags/ca.png
243630,J. David,Jonathan Christian David,ST,78,86,21,Canada,CAM,20.0,LOSC Lille,French Ligue 1,32000000.0,31000.0,85.0,76.0,71.0,78.0,25.0,70.0,243630,https://sofifa.com/player/243630/jonathan-david/220002,J. David,ST,78,86,32000000.0,31000.0,21,2000-01-14,177,77,65.0,LOSC Lille,French Ligue 1,1.0,RS,9.0,,2020-08-11,2025.0,70,Canada,111455.0,CAM,20.0,Right,5,3,2,High/High,Normal (170-185),Yes,67200000.0,,"Solid Player, Outside Foot Shot",85.0,76.0,71.0,78.0,25.0,70.0,67,80,72,78,71,79,58,48,70,78,83,87,77,74,71,75,86,85,75,70,33,17,80,73,75,81,21,21,19,7,7,11,7,7,,78+2,78+2,78+2,78,78,78,78,78,77+2,77+2,77+2,78+2,70+2,70+2,70+2,78+2,55+2,51+2,51+2,51+2,55+2,51+2,43+2,43+2,43+2,51+2,15+2,https://cdn.sofifa.net/players/243/630/22_120.png,https://cdn.sofifa.net/teams/65/60.png,https://cdn.sofifa.net/flags/fr.png,https://cdn.sofifa.net/teams/111455/60.png,https://cdn.sofifa.net/flags/ca.png
134744,A. Hutchinson,Atiba Hutchinson,"CDM, CM",76,76,38,Canada,RDM,13.0,Beşiktaş JK,Turkish Süper Lig,1500000.0,26000.0,60.0,64.0,73.0,71.0,75.0,74.0,134744,https://sofifa.com/player/134744/atiba-hutchinson/220002,A. Hutchinson,"CDM, CM",76,76,1500000.0,26000.0,38,1983-02-08,187,83,327.0,Beşiktaş JK,Turkish Süper Lig,1.0,SUB,13.0,,2013-07-31,2022.0,70,Canada,111455.0,RDM,13.0,Right,4,2,2,High/Medium,Lean (185+),No,2900000.0,,"Leadership, Power Header, Team Player",60.0,64.0,73.0,71.0,75.0,74.0,69,61,75,82,63,73,67,64,74,72,65,55,59,75,55,73,64,81,74,59,67,75,71,66,75,84,76,77,68,8,12,9,6,16,,70+2,70+2,70+2,69,70,70,70,69,70+2,70+2,70+2,71+2,74+2,74+2,74+2,71+2,73+2,75+1,75+1,75+1,73+2,73+2,74+2,74+2,74+2,73+2,18+2,https://cdn.sofifa.net/players/134/744/22_120.png,https://cdn.sofifa.net/teams/327/60.png,https://cdn.sofifa.net/flags/tr.png,https://cdn.sofifa.net/teams/111455/60.png,https://cdn.sofifa.net/flags/ca.png
205211,M. Borjan,Milan Borjan,GK,76,76,33,Canada,GK,18.0,,,,,,,,,,,205211,https://sofifa.com/player/205211/milan-borjan/220002,M. Borjan,GK,76,76,,,33,1987-10-23,196,84,,,,,,,,,,70,Canada,111455.0,GK,18.0,Right,2,1,1,Medium/Medium,Normal (185+),No,,,"Leadership, Comes For Crosses",,,,,,,15,12,24,38,19,28,16,16,48,23,47,40,40,73,46,56,68,40,79,12,44,24,14,57,23,60,21,23,21,78,74,74,74,73,44.0,33+2,33+2,33+2,31,33,33,33,31,35+2,35+2,35+2,34+2,37+2,37+2,37+2,34+2,31+2,37+2,37+2,37+2,31+2,31+2,35+2,35+2,35+2,31+2,75+1,https://cdn.sofifa.net/players/205/211/22_120.png,,,https://cdn.sofifa.net/teams/111455/60.png,https://cdn.sofifa.net/flags/ca.png
242380,Stephen Eustáquio,Stephen Antunes Eustáquio,"CDM, CM",76,82,24,Canada,SUB,8.0,FC Paços de Ferreira,Portuguese Liga ZON SAGRES,11000000.0,9000.0,66.0,61.0,75.0,72.0,72.0,72.0,242380,https://sofifa.com/player/242380/stephen-antunes-eustaquio/220002,Stephen Eustáquio,"CDM, CM",76,82,11000000.0,9000.0,24,1996-12-21,178,66,1892.0,FC Paços de Ferreira,Portuguese Liga ZON SAGRES,1.0,CDM,46.0,,2020-09-15,2024.0,70,Canada,111455.0,SUB,8.0,Right,3,2,1,Medium/Medium,Lean (170-185),No,25300000.0,,,66.0,61.0,75.0,72.0,72.0,72.0,72,55,55,77,55,70,74,65,75,75,68,65,71,76,72,69,76,81,69,67,68,75,62,75,64,76,70,76,73,6,5,13,7,11,,65+2,65+2,65+2,69,69,69,69,69,71+2,71+2,71+2,71+2,74+2,74+2,74+2,71+2,74+2,75+2,75+2,75+2,74+2,73+2,71+2,71+2,71+2,73+2,15+2,https://cdn.sofifa.net/players/242/380/22_120.png,https://cdn.sofifa.net/teams/1892/60.png,https://cdn.sofifa.net/flags/pt.png,https://cdn.sofifa.net/teams/111455/60.png,https://cdn.sofifa.net/flags/ca.png
226777,C. Larin,Cyle Christopher Larin,"ST, LW, RW",75,76,26,Canada,SUB,9.0,Beşiktaş JK,Turkish Süper Lig,6500000.0,41000.0,71.0,74.0,59.0,70.0,26.0,80.0,226777,https://sofifa.com/player/226777/cyle-larin/220002,C. Larin,"ST, LW, RW",75,76,6500000.0,41000.0,26,1995-04-17,188,90,327.0,Beşiktaş JK,Turkish Süper Lig,1.0,SUB,17.0,,2018-01-31,2022.0,70,Canada,111455.0,SUB,9.0,Right,4,3,1,High/Low,Normal (185+),Yes,12800000.0,#Strength,Solid Player,71.0,74.0,59.0,70.0,26.0,80.0,55,75,75,69,61,73,60,22,40,72,70,71,63,73,48,80,68,77,91,69,59,22,75,67,63,68,21,18,20,12,9,8,12,7,,75+1,75+1,75+1,70,72,72,72,70,70+2,70+2,70+2,69+2,62+2,62+2,62+2,69+2,51+2,48+2,48+2,48+2,51+2,47+2,45+2,45+2,45+2,47+2,17+2,https://cdn.sofifa.net/players/226/777/22_120.png,https://cdn.sofifa.net/teams/327/60.png,https://cdn.sofifa.net/flags/tr.png,https://cdn.sofifa.net/teams/111455/60.png,https://cdn.sofifa.net/flags/ca.png
178287,S. Arfield,Scott Harry Nathaniel Arfield,CM,73,73,32,Canada,LDM,21.0,Rangers FC,Scottish Premiership,2400000.0,39000.0,55.0,68.0,71.0,73.0,66.0,73.0,178287,https://sofifa.com/player/178287/scott-arfield/220002,S. Arfield,CM,73,73,2400000.0,39000.0,32,1988-11-01,179,80,86.0,Rangers FC,Scottish Premiership,1.0,SUB,37.0,,2018-07-01,2022.0,70,Canada,111455.0,LDM,21.0,Right,3,3,2,High/High,Normal (170-185),Yes,4300000.0,,"Solid Player, Team Player",55.0,68.0,71.0,73.0,66.0,73.0,68,69,59,74,61,72,72,59,73,74,54,55,72,73,76,70,69,79,70,68,73,67,71,72,57,77,65,69,66,13,13,9,13,16,,68+2,68+2,68+2,69,70,70,70,69,71+2,71+2,71+2,70+2,73,73,73,70+2,69+2,71+2,71+2,71+2,69+2,68+2,68+2,68+2,68+2,68+2,20+2,https://cdn.sofifa.net/players/178/287/22_120.png,https://cdn.sofifa.net/teams/86/60.png,https://cdn.sofifa.net/flags/gb-sct.png,https://cdn.sofifa.net/teams/111455/60.png,https://cdn.sofifa.net/flags/ca.png
213095,L. Cavallini,Lucas Daniel Cavallini,ST,73,73,28,Canada,ST,19.0,Vancouver Whitecaps FC,USA Major League Soccer,3100000.0,9000.0,73.0,71.0,50.0,68.0,37.0,85.0,213095,https://sofifa.com/player/213095/lucas-cavallini/220002,L. Cavallini,ST,73,73,3100000.0,9000.0,28,1992-12-28,182,89,101112.0,Vancouver Whitecaps FC,USA Major League Soccer,1.0,SUB,9.0,,2020-01-01,2022.0,70,Canada,111455.0,ST,19.0,Left,4,3,2,High/High,Stocky (170-185),No,4500000.0,#Strength,"Flair, Power Header, Outside Foot Shot, Technical Dribbler (AI)",73.0,71.0,50.0,68.0,37.0,85.0,31,71,76,60,69,69,44,61,41,70,74,72,62,70,65,77,80,78,90,65,83,23,74,56,68,68,45,32,13,10,11,6,7,15,,73,73,73,65,69,69,69,65,65+2,65+2,65+2,64+2,59+2,59+2,59+2,64+2,49+2,51+2,51+2,51+2,49+2,47+2,52+2,52+2,52+2,47+2,17+2,https://cdn.sofifa.net/players/213/095/22_120.png,https://cdn.sofifa.net/teams/101112/60.png,https://cdn.sofifa.net/flags/us.png,https://cdn.sofifa.net/teams/111455/60.png,https://cdn.sofifa.net/flags/ca.png
213536,M. Crépeau,Maxime Crépeau,GK,73,76,27,Canada,SUB,1.0,Vancouver Whitecaps FC,USA Major League Soccer,3000000.0,6000.0,,,,,,,213536,https://sofifa.com/player/213536/maxime-crepeau/220002,M. Crépeau,GK,73,76,3000000.0,6000.0,27,1994-05-11,180,88,101112.0,Vancouver Whitecaps FC,USA Major League Soccer,1.0,GK,16.0,,2019-02-13,2022.0,70,Canada,111455.0,SUB,1.0,Right,2,1,1,Medium/Medium,Stocky (170-185),Yes,4600000.0,,"Injury Prone, Long Passer (AI), Team Player, Rushes Out Of Goal, Comes For Crosses, Saves with Feet",,,,,,,19,17,14,34,19,19,16,14,42,24,50,48,43,70,40,53,67,40,69,14,34,20,7,52,23,51,10,17,17,71,70,70,73,74,49.0,30+2,30+2,30+2,30,31,31,31,30,33+2,33+2,33+2,32+2,34+2,34+2,34+2,32+2,29+2,32+2,32+2,32+2,29+2,28+2,28+2,28+2,28+2,28+2,72+2,https://cdn.sofifa.net/players/213/536/22_120.png,https://cdn.sofifa.net/teams/101112/60.png,https://cdn.sofifa.net/flags/us.png,https://cdn.sofifa.net/teams/111455/60.png,https://cdn.sofifa.net/flags/ca.png
189462,J. Hoilett,David Junior Hoilett,"LM, RM",72,72,31,Canada,RM,10.0,Reading,English League Championship,1900000.0,21000.0,82.0,69.0,68.0,74.0,36.0,61.0,189462,https://sofifa.com/player/189462/junior-hoilett/220002,J. Hoilett,"LM, RM",72,72,1900000.0,21000.0,31,1990-06-05,173,70,1793.0,Reading,English League Championship,2.0,SUB,23.0,,2021-08-19,2022.0,70,Canada,111455.0,RM,10.0,Right,3,3,2,Medium/Medium,Normal (170-185),Yes,3600000.0,,"Flair, Technical Dribbler (AI)",82.0,69.0,68.0,74.0,36.0,61.0,69,67,55,70,69,73,68,65,59,72,84,81,84,70,83,75,70,55,61,69,66,42,69,69,68,69,24,39,28,11,10,9,11,9,,69+2,69+2,69+2,72,71,71,71,72,71+1,71+1,71+1,71+1,65+2,65+2,65+2,71+1,56+2,54+2,54+2,54+2,56+2,53+2,48+2,48+2,48+2,53+2,17+2,https://cdn.sofifa.net/players/189/462/22_120.png,https://cdn.sofifa.net/teams/1793/60.png,https://cdn.sofifa.net/flags/gb-eng.png,https://cdn.sofifa.net/teams/111455/60.png,https://cdn.sofifa.net/flags/ca.png
213439,J. Osorio,Jonathan Osorio,"CM, CDM, LM",72,72,29,Canada,SUB,17.0,Toronto FC,USA Major League Soccer,2300000.0,7000.0,60.0,68.0,70.0,74.0,64.0,67.0,213439,https://sofifa.com/player/213439/jonathan-osorio/220002,J. Osorio,"CM, CDM, LM",72,72,2300000.0,7000.0,29,1992-06-12,175,73,111651.0,Toronto FC,USA Major League Soccer,1.0,RM,21.0,,2013-02-26,2022.0,70,Canada,111455.0,SUB,17.0,Right,5,3,1,High/High,Normal (170-185),Yes,3500000.0,#Engine,"Flair, Team Player, Technical Dribbler (AI)",60.0,68.0,70.0,74.0,64.0,67.0,60,69,55,78,59,73,65,65,68,73,62,59,83,74,78,71,43,86,64,66,58,66,71,70,58,74,66,65,55,8,11,7,15,13,,68+2,68+2,68+2,70,71,71,71,70,72,72,72,71+1,72,72,72,71+1,68+2,69+2,69+2,69+2,68+2,66+2,63+2,63+2,63+2,66+2,18+2,https://cdn.sofifa.net/players/213/439/22_120.png,https://cdn.sofifa.net/teams/111651/60.png,https://cdn.sofifa.net/flags/ca.png,https://cdn.sofifa.net/teams/111455/60.png,https://cdn.sofifa.net/flags/ca.png
213092,S. Piette,Samuel Piette,"CDM, CM, RM",71,72,26,Canada,SUB,6.0,Club de Foot Montréal,USA Major League Soccer,2000000.0,5000.0,55.0,38.0,56.0,62.0,70.0,81.0,213092,https://sofifa.com/player/213092/samuel-piette/220002,S. Piette,"CDM, CM, RM",71,72,2000000.0,5000.0,26,1994-11-12,171,79,111139.0,Club de Foot Montréal,USA Major League Soccer,1.0,RCM,6.0,,2017-08-04,2022.0,70,Canada,111455.0,SUB,6.0,Right,2,2,1,Low/High,Stocky (170-185),Yes,3100000.0,,"Solid Player, Leadership, Team Player",55.0,38.0,56.0,62.0,70.0,81.0,39,31,63,69,22,56,56,24,62,66,53,56,65,69,85,66,76,90,76,29,81,71,30,55,49,60,71,73,63,15,10,10,7,9,,52+2,52+2,52+2,52,53,53,53,52,55+2,55+2,55+2,56+2,62+2,62+2,62+2,56+2,65+2,70+2,70+2,70+2,65+2,66+2,70+2,70+2,70+2,66+2,17+2,https://cdn.sofifa.net/players/213/092/22_120.png,https://cdn.sofifa.net/teams/111139/60.png,https://cdn.sofifa.net/flags/us.png,https://cdn.sofifa.net/teams/111455/60.png,https://cdn.sofifa.net/flags/ca.png
232081,R. Laryea,Richie Mamah Laryea,"RB, LB, RM",71,73,26,Canada,RB,22.0,Toronto FC,USA Major League Soccer,2100000.0,5000.0,81.0,60.0,64.0,71.0,63.0,71.0,232081,https://sofifa.com/player/232081/richie-laryea/220002,R. Laryea,"RB, LB, RM",71,73,2100000.0,5000.0,26,1995-01-07,175,70,111651.0,Toronto FC,USA Major League Soccer,1.0,RB,22.0,,2019-03-21,2021.0,70,Canada,111455.0,RB,22.0,Right,3,4,1,High/Medium,Normal (170-185),No,3300000.0,,"Long Throw-in, Speed Dribbler (AI), Technical Dribbler (AI)",81.0,60.0,64.0,71.0,63.0,71.0,65,60,46,69,38,71,58,49,62,71,80,81,79,68,68,66,70,86,65,57,69,62,68,62,57,69,63,69,65,8,8,9,12,12,,65+2,65+2,65+2,69,68,68,68,69,68+2,68+2,68+2,70+2,67+2,67+2,67+2,70+2,70+2,67+2,67+2,67+2,70+2,69+2,64+2,64+2,64+2,69+2,16+2,https://cdn.sofifa.net/players/232/081/22_120.png,https://cdn.sofifa.net/teams/111651/60.png,https://cdn.sofifa.net/flags/ca.png,https://cdn.sofifa.net/teams/111455/60.png,https://cdn.sofifa.net/flags/ca.png
238922,M. Kaye,Mark-Anthony Kaye,"CM, CDM",71,74,26,Canada,SUB,11.0,Colorado Rapids,USA Major League Soccer,2400000.0,6000.0,71.0,55.0,66.0,71.0,68.0,75.0,238922,https://sofifa.com/player/238922/mark-anthony-kaye/220002,M. Kaye,"CM, CDM",71,74,2400000.0,6000.0,26,1994-12-02,186,77,694.0,Colorado Rapids,USA Major League Soccer,1.0,LF,14.0,,2021-07-30,2022.0,70,Canada,111455.0,SUB,11.0,Left,3,3,1,Medium/High,Lean (185+),Yes,3800000.0,,Technical Dribbler (AI),71.0,55.0,66.0,71.0,68.0,75.0,56,55,68,73,44,72,56,37,71,73,70,72,71,69,59,62,69,85,72,49,72,67,68,69,46,66,67,71,64,14,10,9,6,6,,66+2,66+2,66+2,67,68,68,68,67,69+2,69+2,69+2,69+2,71+2,71+2,71+2,69+2,69+2,71+2,71+2,71+2,69+2,69+2,69+2,69+2,69+2,69+2,16+2,https://cdn.sofifa.net/players/238/922/22_120.png,https://cdn.sofifa.net/teams/694/60.png,https://cdn.sofifa.net/flags/us.png,https://cdn.sofifa.net/teams/111455/60.png,https://cdn.sofifa.net/flags/ca.png
201208,D. Henry,Doneil Jor-Dee Ashley Henry,CB,70,71,28,Canada,RCB,15.0,Suwon Samsung Bluewings,Korean K League 1,1500000.0,4000.0,66.0,44.0,50.0,52.0,68.0,84.0,201208,https://sofifa.com/player/201208/doneil-henry/220002,D. Henry,CB,70,71,1500000.0,4000.0,28,1993-04-20,188,88,983.0,Suwon Samsung Bluewings,Korean K League 1,1.0,LCB,4.0,,2019-11-21,2021.0,70,Canada,111455.0,RCB,15.0,Right,2,3,1,Medium/High,Stocky (185+),Yes,2000000.0,#Strength,Injury Prone,66.0,44.0,50.0,52.0,68.0,84.0,43,36,70,60,45,46,37,40,50,55,68,65,57,62,58,65,90,69,92,47,80,69,32,47,30,59,68,66,65,8,10,10,11,15,,54+2,54+2,54+2,50,51,51,51,50,51+2,51+2,51+2,52+2,54+2,54+2,54+2,52+2,61+2,64+2,64+2,64+2,61+2,63+2,70+1,70+1,70+1,63+2,17+2,https://cdn.sofifa.net/players/201/208/22_120.png,https://cdn.sofifa.net/teams/983/60.png,https://cdn.sofifa.net/flags/kr.png,https://cdn.sofifa.net/teams/111455/60.png,https://cdn.sofifa.net/flags/ca.png
193728,D. Wotherspoon,David Wotherspoon,"LW, CM",69,69,31,Canada,SUB,7.0,St. Johnstone FC,Scottish Premiership,1200000.0,5000.0,67.0,63.0,69.0,73.0,57.0,69.0,193728,https://sofifa.com/player/193728/david-wotherspoon/220002,D. Wotherspoon,"LW, CM",69,69,1200000.0,5000.0,31,1990-01-16,180,76,100804.0,St. Johnstone FC,Scottish Premiership,1.0,LW,10.0,,2013-07-02,2023.0,70,Canada,111455.0,SUB,7.0,Right,4,3,1,High/Medium,Normal (170-185),No,2100000.0,,"Finesse Shot, Long Shot Taker (AI), Playmaker (AI), Team Player, Technical Dribbler (AI)",67.0,63.0,69.0,73.0,57.0,69.0,70,63,59,67,41,75,68,69,64,73,68,67,76,63,62,64,67,83,67,67,56,47,66,75,53,70,55,63,60,9,12,9,16,7,,65+2,65+2,65+2,69,68,68,68,69,70-1,70-1,70-1,70-1,68+1,68+1,68+1,70-1,65+2,63+2,63+2,63+2,65+2,64+2,60+2,60+2,60+2,64+2,17+2,https://cdn.sofifa.net/players/193/728/22_120.png,https://cdn.sofifa.net/teams/100804/60.png,https://cdn.sofifa.net/flags/gb-sct.png,https://cdn.sofifa.net/teams/111455/60.png,https://cdn.sofifa.net/flags/ca.png
220028,S. Adekugbe,Samuel Ayomide Adekugbe,LB,68,71,26,Canada,LB,16.0,Atakaş Hatayspor,Turkish Süper Lig,1500000.0,6000.0,86.0,39.0,60.0,68.0,61.0,73.0,220028,https://sofifa.com/player/220028/sam-adekugbe/220002,S. Adekugbe,LB,68,71,1500000.0,6000.0,26,1995-01-16,176,74,101028.0,Atakaş Hatayspor,Turkish Süper Lig,1.0,LB,23.0,,2021-08-01,2024.0,70,Canada,111455.0,LB,16.0,Left,2,3,1,High/High,Normal (170-185),No,3100000.0,,Speed Dribbler (AI),86.0,39.0,60.0,68.0,61.0,73.0,62,42,57,68,23,69,58,26,56,63,87,85,81,59,75,49,81,81,70,24,67,62,59,58,32,58,61,62,63,11,13,7,12,9,,57+2,57+2,57+2,63,61,61,61,63,62+2,62+2,62+2,66+2,61+2,61+2,61+2,66+2,67+2,64+2,64+2,64+2,67+2,66+2,64+2,64+2,64+2,66+2,16+2,https://cdn.sofifa.net/players/220/028/22_120.png,https://cdn.sofifa.net/teams/101028/60.png,https://cdn.sofifa.net/flags/tr.png,https://cdn.sofifa.net/teams/111455/60.png,https://cdn.sofifa.net/flags/ca.png
243574,Z. Brault-Guillard,Zachary Brault-Guillard,"RWB, RB, RM",68,74,22,Canada,SUB,2.0,Club de Foot Montréal,USA Major League Soccer,1800000.0,3000.0,90.0,43.0,57.0,67.0,61.0,71.0,243574,https://sofifa.com/player/243574/zachary-brault-guillard/220002,Z. Brault-Guillard,"RWB, RB, RM",68,74,1800000.0,3000.0,22,1998-12-30,171,65,111139.0,Club de Foot Montréal,USA Major League Soccer,1.0,RWB,15.0,,2020-01-25,2021.0,70,Canada,111455.0,SUB,2.0,Right,2,2,1,High/Medium,Stocky (170-185),No,3000000.0,,Speed Dribbler (AI),90.0,43.0,57.0,67.0,61.0,71.0,58,36,44,62,31,68,54,35,52,59,89,90,78,63,85,60,74,82,68,40,62,62,55,55,40,62,62,65,60,11,6,11,11,11,,56+2,56+2,56+2,62,60,60,60,62,60+2,60+2,60+2,64+2,59+2,59+2,59+2,64+2,66+2,62+2,62+2,62+2,66+2,66+2,62+2,62+2,62+2,66+2,16+2,https://cdn.sofifa.net/players/243/574/22_120.png,https://cdn.sofifa.net/teams/111139/60.png,https://cdn.sofifa.net/flags/us.png,https://cdn.sofifa.net/teams/111455/60.png,https://cdn.sofifa.net/flags/ca.png
210862,Ricardo Ferreira,Ricardo José Araújo Ferreira,CB,66,67,28,Canada,SUB,5.0,,,,,49.0,32.0,45.0,49.0,69.0,59.0,210862,https://sofifa.com/player/210862/ricardo-jose-araujo-ferreira/220002,Ricardo Ferreira,CB,66,67,,,28,1992-11-25,190,82,,,,,,,,,,70,Canada,111455.0,SUB,5.0,Right,2,2,1,Low/Medium,Lean (185+),No,,,Injury Prone,49.0,32.0,45.0,49.0,69.0,59.0,29,26,68,62,34,41,32,32,53,54,51,48,50,60,46,46,40,31,74,22,63,70,51,33,43,72,73,65,63,16,15,8,12,6,,48+2,48+2,48+2,45,46,46,46,45,47+2,47+2,47+2,46+2,50+2,50+2,50+2,46+2,54+2,60+2,60+2,60+2,54+2,57+2,66+1,66+1,66+1,57+2,17+2,https://cdn.sofifa.net/players/210/862/22_120.png,,,https://cdn.sofifa.net/teams/111455/60.png,https://cdn.sofifa.net/flags/ca.png
227847,M. James,Manjrekar James,CB,66,68,27,Canada,SUB,3.0,Vejle Boldklub,Danish Superliga,900000.0,3000.0,66.0,41.0,50.0,51.0,63.0,78.0,227847,https://sofifa.com/player/227847/manjrekar-james/220002,M. James,CB,66,68,900000.0,3000.0,27,1993-08-05,193,81,822.0,Vejle Boldklub,Danish Superliga,1.0,SUB,5.0,,2021-07-01,2023.0,70,Canada,111455.0,SUB,3.0,Right,3,2,1,Medium/Medium,Normal (185+),No,1200000.0,,,66.0,41.0,50.0,51.0,63.0,78.0,38,30,68,62,32,47,44,22,58,55,60,71,46,59,58,61,71,66,86,51,74,62,34,45,40,55,61,63,62,6,8,10,12,12,,52+2,52+2,52+2,49,50,50,50,49,51+2,51+2,51+2,51+2,55+2,55+2,55+2,51+2,59+2,62+2,62+2,62+2,59+2,60+2,66+2,66+2,66+2,60+2,15+2,https://cdn.sofifa.net/players/227/847/22_120.png,https://cdn.sofifa.net/teams/822/60.png,https://cdn.sofifa.net/flags/dk.png,https://cdn.sofifa.net/teams/111455/60.png,https://cdn.sofifa.net/flags/ca.png
240925,L. Millar,Liam Alan Millar,"LM, LW",66,77,21,Canada,SUB,14.0,FC Basel 1893,Swiss Super League,1900000.0,3000.0,81.0,61.0,59.0,68.0,22.0,58.0,240925,https://sofifa.com/player/240925/liam-millar/220002,L. Millar,"LM, LW",66,77,1900000.0,3000.0,21,1999-09-27,185,79,896.0,FC Basel 1893,Swiss Super League,1.0,SUB,17.0,,2021-07-08,2025.0,70,Canada,111455.0,SUB,14.0,Right,3,3,1,High/Medium,Lean (185+),No,3200000.0,,Speed Dribbler (AI),81.0,61.0,59.0,68.0,22.0,58.0,63,61,54,62,50,69,54,35,52,68,81,81,73,58,69,66,72,59,68,60,29,15,60,60,56,63,14,22,23,14,9,13,7,8,,64+2,64+2,64+2,66,65,65,65,66,64+2,64+2,64+2,65+2,57+2,57+2,57+2,65+2,48+2,42+2,42+2,42+2,48+2,45+2,37+2,37+2,37+2,45+2,15+2,https://cdn.sofifa.net/players/240/925/22_120.png,https://cdn.sofifa.net/teams/896/60.png,https://cdn.sofifa.net/flags/ch.png,https://cdn.sofifa.net/teams/111455/60.png,https://cdn.sofifa.net/flags/ca.png
243009,D. Cornelius,Derek Cornelius,CB,65,71,23,Canada,LCB,4.0,,,,,57.0,30.0,42.0,43.0,63.0,79.0,243009,https://sofifa.com/player/243009/derek-cornelius/220002,D. Cornelius,CB,65,71,,,23,1997-11-25,187,86,,,,,,,,,,70,Canada,111455.0,LCB,4.0,Left,2,2,1,Medium/High,Normal (185+),Yes,,#Strength,"Injury Prone, Power Header",57.0,30.0,42.0,43.0,63.0,79.0,34,27,66,53,35,35,30,23,51,50,54,60,50,55,43,40,80,68,87,22,74,63,44,31,32,55,62,64,62,13,10,13,7,6,,47+2,47+2,47+2,43,43,43,43,43,43+2,43+2,43+2,45+2,48+2,48+2,48+2,45+2,56+2,59+2,59+2,59+2,56+2,58+2,65+2,65+2,65+2,58+2,14+2,https://cdn.sofifa.net/players/243/009/22_120.png,,,https://cdn.sofifa.net/teams/111455/60.png,https://cdn.sofifa.net/flags/ca.png
183347,J. Leutwiler,Jayson Leutwiler,GK,64,64,32,Canada,SUB,23.0,Oldham Athletic,English League Two,300000.0,2000.0,,,,,,,183347,https://sofifa.com/player/183347/jayson-leutwiler/220002,J. Leutwiler,GK,64,64,300000.0,2000.0,32,1989-04-25,196,80,1920.0,Oldham Athletic,English League Two,4.0,GK,1.0,,2021-08-28,2022.0,70,Canada,111455.0,SUB,23.0,Right,2,1,1,Medium/Medium,Normal (185+),No,525000.0,,GK Long Throw,,,,,,,16,16,14,41,11,13,11,11,44,35,44,48,59,58,36,47,65,41,64,13,29,12,14,47,26,53,30,11,11,63,61,62,65,66,46.0,30+2,30+2,30+2,30,31,31,31,30,34+2,34+2,34+2,32+2,35+2,35+2,35+2,32+2,28+2,32+2,32+2,32+2,28+2,27+2,28+2,28+2,28+2,27+2,63+1,https://cdn.sofifa.net/players/183/347/22_120.png,https://cdn.sofifa.net/teams/1920/60.png,https://cdn.sofifa.net/flags/gb-eng.png,https://cdn.sofifa.net/teams/111455/60.png,https://cdn.sofifa.net/flags/ca.png
235212,A. Hakimi,Achraf Hakimi Mouh,"RB, RWB",85,88,22,Morocco,,,Paris Saint-Germain,French Ligue 1,69500000.0,100000.0,95.0,71.0,78.0,83.0,76.0,78.0,235212,https://sofifa.com/player/235212/achraf-hakimi/220002,A. Hakimi,"RB, RWB",85,88,69500000.0,100000.0,22,1998-11-04,181,73,73.0,Paris Saint-Germain,French Ligue 1,1.0,RB,2.0,,2021-07-06,2026.0,129,Morocco,,,,Right,4,3,2,High/Medium,Lean (170-185),Yes,133800000.0,"#Speedster, #Acrobat","Solid Player, Dives Into Tackles (AI), Speed Dribbler (AI), Outside Foot Shot",95.0,71.0,78.0,83.0,76.0,78.0,86,73,68,81,60,84,68,55,73,83,95,95,86,84,79,77,80,91,73,70,75,78,78,75,46,80,75,78,76,10,8,14,6,8,,78+2,78+2,78+2,83,81,81,81,83,80+2,80+2,80+2,83+2,79+2,79+2,79+2,83+2,83+2,79+2,79+2,79+2,83+2,82+2,77+2,77+2,77+2,82+2,17+2,https://cdn.sofifa.net/players/235/212/22_120.png,https://cdn.sofifa.net/teams/73/60.png,https://cdn.sofifa.net/flags/fr.png,,https://cdn.sofifa.net/flags/ma.png
208670,H. Ziyech,Hakim Ziyech,"RW, CAM",84,84,28,Morocco,,,Chelsea,English Premier League,42500000.0,170000.0,78.0,76.0,87.0,83.0,50.0,65.0,208670,https://sofifa.com/player/208670/hakim-ziyech/220002,H. Ziyech,"RW, CAM",84,84,42500000.0,170000.0,28,1993-03-19,181,65,5.0,Chelsea,English Premier League,1.0,SUB,22.0,,2020-07-01,2025.0,129,Morocco,,,,Left,2,5,3,High/High,Unique,Yes,78600000.0,"#Playmaker, #Crosser, #Complete Midfielder","Flair, Long Shot Taker (AI), Playmaker (AI), Outside Foot Shot, Technical Dribbler (AI)",78.0,76.0,87.0,83.0,50.0,65.0,88,73,52,86,74,83,90,78,89,85,79,77,85,84,78,83,35,79,58,77,73,52,82,89,67,79,44,56,40,11,7,11,8,14,,76+3,76+3,76+3,83,82,82,82,83,84,84,84,83+1,82+2,82+2,82+2,83+1,70+3,70+3,70+3,70+3,70+3,66+3,57+3,57+3,57+3,66+3,18+3,https://cdn.sofifa.net/players/208/670/22_120.png,https://cdn.sofifa.net/teams/5/60.png,https://cdn.sofifa.net/flags/gb-eng.png,,https://cdn.sofifa.net/flags/ma.png
209981,Y. Bounou,Yassine Bounou,GK,82,82,30,Morocco,,,Sevilla FC,Spain Primera Division,20500000.0,29000.0,,,,,,,209981,https://sofifa.com/player/209981/yassine-bounou/220002,Y. Bounou,GK,82,82,20500000.0,29000.0,30,1991-04-05,192,78,481.0,Sevilla FC,Spain Primera Division,1.0,GK,13.0,,2020-09-04,2024.0,129,Morocco,,,,Left,2,1,1,Medium/Medium,Lean (185+),Yes,43100000.0,,"GK Long Throw, Comes For Crosses, Saves with Feet",,,,,,,15,14,14,39,13,20,12,19,44,12,37,34,47,80,29,57,48,43,69,19,25,12,10,60,24,57,20,18,15,82,79,76,81,84,36.0,29+2,29+2,29+2,28,30,30,30,28,33+2,33+2,33+2,31+2,35+2,35+2,35+2,31+2,28+2,32+2,32+2,32+2,28+2,27+2,28+2,28+2,28+2,27+2,81+1,https://cdn.sofifa.net/players/209/981/22_120.png,https://cdn.sofifa.net/teams/481/60.png,https://cdn.sofifa.net/flags/es.png,,https://cdn.sofifa.net/flags/ma.png
235410,Y. En-Nesyri,Youssef En-Nesyri,"ST, LW",82,86,24,Morocco,,,Sevilla FC,Spain Primera Division,44000000.0,37000.0,78.0,83.0,58.0,78.0,35.0,76.0,235410,https://sofifa.com/player/235410/youssef-en-nesyri/220002,Y. En-Nesyri,"ST, LW",82,86,44000000.0,37000.0,24,1997-06-01,188,78,481.0,Sevilla FC,Spain Primera Division,1.0,ST,15.0,,2020-01-16,2025.0,129,Morocco,,,,Left,4,3,2,High/High,Lean (185+),Yes,95700000.0,,"Speed Dribbler (AI), Power Header",78.0,83.0,58.0,78.0,35.0,76.0,48,89,84,69,76,84,63,47,58,79,74,81,68,80,47,83,83,76,76,75,76,31,82,52,67,74,27,31,27,13,9,14,9,13,,82+2,82+2,82+2,75,78,78,78,75,74+2,74+2,74+2,73+2,67+2,67+2,67+2,73+2,55+2,54+2,54+2,54+2,55+2,53+2,52+2,52+2,52+2,53+2,19+2,https://cdn.sofifa.net/players/235/410/22_120.png,https://cdn.sofifa.net/teams/481/60.png,https://cdn.sofifa.net/flags/es.png,,https://cdn.sofifa.net/flags/ma.png
177509,M. Benatia,Medhi Amine El Mouttaqi Benatia,CB,80,80,34,Morocco,,,Fatih Karagümrük S.K.,Turkish Süper Lig,7000000.0,19000.0,63.0,45.0,52.0,63.0,81.0,82.0,177509,https://sofifa.com/player/177509/medhi-benatia/220002,M. Benatia,CB,80,80,7000000.0,19000.0,34,1987-04-17,189,94,111117.0,Fatih Karagümrük S.K.,Turkish Süper Lig,1.0,RCB,5.0,,2021-07-30,2023.0,129,Morocco,,,,Right,3,2,3,Medium/High,Normal (185+),No,14000000.0,#Strength,"Injury Prone, Leadership, Power Header",63.0,45.0,52.0,63.0,81.0,82.0,45,47,77,62,44,61,34,27,61,62,65,62,59,77,53,66,80,69,88,24,85,80,38,47,41,82,84,81,79,7,4,8,7,11,,59+3,59+3,59+3,55,56,56,56,55,56+3,56+3,56+3,58+3,60+3,60+3,60+3,58+3,69+3,73+3,73+3,73+3,69+3,71+3,79+1,79+1,79+1,71+3,15+3,https://cdn.sofifa.net/players/177/509/22_120.png,https://cdn.sofifa.net/teams/111117/60.png,https://cdn.sofifa.net/flags/tr.png,,https://cdn.sofifa.net/flags/ma.png
205705,Z. Feddal,Zouhair Feddal Agharbi,CB,80,80,31,Morocco,,,Sporting CP,Portuguese Liga ZON SAGRES,14500000.0,17000.0,61.0,50.0,63.0,60.0,82.0,77.0,205705,https://sofifa.com/player/205705/zouhair-feddal/220002,Z. Feddal,CB,80,80,14500000.0,17000.0,31,1989-12-23,192,84,237.0,Sporting CP,Portuguese Liga ZON SAGRES,1.0,LCB,3.0,,2020-08-18,2022.0,129,Morocco,,,,Left,2,2,1,Medium/Medium,Normal (185+),Yes,29000000.0,,"Dives Into Tackles (AI), Long Passer (AI)",61.0,50.0,63.0,60.0,82.0,77.0,57,40,80,78,49,58,36,38,74,69,53,68,47,74,34,67,75,65,80,56,86,80,52,47,48,69,82,83,80,13,14,12,10,8,,62+2,62+2,62+2,59,60,60,60,59,61+2,61+2,61+2,62+2,67+2,67+2,67+2,62+2,72+2,76+2,76+2,76+2,72+2,74+2,80,80,80,74+2,18+2,https://cdn.sofifa.net/players/205/705/22_120.png,https://cdn.sofifa.net/teams/237/60.png,https://cdn.sofifa.net/flags/pt.png,,https://cdn.sofifa.net/flags/ma.png
236401,N. Mazraoui,Noussair Mazraoui,RB,80,85,23,Morocco,,,Ajax,Holland Eredivisie,29500000.0,17000.0,82.0,61.0,74.0,81.0,75.0,71.0,236401,https://sofifa.com/player/236401/noussair-mazraoui/220002,N. Mazraoui,RB,80,85,29500000.0,17000.0,23,1997-11-14,183,62,245.0,Ajax,Holland Eredivisie,1.0,RB,12.0,,2016-11-01,2022.0,129,Morocco,,,,Right,3,3,2,High/Low,Lean (170-185),Yes,43500000.0,,"Injury Prone, Flair, Technical Dribbler (AI)",82.0,61.0,74.0,81.0,75.0,71.0,74,63,65,81,56,82,67,33,73,81,81,83,86,77,67,67,69,82,66,54,69,78,73,76,37,76,74,75,78,12,7,13,12,12,,72+2,72+2,72+2,77,75,75,75,77,77+2,77+2,77+2,78+2,77+2,77+2,77+2,78+2,78+2,77+2,77+2,77+2,78+2,78+2,74+2,74+2,74+2,78+2,18+2,https://cdn.sofifa.net/players/236/401/22_120.png,https://cdn.sofifa.net/teams/245/60.png,https://cdn.sofifa.net/flags/nl.png,,https://cdn.sofifa.net/flags/ma.png
194209,Y. El Arabi,Youssef El Arabi,ST,79,79,34,Morocco,,,Olympiacos CFP,Greek Super League,8500000.0,2000.0,71.0,83.0,69.0,79.0,37.0,70.0,194209,https://sofifa.com/player/194209/youssef-el-arabi/220002,Y. El Arabi,ST,79,79,8500000.0,2000.0,34,1987-02-03,182,84,280.0,Olympiacos CFP,Greek Super League,1.0,ST,11.0,,2019-07-06,2022.0,129,Morocco,,,,Right,4,3,2,High/Medium,Normal (170-185),No,17900000.0,,"Finesse Shot, Flair, Long Shot Taker (AI), Outside Foot Shot",71.0,83.0,69.0,79.0,37.0,70.0,61,87,77,72,85,80,73,74,64,81,75,68,82,76,58,79,72,69,78,76,51,44,81,74,86,74,25,30,42,6,16,11,6,11,,79,79,79,77,78,78,78,77,77+2,77+2,77+2,75+2,71+2,71+2,71+2,75+2,58+2,57+2,57+2,57+2,58+2,56+2,52+2,52+2,52+2,56+2,17+2,https://cdn.sofifa.net/players/194/209/22_120.png,https://cdn.sofifa.net/teams/280/60.png,https://cdn.sofifa.net/flags/gr.png,,https://cdn.sofifa.net/flags/ma.png
220253,Munir,Munir El Haddadi Mohamed,"LW, RW, ST",79,80,25,Morocco,,,Sevilla FC,Spain Primera Division,21000000.0,33000.0,79.0,78.0,75.0,82.0,35.0,66.0,220253,https://sofifa.com/player/220253/munir-el-haddadi/220002,Munir,"LW, RW, ST",79,80,21000000.0,33000.0,25,1995-09-01,175,69,481.0,Sevilla FC,Spain Primera Division,1.0,SUB,11.0,,2019-01-11,2023.0,129,Morocco,,,,Left,3,4,2,High/Low,Lean (170-185),Yes,45700000.0,,"Speed Dribbler (AI), Chip Shot (AI)",79.0,78.0,75.0,82.0,35.0,66.0,73,79,77,80,80,82,81,67,62,83,82,76,83,78,79,78,66,72,66,77,58,25,78,76,66,80,38,27,25,9,12,6,13,16,,78+2,78+2,78+2,79,79,79,79,79,79+1,79+1,79+1,78+2,71+2,71+2,71+2,78+2,59+2,55+2,55+2,55+2,59+2,55+2,49+2,49+2,49+2,55+2,19+2,https://cdn.sofifa.net/players/220/253/22_120.png,https://cdn.sofifa.net/teams/481/60.png,https://cdn.sofifa.net/flags/es.png,,https://cdn.sofifa.net/flags/ma.png
208295,R. Saïss,Romain Saïss,"CB, CM",78,78,31,Morocco,,,Wolverhampton Wanderers,English Premier League,9500000.0,69000.0,58.0,56.0,69.0,70.0,79.0,77.0,208295,https://sofifa.com/player/208295/romain-saiss/220002,R. Saïss,"CB, CM",78,78,9500000.0,69000.0,31,1990-03-26,188,84,110.0,Wolverhampton Wanderers,English Premier League,1.0,LCB,27.0,,2016-08-30,2022.0,129,Morocco,,,,Left,3,3,1,Medium/High,Lean (185+),Yes,18100000.0,,"Dives Into Tackles (AI), Long Passer (AI)",58.0,56.0,69.0,70.0,79.0,77.0,54,52,78,78,47,68,61,48,78,74,52,63,61,78,60,67,82,73,75,58,84,80,51,71,47,76,79,79,77,10,16,6,11,7,,64+2,64+2,64+2,64,66,66,66,64,68+2,68+2,68+2,66+2,73+2,73+2,73+2,66+2,72+2,78,78,78,72+2,73+2,78,78,78,73+2,18+2,https://cdn.sofifa.net/players/208/295/22_120.png,https://cdn.sofifa.net/teams/110/60.png,https://cdn.sofifa.net/flags/gb-eng.png,,https://cdn.sofifa.net/flags/ma.png
179605,A. Taarabt,Adel Taarabt,"CM, CAM",77,77,32,Morocco,,,SL Benfica,Portuguese Liga ZON SAGRES,8500000.0,15000.0,68.0,69.0,77.0,84.0,65.0,74.0,179605,https://sofifa.com/player/179605/adel-taarabt/220002,A. Taarabt,"CM, CAM",77,77,8500000.0,15000.0,32,1989-05-24,180,76,234.0,SL Benfica,Portuguese Liga ZON SAGRES,1.0,SUB,49.0,,2015-07-01,2023.0,129,Morocco,,,,Right,4,4,2,Medium/Medium,Normal (170-185),Yes,17000000.0,#Dribbler,"Flair, Playmaker (AI), Outside Foot Shot, Technical Dribbler (AI)",68.0,69.0,77.0,84.0,65.0,74.0,75,65,36,78,73,86,81,71,74,85,69,67,80,80,78,76,37,78,71,68,87,68,74,79,70,83,68,69,64,4,6,4,4,6,,71+2,71+2,71+2,77,76,76,76,77,78-1,78-1,78-1,77,77,77,77,77,74+2,75+2,75+2,75+2,74+2,71+2,67+2,67+2,67+2,71+2,13+2,https://cdn.sofifa.net/players/179/605/22_120.png,https://cdn.sofifa.net/teams/234/60.png,https://cdn.sofifa.net/flags/pt.png,,https://cdn.sofifa.net/flags/ma.png
206493,Y. Abdelhamid,Yunis Abdelhamid,CB,77,77,33,Morocco,,,Stade de Reims,French Ligue 1,5000000.0,25000.0,33.0,33.0,56.0,65.0,78.0,83.0,206493,https://sofifa.com/player/206493/yunis-abdelhamid/220002,Y. Abdelhamid,CB,77,77,5000000.0,25000.0,33,1987-09-28,190,83,379.0,Stade de Reims,French Ligue 1,1.0,LCB,5.0,,2017-06-27,2022.0,129,Morocco,,,,Left,3,2,2,Low/Medium,Normal (185+),No,10000000.0,,"Solid Player, Long Passer (AI), Team Player",33.0,33.0,56.0,65.0,78.0,83.0,28,25,76,75,24,68,57,31,71,71,35,31,33,74,44,58,83,79,85,23,81,77,38,45,42,73,78,80,76,9,11,15,16,9,,53+2,53+2,53+2,50,54,54,54,50,55+2,55+2,55+2,55+2,65+2,65+2,65+2,55+2,66+2,75+2,75+2,75+2,66+2,67+2,77,77,77,67+2,18+2,https://cdn.sofifa.net/players/206/493/22_120.png,https://cdn.sofifa.net/teams/379/60.png,https://cdn.sofifa.net/flags/fr.png,,https://cdn.sofifa.net/flags/ma.png
213761,A. Hamdallah,Abderrazak Hamdallah,ST,77,77,30,Morocco,,,Al Nassr,Saudi Abdul L. Jameel League,10500000.0,42000.0,74.0,78.0,70.0,77.0,30.0,72.0,213761,https://sofifa.com/player/213761/abderrazak-hamdallah/220002,A. Hamdallah,ST,77,77,10500000.0,42000.0,30,1990-12-17,180,82,112139.0,Al Nassr,Saudi Abdul L. Jameel League,1.0,ST,9.0,,2018-08-23,2022.0,129,Morocco,,,,Right,4,3,2,Medium/Low,Stocky (170-185),No,17900000.0,,"Finesse Shot, Power Header, Outside Foot Shot, Chip Shot (AI)",74.0,78.0,70.0,77.0,30.0,72.0,66,82,74,72,73,79,75,72,60,76,73,75,79,75,52,80,71,73,78,70,57,20,80,74,67,78,30,25,20,9,11,9,15,10,,77,77,77,76,77,77,77,76,75+2,75+2,75+2,74+2,68+2,68+2,68+2,74+2,54+2,52+2,52+2,52+2,54+2,50+2,46+2,46+2,46+2,50+2,18+2,https://cdn.sofifa.net/players/213/761/22_120.png,https://cdn.sofifa.net/teams/112139/60.png,https://cdn.sofifa.net/flags/sa.png,,https://cdn.sofifa.net/flags/ma.png
205083,F. Fajr,Fayçal Fajr,"CM, CDM, RM",76,76,32,Morocco,,,Demir Grup Sivasspor,Turkish Süper Lig,6000000.0,19000.0,59.0,73.0,78.0,76.0,67.0,69.0,205083,https://sofifa.com/player/205083/faycal-fajr/220002,F. Fajr,"CM, CDM, RM",76,76,6000000.0,19000.0,32,1988-08-01,179,71,101041.0,Demir Grup Sivasspor,Turkish Süper Lig,1.0,LCM,76.0,,2020-09-14,2022.0,129,Morocco,,,,Right,4,3,2,High/Medium,Lean (170-185),No,12000000.0,,"Flair, Long Passer (AI), Playmaker (AI), Outside Foot Shot",59.0,73.0,78.0,76.0,67.0,69.0,77,71,49,79,62,77,82,78,80,78,64,55,73,77,71,76,33,80,67,77,69,72,67,75,72,63,67,69,68,15,12,14,15,6,,70+2,70+2,70+2,73,73,73,73,73,75+1,75+1,75+1,74+2,76,76,76,74+2,73+2,74+2,74+2,74+2,73+2,71+2,67+2,67+2,67+2,71+2,19+2,https://cdn.sofifa.net/players/205/083/22_120.png,https://cdn.sofifa.net/teams/101041/60.png,https://cdn.sofifa.net/flags/tr.png,,https://cdn.sofifa.net/flags/ma.png
208045,O. Tannane,Oussama Tannane,"CAM, RM",76,76,27,Morocco,,,Vitesse,Holland Eredivisie,8000000.0,18000.0,79.0,76.0,73.0,78.0,41.0,75.0,208045,https://sofifa.com/player/208045/oussama-tannane/220002,O. Tannane,"CAM, RM",76,76,8000000.0,18000.0,27,1994-03-23,177,80,1909.0,Vitesse,Holland Eredivisie,1.0,CAM,14.0,,2019-07-12,2022.0,129,Morocco,,,,Left,3,4,1,Medium/Medium,Stocky (170-185),No,12000000.0,,"Flair, Long Shot Taker (AI), Playmaker (AI), Outside Foot Shot, Technical Dribbler (AI)",79.0,76.0,73.0,78.0,41.0,75.0,68,74,45,73,70,80,82,76,74,78,77,80,74,72,78,80,57,68,80,80,78,38,73,76,75,72,46,39,34,9,6,7,11,10,,73+2,73+2,73+2,76,76,76,76,76,76,76,76,75+1,71+2,71+2,71+2,75+1,60+2,61+2,61+2,61+2,60+2,56+2,53+2,53+2,53+2,56+2,16+2,https://cdn.sofifa.net/players/208/045/22_120.png,https://cdn.sofifa.net/teams/1909/60.png,https://cdn.sofifa.net/flags/nl.png,,https://cdn.sofifa.net/flags/ma.png
224158,S. Amrabat,Sofyan Amrabat,"CDM, CM",76,79,24,Morocco,,,Fiorentina,Italian Serie A,9500000.0,36000.0,69.0,71.0,70.0,75.0,73.0,78.0,224158,https://sofifa.com/player/224158/sofyan-amrabat/220002,S. Amrabat,"CDM, CM",76,79,9500000.0,36000.0,24,1996-08-21,185,70,110374.0,Fiorentina,Italian Serie A,1.0,SUB,34.0,,2020-01-31,2024.0,129,Morocco,,,,Right,2,3,1,Low/High,Normal (185+),No,16900000.0,,,69.0,71.0,70.0,75.0,73.0,78.0,59,70,61,80,68,71,69,58,71,82,69,69,64,74,82,72,69,78,80,75,75,74,68,68,57,82,77,73,67,13,13,6,16,12,,72+2,72+2,72+2,72,73,73,73,72,73+2,73+2,73+2,72+2,75+2,75+2,75+2,72+2,73+2,75+2,75+2,75+2,73+2,72+2,73+2,73+2,73+2,72+2,20+2,https://cdn.sofifa.net/players/224/158/22_120.png,https://cdn.sofifa.net/teams/110374/60.png,https://cdn.sofifa.net/flags/it.png,,https://cdn.sofifa.net/flags/ma.png
228747,O. Idrissi,Oussama Idrissi,LW,76,79,25,Morocco,,,Sevilla FC,Spain Primera Division,10000000.0,26000.0,83.0,76.0,70.0,80.0,35.0,69.0,228747,https://sofifa.com/player/228747/oussama-idrissi/220002,O. Idrissi,LW,76,79,10000000.0,26000.0,25,1996-02-26,175,78,481.0,Sevilla FC,Spain Primera Division,1.0,SUB,22.0,,2020-10-05,2025.0,129,Morocco,,,,Right,2,4,1,High/Medium,Normal (170-185),No,21800000.0,,"Flair, Long Shot Taker (AI), Outside Foot Shot, Technical Dribbler (AI)",83.0,76.0,70.0,80.0,35.0,69.0,64,75,48,74,74,82,84,68,68,80,85,82,80,71,72,81,35,75,69,80,68,25,73,67,45,74,36,37,34,15,16,8,10,16,,74+2,74+2,74+2,76,76,76,76,76,76+2,76+2,76+2,75+2,69+2,69+2,69+2,75+2,58+2,56+2,56+2,56+2,58+2,55+2,48+2,48+2,48+2,55+2,20+2,https://cdn.sofifa.net/players/228/747/22_120.png,https://cdn.sofifa.net/teams/481/60.png,https://cdn.sofifa.net/flags/es.png,,https://cdn.sofifa.net/flags/ma.png
244749,N. Aguerd,Nayef Aguerd,CB,76,80,25,Morocco,,,Stade Rennais FC,French Ligue 1,9500000.0,36000.0,60.0,45.0,60.0,61.0,76.0,77.0,244749,https://sofifa.com/player/244749/nayef-aguerd/220002,N. Aguerd,CB,76,80,9500000.0,36000.0,25,1996-03-30,188,76,74.0,Stade Rennais FC,French Ligue 1,1.0,LCB,6.0,,2020-08-14,2024.0,129,Morocco,,,,Left,3,2,2,Medium/Medium,Lean (185+),No,18800000.0,,Long Passer (AI),60.0,45.0,60.0,61.0,76.0,77.0,43,38,79,73,31,56,43,41,67,68,57,62,59,74,56,62,86,78,75,46,76,76,42,57,48,65,75,78,74,7,15,9,14,6,,58+2,58+2,58+2,56,58,58,58,56,60+2,60+2,60+2,59+2,65+2,65+2,65+2,59+2,69+2,73+2,73+2,73+2,69+2,70+2,76+2,76+2,76+2,70+2,17+2,https://cdn.sofifa.net/players/244/749/22_120.png,https://cdn.sofifa.net/teams/74/60.png,https://cdn.sofifa.net/flags/fr.png,,https://cdn.sofifa.net/flags/ma.png
198640,Z. Labyad,Zakaria Labyad,"CAM, CF",75,75,28,Morocco,,,Ajax,Holland Eredivisie,5500000.0,16000.0,72.0,75.0,76.0,78.0,36.0,54.0,198640,https://sofifa.com/player/198640/zakaria-labyad/220002,Z. Labyad,"CAM, CF",75,75,5500000.0,16000.0,28,1993-03-09,175,65,245.0,Ajax,Holland Eredivisie,1.0,SUB,19.0,,2018-07-01,2022.0,129,Morocco,,,,Right,5,4,1,Medium/Low,Normal (170-185),No,7700000.0,,"Finesse Shot, Flair, Long Shot Taker (AI)",72.0,75.0,76.0,78.0,36.0,54.0,77,71,52,73,74,77,85,83,68,82,74,71,75,71,80,83,40,68,55,82,38,31,66,81,68,75,36,36,28,10,10,14,15,11,,71+2,71+2,71+2,75,75,75,75,75,75,75,75,74+1,70+2,70+2,70+2,74+1,58+2,55+2,55+2,55+2,58+2,54+2,44+2,44+2,44+2,54+2,18+2,https://cdn.sofifa.net/players/198/640/22_120.png,https://cdn.sofifa.net/teams/245/60.png,https://cdn.sofifa.net/flags/nl.png,,https://cdn.sofifa.net/flags/ma.png
225699,Anuar,Anuar Mohamed Tuhami,"CDM, CM, CAM",75,80,26,Morocco,,,Real Valladolid CF,Spanish Segunda División,7500000.0,11000.0,74.0,62.0,69.0,72.0,73.0,72.0,225699,https://sofifa.com/player/225699/anuar-mohamed-tuhami/220002,Anuar,"CDM, CM, CAM",75,80,7500000.0,11000.0,26,1995-01-15,174,69,462.0,Real Valladolid CF,Spanish Segunda División,2.0,SUB,25.0,,2017-07-01,2023.0,129,Morocco,,,,Right,3,3,1,High/High,Normal (170-185),Yes,12600000.0,#Engine,Speed Dribbler (AI),74.0,62.0,69.0,72.0,73.0,72.0,65,62,70,76,51,70,64,42,71,71,76,73,81,74,82,67,75,88,63,65,75,73,61,69,51,66,74,75,70,12,8,7,14,8,,67+2,67+2,67+2,70,69,69,69,70,70+2,70+2,70+2,71+2,72+2,72+2,72+2,71+2,74+2,74+2,74+2,74+2,74+2,74+2,72+2,72+2,72+2,74+2,17+2,https://cdn.sofifa.net/players/225/699/22_120.png,https://cdn.sofifa.net/teams/462/60.png,https://cdn.sofifa.net/flags/es.png,,https://cdn.sofifa.net/flags/ma.png
232097,A. Harit,Amine Harit,"LM, CAM, CM",75,81,24,Morocco,,,Olympique de Marseille,French Ligue 1,9000000.0,11000.0,79.0,64.0,69.0,81.0,45.0,47.0,232097,https://sofifa.com/player/232097/amine-harit/220002,A. Harit,"LM, CAM, CM",75,81,9000000.0,11000.0,24,1997-06-18,180,67,219.0,Olympique de Marseille,French Ligue 1,1.0,SUB,7.0,FC Schalke 04,,2022.0,129,Morocco,,,,Right,3,5,2,High/Medium,Lean (170-185),Yes,,,"Flair, Playmaker (AI), Outside Foot Shot, Technical Dribbler (AI)",79.0,64.0,69.0,81.0,45.0,47.0,62,67,44,74,63,83,67,54,70,80,83,76,86,74,81,54,48,72,34,63,46,39,68,73,68,64,48,50,32,15,13,10,13,6,,66+2,66+2,66+2,75,73,73,73,75,75+2,75+2,75+2,74+2,71+2,71+2,71+2,74+2,61+2,59+2,59+2,59+2,61+2,58+2,48+2,48+2,48+2,58+2,19+2,https://cdn.sofifa.net/players/232/097/22_120.png,https://cdn.sofifa.net/teams/219/60.png,https://cdn.sofifa.net/flags/fr.png,,https://cdn.sofifa.net/flags/ma.png
162329,K. El Ahmadi,Karim El Ahmadi Al Aroos,"CDM, CM",74,74,36,Morocco,,,Al Ittihad,Saudi Abdul L. Jameel League,825000.0,21000.0,57.0,58.0,67.0,67.0,72.0,76.0,162329,https://sofifa.com/player/162329/karim-el-ahmadi/220002,K. El Ahmadi,"CDM, CM",74,74,825000.0,21000.0,36,1985-01-27,181,78,607.0,Al Ittihad,Saudi Abdul L. Jameel League,1.0,LDM,20.0,,2018-07-09,2022.0,129,Morocco,,,,Right,2,3,2,Low/Medium,Normal (170-185),Yes,1400000.0,,"Leadership, Long Shot Taker (AI), Team Player",57.0,58.0,67.0,67.0,72.0,76.0,58,49,60,74,61,65,67,48,75,70,55,58,63,69,69,72,67,76,76,62,77,77,64,62,63,79,68,77,73,12,16,11,14,8,,63+2,63+2,63+2,63,64,64,64,63,65+2,65+2,65+2,65+2,70+2,70+2,70+2,65+2,70+2,73+1,73+1,73+1,70+2,69+2,72+2,72+2,72+2,69+2,19+2,https://cdn.sofifa.net/players/162/329/22_120.png,https://cdn.sofifa.net/teams/607/60.png,https://cdn.sofifa.net/flags/sa.png,,https://cdn.sofifa.net/flags/ma.png
193738,Y. Belhanda,Younès Belhanda,"CM, CAM",74,74,31,Morocco,,,Adana Demirspor,Turkish Süper Lig,3500000.0,17000.0,72.0,71.0,77.0,78.0,59.0,69.0,193738,https://sofifa.com/player/193738/younes-belhanda/220002,Y. Belhanda,"CM, CAM",74,74,3500000.0,17000.0,31,1990-02-25,179,75,101016.0,Adana Demirspor,Turkish Süper Lig,1.0,CAM,10.0,,2021-07-02,2024.0,129,Morocco,,,,Right,4,4,2,Medium/Medium,Normal (170-185),No,7000000.0,,"Finesse Shot, Flair, Playmaker (AI), Outside Foot Shot, Technical Dribbler (AI)",72.0,71.0,77.0,78.0,59.0,69.0,77,70,67,77,69,79,78,75,76,80,73,72,74,69,78,73,79,74,63,69,75,60,71,79,80,72,55,59,58,15,16,11,6,16,,72+2,72+2,72+2,75-1,74,74,74,75-1,76-2,76-2,76-2,76-2,74,74,74,76-2,69+2,68+2,68+2,68+2,69+2,67+2,64+2,64+2,64+2,67+2,19+2,https://cdn.sofifa.net/players/193/738/22_120.png,https://cdn.sofifa.net/teams/101016/60.png,https://cdn.sofifa.net/flags/tr.png,,https://cdn.sofifa.net/flags/ma.png
211381,S. Boufal,Sofiane Boufal,"LM, LW",74,74,27,Morocco,,,Angers SCO,French Ligue 1,4500000.0,21000.0,79.0,66.0,72.0,79.0,27.0,50.0,211381,https://sofifa.com/player/211381/sofiane-boufal/220002,S. Boufal,"LM, LW",74,74,4500000.0,21000.0,27,1993-09-17,175,67,1530.0,Angers SCO,French Ligue 1,1.0,LS,13.0,,2020-10-05,2024.0,129,Morocco,,,,Right,4,4,2,Medium/Low,Lean (170-185),Yes,9000000.0,,"Finesse Shot, Flair, Technical Dribbler (AI)",79.0,66.0,72.0,79.0,27.0,50.0,70,62,35,75,70,79,75,63,65,79,81,77,89,63,84,70,38,51,52,65,47,19,73,73,69,72,16,40,32,9,16,10,14,7,,66+2,66+2,66+2,74,72,72,72,74,74,74,74,73+1,67+2,67+2,67+2,73+1,54+2,50+2,50+2,50+2,54+2,49+2,39+2,39+2,39+2,49+2,17+2,https://cdn.sofifa.net/players/211/381/22_120.png,https://cdn.sofifa.net/teams/1530/60.png,https://cdn.sofifa.net/flags/fr.png,,https://cdn.sofifa.net/flags/ma.png
225410,A. Masina,Adam Masina,LB,74,75,27,Morocco,,,Watford,English Premier League,4400000.0,39000.0,62.0,42.0,66.0,68.0,72.0,73.0,225410,https://sofifa.com/player/225410/adam-masina/220002,A. Masina,LB,74,75,4400000.0,39000.0,27,1994-01-02,191,87,1795.0,Watford,English Premier League,1.0,LB,11.0,,2018-07-02,2023.0,129,Morocco,,,,Left,3,3,1,Medium/High,Normal (185+),Yes,8700000.0,,Dives Into Tackles (AI),62.0,42.0,66.0,68.0,72.0,73.0,74,30,72,69,37,69,64,35,68,73,54,69,63,69,42,63,64,75,75,46,66,72,58,60,31,72,69,75,76,14,14,13,7,6,,59+2,59+2,59+2,62,61,61,61,62,63+2,63+2,63+2,65+2,67+2,67+2,67+2,65+2,72+2,71+2,71+2,71+2,72+2,72+2,72+2,72+2,72+2,72+2,17+2,https://cdn.sofifa.net/players/225/410/22_120.png,https://cdn.sofifa.net/teams/1795/60.png,https://cdn.sofifa.net/flags/gb-eng.png,,https://cdn.sofifa.net/flags/ma.png
187702,O. El Kaddouri,Omar El Kaddouri,"CM, CAM, LW",73,73,30,Morocco,,,PAOK,Greek Super League,2900000.0,1000.0,71.0,69.0,74.0,74.0,58.0,70.0,187702,https://sofifa.com/player/187702/omar-el-kaddouri/220002,O. El Kaddouri,"CM, CAM, LW",73,73,2900000.0,1000.0,30,1990-08-21,185,74,393.0,PAOK,Greek Super League,1.0,LW,7.0,,2017-08-25,2023.0,129,Morocco,,,,Right,4,3,1,Medium/Medium,Normal (185+),No,6400000.0,,Technical Dribbler (AI),71.0,69.0,74.0,74.0,58.0,70.0,73,62,70,75,66,76,76,71,74,78,68,73,63,68,54,78,70,69,77,73,56,61,74,75,68,72,50,61,57,5,14,6,6,9,,72+1,72+1,72+1,72,73,73,73,72,73,73,73,73,73,73,73,73,67+2,67+2,67+2,67+2,67+2,66+2,63+2,63+2,63+2,66+2,15+2,https://cdn.sofifa.net/players/187/702/22_120.png,https://cdn.sofifa.net/teams/393/60.png,https://cdn.sofifa.net/flags/gr.png,,https://cdn.sofifa.net/flags/ma.png
177003,L. Modrić,Luka Modrić,CM,87,87,35,Croatia,,,Real Madrid CF,Spain Primera Division,32000000.0,190000.0,73.0,76.0,89.0,88.0,72.0,66.0,177003,https://sofifa.com/player/177003/luka-modric/220002,L. Modrić,CM,87,87,32000000.0,190000.0,35,1985-09-09,172,66,243.0,Real Madrid CF,Spain Primera Division,1.0,RCM,10.0,,2012-08-01,2022.0,10,Croatia,,,,Right,4,4,4,Medium/Medium,Lean (170-185),Yes,65600000.0,"#Playmaker, #Crosser, #Acrobat, #Complete Midfielder","Long Shot Taker (AI), Playmaker (AI), Outside Foot Shot, Technical Dribbler (AI)",73.0,76.0,89.0,88.0,72.0,66.0,86,72,55,91,76,85,85,78,89,90,76,70,91,88,92,79,67,83,58,82,62,80,78,90,82,92,70,75,71,13,9,7,14,9,,76+3,76+3,76+3,83,82,82,82,83,85+2,85+2,85+2,84+3,86+1,86+1,86+1,84+3,81+3,81+3,81+3,81+3,81+3,78+3,72+3,72+3,72+3,78+3,19+3,https://cdn.sofifa.net/players/177/003/22_120.png,https://cdn.sofifa.net/teams/243/60.png,https://cdn.sofifa.net/flags/es.png,,https://cdn.sofifa.net/flags/hr.png
216352,M. Brozović,Marcelo Brozović,"CDM, CM",84,84,28,Croatia,,,Inter,Italian Serie A,37000000.0,130000.0,69.0,74.0,80.0,79.0,79.0,78.0,216352,https://sofifa.com/player/216352/marcelo-brozovic/220002,M. Brozović,"CDM, CM",84,84,37000000.0,130000.0,28,1992-11-16,181,68,44.0,Inter,Italian Serie A,1.0,CDM,77.0,,2016-07-01,2022.0,10,Croatia,,,,Right,4,3,3,Medium/Medium,Lean (170-185),Yes,62900000.0,,"Dives Into Tackles (AI), Finesse Shot, Long Passer (AI), Long Shot Taker (AI)",69.0,74.0,80.0,79.0,79.0,78.0,72,69,70,85,65,76,79,74,84,84,70,68,79,76,84,80,70,94,67,84,85,81,70,80,69,82,77,81,80,8,8,15,11,8,,74+3,74+3,74+3,76,76,76,76,76,79+3,79+3,79+3,77+3,82+2,82+2,82+2,77+3,80+3,82+2,82+2,82+2,80+3,79+3,78+3,78+3,78+3,79+3,16+3,https://cdn.sofifa.net/players/216/352/22_120.png,https://cdn.sofifa.net/teams/44/60.png,https://cdn.sofifa.net/flags/it.png,,https://cdn.sofifa.net/flags/hr.png
207410,M. Kovačić,Mateo Kovačić,"CM, CDM",83,84,27,Croatia,,,Chelsea,English Premier League,41500000.0,135000.0,70.0,69.0,83.0,88.0,69.0,70.0,207410,https://sofifa.com/player/207410/mateo-kovacic/220002,M. Kovačić,"CM, CDM",83,84,41500000.0,135000.0,27,1994-05-06,176,80,5.0,Chelsea,English Premier League,1.0,SUB,8.0,,2019-07-01,2024.0,10,Croatia,,,,Right,4,4,3,High/High,Normal (170-185),Yes,79900000.0,"#Dribbler, #Acrobat","Flair, Playmaker (AI), Technical Dribbler (AI)",70.0,69.0,83.0,88.0,69.0,70.0,73,61,42,90,76,89,79,70,82,89,77,65,87,81,84,79,75,79,63,75,77,74,72,84,59,81,70,73,66,9,5,6,7,7,,72+3,72+3,72+3,80,79,79,79,80,82+2,82+2,82+2,80+3,83+1,83+1,83+1,80+3,77+3,79+3,79+3,79+3,77+3,74+3,70+3,70+3,70+3,74+3,15+3,https://cdn.sofifa.net/players/207/410/22_120.png,https://cdn.sofifa.net/teams/5/60.png,https://cdn.sofifa.net/flags/gb-eng.png,,https://cdn.sofifa.net/flags/hr.png
216354,A. Kramarić,Andrej Kramarić,"ST, CAM",83,83,30,Croatia,,,TSG Hoffenheim,German 1. Bundesliga,35500000.0,59000.0,71.0,86.0,76.0,86.0,30.0,71.0,216354,https://sofifa.com/player/216354/andrej-kramaric/220002,A. Kramarić,"ST, CAM",83,83,35500000.0,59000.0,30,1991-06-19,177,73,10029.0,TSG Hoffenheim,German 1. Bundesliga,1.0,CAM,27.0,,2015-01-16,2022.0,10,Croatia,,,,Right,4,4,3,Medium/Medium,Normal (170-185),Yes,60400000.0,"#Dribbler, #Clinical Finisher, #Complete Forward","Flair, Long Shot Taker (AI), Outside Foot Shot, Chip Shot (AI), Technical Dribbler (AI)",71.0,86.0,76.0,86.0,30.0,71.0,76,87,69,81,85,87,79,78,63,86,76,67,84,84,86,84,72,76,68,85,73,21,86,74,91,83,35,20,26,8,14,14,7,15,,82+1,82+1,82+1,82,83,83,83,82,82+1,82+1,82+1,80+3,73+3,73+3,73+3,80+3,58+3,56+3,56+3,56+3,58+3,54+3,48+3,48+3,48+3,54+3,19+3,https://cdn.sofifa.net/players/216/354/22_120.png,https://cdn.sofifa.net/teams/10029/60.png,https://cdn.sofifa.net/flags/de.png,,https://cdn.sofifa.net/flags/hr.png
168651,I. Rakitić,Ivan Rakitić,CM,82,82,33,Croatia,,,Sevilla FC,Spain Primera Division,18500000.0,39000.0,57.0,79.0,85.0,78.0,75.0,69.0,168651,https://sofifa.com/player/168651/ivan-rakitic/220002,I. Rakitić,CM,82,82,18500000.0,39000.0,33,1988-03-10,184,78,481.0,Sevilla FC,Spain Primera Division,1.0,SUB,10.0,,2020-09-01,2024.0,10,Croatia,,,,Right,4,3,3,Medium/Medium,Normal (170-185),Yes,38900000.0,,"Solid Player, Playmaker (AI), Outside Foot Shot",57.0,79.0,85.0,78.0,75.0,69.0,84,77,59,85,81,79,88,82,86,82,59,56,69,80,59,84,33,74,71,76,67,79,79,84,82,80,76,77,72,14,11,12,5,9,,75+3,75+3,75+3,77,78,78,78,77,79+3,79+3,79+3,78+3,82,82,82,78+3,77+3,79+3,79+3,79+3,77+3,75+3,73+3,73+3,73+3,75+3,18+3,https://cdn.sofifa.net/players/168/651/22_120.png,https://cdn.sofifa.net/teams/481/60.png,https://cdn.sofifa.net/flags/es.png,,https://cdn.sofifa.net/flags/hr.png
220018,A. Rebić,Ante Rebić,"LM, ST",82,82,27,Croatia,,,AC Milan,Italian Serie A,32500000.0,54000.0,86.0,83.0,75.0,81.0,48.0,80.0,220018,https://sofifa.com/player/220018/ante-rebic/220002,A. Rebić,"LM, ST",82,82,32500000.0,54000.0,27,1993-09-21,185,78,47.0,AC Milan,Italian Serie A,1.0,LM,12.0,,2020-09-12,2025.0,10,Croatia,,,,Right,4,4,1,High/Medium,Normal (185+),Yes,55300000.0,,Technical Dribbler (AI),86.0,83.0,75.0,81.0,48.0,80.0,76,85,74,79,82,84,76,66,67,82,83,88,74,85,71,85,66,81,80,80,84,39,79,74,65,75,48,50,31,13,15,12,13,14,,82,82,82,81,82,82,82,81,80+2,80+2,80+2,81+1,75+2,75+2,75+2,81+1,66+2,64+2,64+2,64+2,66+2,63+2,60+2,60+2,60+2,63+2,22+2,https://cdn.sofifa.net/players/220/018/22_120.png,https://cdn.sofifa.net/teams/47/60.png,https://cdn.sofifa.net/flags/it.png,,https://cdn.sofifa.net/flags/hr.png
241671,D. Livaković,Dominik Livaković,GK,82,87,26,Croatia,,,Dinamo Zagreb,Croatian Prva HNL,35000000.0,1000.0,,,,,,,241671,https://sofifa.com/player/241671/dominik-livakovic/220002,D. Livaković,GK,82,87,35000000.0,1000.0,26,1995-01-09,187,79,211.0,Dinamo Zagreb,Croatian Prva HNL,1.0,GK,40.0,,2015-08-31,2024.0,10,Croatia,,,,Right,3,1,2,Medium/Medium,Normal (185+),No,79600000.0,,Saves with Feet,,,,,,,13,12,13,46,10,19,12,11,56,28,57,54,65,80,30,56,61,32,75,9,26,21,11,60,15,64,24,20,21,81,78,74,80,85,56.0,33+2,33+2,33+2,33,35,35,35,33,38+2,38+2,38+2,36+2,40+2,40+2,40+2,36+2,32+2,38+2,38+2,38+2,32+2,32+2,33+2,33+2,33+2,32+2,81+2,https://cdn.sofifa.net/players/241/671/22_120.png,https://cdn.sofifa.net/teams/211/60.png,https://cdn.sofifa.net/flags/hr.png,,https://cdn.sofifa.net/flags/hr.png
181458,I. Perišić,Ivan Perišić,"LM, LW, LWB",81,81,32,Croatia,,,Inter,Italian Serie A,20500000.0,105000.0,81.0,79.0,76.0,79.0,64.0,74.0,181458,https://sofifa.com/player/181458/ivan-perisic/220002,I. Perišić,"LM, LW, LWB",81,81,20500000.0,105000.0,32,1989-02-02,186,80,44.0,Inter,Italian Serie A,1.0,LM,14.0,,2015-09-01,2022.0,10,Croatia,,,,Left,5,4,3,Medium/Medium,Lean (185+),Yes,34900000.0,,Flair,81.0,79.0,76.0,79.0,64.0,74.0,80,78,80,78,81,78,73,75,72,80,82,81,81,79,78,84,85,75,76,77,65,69,83,74,76,80,64,58,54,6,7,10,9,6,,80+1,80+1,80+1,79,79,79,79,79,78+3,78+3,78+3,79+2,76+3,76+3,76+3,79+2,72+3,70+3,70+3,70+3,72+3,71+3,69+3,69+3,69+3,71+3,15+3,https://cdn.sofifa.net/players/181/458/22_120.png,https://cdn.sofifa.net/teams/44/60.png,https://cdn.sofifa.net/flags/it.png,,https://cdn.sofifa.net/flags/hr.png
203890,Š. Vrsaljko,Šime Vrsaljko,"RB, RM",80,80,29,Croatia,,,Atlético de Madrid,Spain Primera Division,18500000.0,56000.0,79.0,55.0,73.0,74.0,78.0,77.0,203890,https://sofifa.com/player/203890/sime-vrsaljko/220002,Š. Vrsaljko,"RB, RM",80,80,18500000.0,56000.0,29,1992-01-10,181,76,240.0,Atlético de Madrid,Spain Primera Division,1.0,SUB,24.0,,2016-07-05,2022.0,10,Croatia,,,,Right,3,3,2,High/Medium,Normal (170-185),Yes,37900000.0,,"Injury Prone, Dives Into Tackles (AI)",79.0,55.0,73.0,74.0,78.0,77.0,81,44,73,76,53,74,70,57,70,77,77,81,66,74,70,75,84,85,73,58,75,79,65,68,52,67,78,80,77,15,11,10,10,12,,67+2,67+2,67+2,71,70,70,70,71,70+2,70+2,70+2,73+2,73+2,73+2,73+2,73+2,79+1,77+2,77+2,77+2,79+1,78+2,77+2,77+2,77+2,78+2,19+2,https://cdn.sofifa.net/players/203/890/22_120.png,https://cdn.sofifa.net/teams/240/60.png,https://cdn.sofifa.net/flags/es.png,,https://cdn.sofifa.net/flags/hr.png
241095,N. Vlašić,Nikola Vlašić,CAM,80,86,23,Croatia,,,West Ham United,English Premier League,33500000.0,66000.0,83.0,77.0,78.0,82.0,48.0,71.0,241095,https://sofifa.com/player/241095/nikola-vlasic/220002,N. Vlašić,CAM,80,86,33500000.0,66000.0,23,1997-10-04,178,79,19.0,West Ham United,English Premier League,1.0,SUB,11.0,,2021-08-31,2026.0,10,Croatia,,,,Right,5,3,2,High/Medium,Stocky (170-185),Yes,70400000.0,,"Long Shot Taker (AI), Technical Dribbler (AI)",83.0,77.0,78.0,82.0,48.0,71.0,71,76,65,81,72,85,70,72,77,80,82,83,78,78,88,80,55,80,69,81,68,26,77,82,66,77,54,55,37,6,14,15,9,14,,77+2,77+2,77+2,80,80,80,80,80,80+2,80+2,80+2,80+2,76+2,76+2,76+2,80+2,64+2,64+2,64+2,64+2,64+2,61+2,57+2,57+2,57+2,61+2,18+2,https://cdn.sofifa.net/players/241/095/22_120.png,https://cdn.sofifa.net/teams/19/60.png,https://cdn.sofifa.net/flags/gb-eng.png,,https://cdn.sofifa.net/flags/hr.png
188335,A. Budimir,Ante Budimir,ST,78,78,29,Croatia,,,CA Osasuna,Spain Primera Division,14000000.0,34000.0,65.0,78.0,48.0,73.0,35.0,77.0,188335,https://sofifa.com/player/188335/ante-budimir/220002,A. Budimir,ST,78,78,14000000.0,34000.0,29,1991-07-22,190,75,479.0,CA Osasuna,Spain Primera Division,1.0,SUB,17.0,,2021-06-07,2025.0,10,Croatia,,,,Left,4,3,2,Medium/High,Lean (185+),No,29400000.0,,,65.0,78.0,48.0,73.0,35.0,77.0,41,84,82,68,70,78,44,31,30,79,61,68,56,72,33,78,65,68,83,71,77,24,80,39,65,72,29,35,27,11,14,8,16,15,,78,78,78,69,73,73,73,69,67+2,67+2,67+2,66+2,59+2,59+2,59+2,66+2,51+2,50+2,50+2,50+2,51+2,49+2,51+2,51+2,51+2,49+2,20+2,https://cdn.sofifa.net/players/188/335/22_120.png,https://cdn.sofifa.net/teams/479/60.png,https://cdn.sofifa.net/flags/es.png,,https://cdn.sofifa.net/flags/hr.png
199206,D. Vida,Domagoj Vida,CB,78,78,32,Croatia,,,Beşiktaş JK,Turkish Süper Lig,9000000.0,42000.0,73.0,40.0,58.0,60.0,80.0,81.0,199206,https://sofifa.com/player/199206/domagoj-vida/220002,D. Vida,CB,78,78,9000000.0,42000.0,32,1989-04-29,184,76,327.0,Beşiktaş JK,Turkish Süper Lig,1.0,LCB,24.0,,2018-01-03,2022.0,10,Croatia,,,,Right,3,2,3,Medium/High,Lean (170-185),No,17100000.0,,"Solid Player, Dives Into Tackles (AI), Power Header",73.0,40.0,58.0,60.0,80.0,81.0,65,41,79,62,36,53,44,35,60,62,70,76,64,72,63,54,87,82,80,22,82,79,43,50,51,78,83,77,80,16,13,10,9,8,,57+3,57+3,57+3,57,55,55,55,57,55+3,55+3,55+3,60+3,60+3,60+3,60+3,60+3,73+3,72+3,72+3,72+3,73+3,75+3,78,78,78,75+3,18+3,https://cdn.sofifa.net/players/199/206/22_120.png,https://cdn.sofifa.net/teams/327/60.png,https://cdn.sofifa.net/flags/tr.png,,https://cdn.sofifa.net/flags/hr.png
223273,M. Pašalić,Mario Pašalić,"CM, CAM",78,81,26,Croatia,,,Atalanta,Italian Serie A,18000000.0,48000.0,64.0,75.0,75.0,77.0,67.0,76.0,223273,https://sofifa.com/player/223273/mario-pasalic/220002,M. Pašalić,"CM, CAM",78,81,18000000.0,48000.0,26,1995-02-09,188,82,39.0,Atalanta,Italian Serie A,1.0,SUB,88.0,,2018-07-25,2025.0,10,Croatia,,,,Right,4,4,2,High/Medium,Lean (185+),No,32000000.0,,Long Passer (AI),64.0,75.0,75.0,77.0,67.0,76.0,68,74,65,80,72,78,69,59,78,81,63,65,72,76,54,78,70,78,75,75,76,72,81,77,61,74,61,72,64,11,13,13,13,14,,75+2,75+2,75+2,75,77,77,77,75,77+2,77+2,77+2,76+2,78+2,78+2,78+2,76+2,72+2,74+2,74+2,74+2,72+2,70+2,70+2,70+2,70+2,70+2,20+2,https://cdn.sofifa.net/players/223/273/22_120.png,https://cdn.sofifa.net/teams/39/60.png,https://cdn.sofifa.net/flags/it.png,,https://cdn.sofifa.net/flags/hr.png
225263,D. Ćaleta-Car,Duje Ćaleta-Car,CB,78,83,24,Croatia,,,Olympique de Marseille,French Ligue 1,19000000.0,31000.0,59.0,39.0,60.0,62.0,79.0,82.0,225263,https://sofifa.com/player/225263/duje-caleta-car/220002,D. Ćaleta-Car,CB,78,83,19000000.0,31000.0,24,1996-09-17,192,89,219.0,Olympique de Marseille,French Ligue 1,1.0,SUB,15.0,,2018-07-20,2023.0,10,Croatia,,,,Right,3,2,2,Medium/High,Normal (185+),Yes,37500000.0,#Strength,Long Passer (AI),59.0,39.0,60.0,62.0,79.0,82.0,28,32,77,78,32,59,28,31,78,67,57,60,46,76,58,67,83,77,86,27,78,79,54,64,38,81,80,78,78,8,9,9,10,8,,59+2,59+2,59+2,56,60,60,60,56,62+2,62+2,62+2,60+2,69+2,69+2,69+2,60+2,68+2,77+2,77+2,77+2,68+2,70+2,78+2,78+2,78+2,70+2,16+2,https://cdn.sofifa.net/players/225/263/22_120.png,https://cdn.sofifa.net/teams/219/60.png,https://cdn.sofifa.net/flags/fr.png,,https://cdn.sofifa.net/flags/hr.png
221174,M. Oršić,Mislav Oršić,"LM, LW, ST",77,77,28,Croatia,,,Dinamo Zagreb,Croatian Prva HNL,10500000.0,1000.0,90.0,82.0,71.0,77.0,56.0,62.0,221174,https://sofifa.com/player/221174/mislav-orsic/220002,M. Oršić,"LM, LW, ST",77,77,10500000.0,1000.0,28,1992-12-29,179,69,211.0,Dinamo Zagreb,Croatian Prva HNL,1.0,LM,99.0,,2018-07-01,2025.0,10,Croatia,,,,Right,4,3,2,High/High,Lean (170-185),No,23100000.0,"#Speedster, #Acrobat","Power Free-Kick, Finesse Shot, Long Shot Taker (AI), Speed Dribbler (AI)",90.0,82.0,71.0,77.0,56.0,62.0,76,81,50,70,78,76,83,82,64,73,89,91,90,77,85,82,66,82,57,86,49,58,78,65,77,77,56,57,55,8,13,6,15,14,,75+2,75+2,75+2,78-1,77,77,77,78-1,75+2,75+2,75+2,76+1,71+2,71+2,71+2,76+1,70+2,64+2,64+2,64+2,70+2,68+2,59+2,59+2,59+2,68+2,19+2,https://cdn.sofifa.net/players/221/174/22_120.png,https://cdn.sofifa.net/teams/211/60.png,https://cdn.sofifa.net/flags/hr.png,,https://cdn.sofifa.net/flags/hr.png
243388,B. Sosa,Borna Sosa,"LWB, LM",77,82,23,Croatia,,,VfB Stuttgart,German 1. Bundesliga,15000000.0,23000.0,79.0,43.0,75.0,75.0,71.0,69.0,243388,https://sofifa.com/player/243388/borna-sosa/220002,B. Sosa,"LWB, LM",77,82,15000000.0,23000.0,23,1998-01-21,187,79,36.0,VfB Stuttgart,German 1. Bundesliga,1.0,LM,24.0,,2018-07-01,2025.0,10,Croatia,,,,Left,2,3,2,High/Low,Normal (185+),Yes,28100000.0,,"Injury Prone, Early Crosser, Speed Dribbler (AI)",79.0,43.0,75.0,75.0,71.0,69.0,86,36,64,74,35,76,75,55,72,76,78,79,72,74,68,58,67,78,67,44,65,71,64,73,31,69,71,72,70,10,6,6,8,9,,62+2,62+2,62+2,70,67,67,67,70,70+2,70+2,70+2,73+2,71+2,71+2,71+2,73+2,75+2,72+2,72+2,72+2,75+2,74+2,70+2,70+2,70+2,74+2,15+2,https://cdn.sofifa.net/players/243/388/22_120.png,https://cdn.sofifa.net/teams/36/60.png,https://cdn.sofifa.net/flags/de.png,,https://cdn.sofifa.net/flags/hr.png
201144,M. Badelj,Milan Badelj,"CDM, CM",76,76,32,Croatia,,,Genoa,Italian Serie A,5000000.0,16000.0,50.0,63.0,74.0,72.0,73.0,72.0,201144,https://sofifa.com/player/201144/milan-badelj/220002,M. Badelj,"CDM, CM",76,76,5000000.0,16000.0,32,1989-02-25,186,80,110556.0,Genoa,Italian Serie A,1.0,CDM,47.0,,2020-09-16,2023.0,10,Croatia,,,,Right,4,3,2,Medium/Medium,Lean (185+),No,9000000.0,,"Long Passer (AI), Long Shot Taker (AI), Playmaker (AI)",50.0,63.0,74.0,72.0,73.0,72.0,69,54,66,80,66,72,64,58,78,76,51,50,64,69,64,72,54,80,68,74,74,74,62,74,68,69,73,75,69,8,9,14,15,6,,65+2,65+2,65+2,67,68,68,68,67,70+2,70+2,70+2,69+2,75+1,75+1,75+1,69+2,71+2,75+1,75+1,75+1,71+2,70+2,71+2,71+2,71+2,70+2,16+2,https://cdn.sofifa.net/players/201/144/22_120.png,https://cdn.sofifa.net/teams/110556/60.png,https://cdn.sofifa.net/flags/it.png,,https://cdn.sofifa.net/flags/hr.png
215455,B. Petković,Bruno Petković,"ST, CAM",76,77,26,Croatia,,,Dinamo Zagreb,Croatian Prva HNL,9000000.0,1000.0,75.0,72.0,75.0,80.0,39.0,77.0,215455,https://sofifa.com/player/215455/bruno-petkovic/220002,B. Petković,"ST, CAM",76,77,9000000.0,1000.0,26,1994-09-16,193,88,211.0,Dinamo Zagreb,Croatian Prva HNL,1.0,ST,21.0,,2018-08-06,2024.0,10,Croatia,,,,Right,4,4,1,Medium/High,Normal (185+),No,20500000.0,#Strength,"Flair, Playmaker (AI), Technical Dribbler (AI)",75.0,72.0,75.0,80.0,39.0,77.0,66,72,78,79,78,83,69,76,70,85,74,76,77,68,49,82,75,73,92,61,44,23,64,84,86,79,39,41,29,11,15,9,14,10,,76+1,76+1,76+1,75,76,76,76,75,77,77,77,76+1,72+2,72+2,72+2,76+1,58+2,58+2,58+2,58+2,58+2,55+2,53+2,53+2,53+2,55+2,18+2,https://cdn.sofifa.net/players/215/455/22_120.png,https://cdn.sofifa.net/teams/211/60.png,https://cdn.sofifa.net/flags/hr.png,,https://cdn.sofifa.net/flags/hr.png
234711,J. Brekalo,Josip Brekalo,"LM, CF",76,80,23,Croatia,,,Torino F.C.,Italian Serie A,11000000.0,44000.0,76.0,73.0,71.0,82.0,35.0,52.0,234711,https://sofifa.com/player/234711/josip-brekalo/220002,J. Brekalo,"LM, CF",76,80,11000000.0,44000.0,23,1998-06-23,175,70,54.0,Torino F.C.,Italian Serie A,1.0,RES,14.0,VfL Wolfsburg,,2022.0,10,Croatia,,,,Right,4,4,2,Medium/Low,Lean (170-185),Yes,,,,76.0,73.0,71.0,82.0,35.0,52.0,74,74,45,74,62,84,77,70,62,80,84,69,87,73,83,75,63,65,49,75,38,30,75,69,59,68,33,39,29,9,7,5,6,14,,71+2,71+2,71+2,77,76,76,76,77,76+2,76+2,76+2,75+2,69+2,69+2,69+2,75+2,58+2,53+2,53+2,53+2,58+2,54+2,44+2,44+2,44+2,54+2,16+2,https://cdn.sofifa.net/players/234/711/22_120.png,https://cdn.sofifa.net/teams/54/60.png,https://cdn.sofifa.net/flags/it.png,,https://cdn.sofifa.net/flags/hr.png
244261,L. Majer,Lovro Majer,"CAM, CM, RM",76,84,23,Croatia,,,Stade Rennais FC,French Ligue 1,16500000.0,36000.0,69.0,69.0,78.0,83.0,54.0,59.0,244261,https://sofifa.com/player/244261/lovro-majer/220002,L. Majer,"CAM, CM, RM",76,84,16500000.0,36000.0,23,1998-01-17,179,75,74.0,Stade Rennais FC,French Ligue 1,1.0,SUB,21.0,,2021-08-26,2026.0,10,Croatia,,,,Left,3,4,1,High/Medium,Lean (170-185),No,34700000.0,,"Flair, Playmaker (AI), Technical Dribbler (AI)",69.0,69.0,78.0,83.0,54.0,59.0,81,67,49,77,67,85,86,77,77,85,78,62,86,70,70,76,50,81,49,67,57,61,65,78,78,73,53,59,28,9,12,12,5,6,,69+2,69+2,69+2,76,74,74,74,76,76+2,76+2,76+2,77+2,75+2,75+2,75+2,77+2,67+2,66+2,66+2,66+2,67+2,63+2,55+2,55+2,55+2,63+2,15+2,https://cdn.sofifa.net/players/244/261/22_120.png,https://cdn.sofifa.net/teams/74/60.png,https://cdn.sofifa.net/flags/fr.png,,https://cdn.sofifa.net/flags/hr.png
185431,N. Kalinić,Nikola Kalinić,ST,75,75,33,Croatia,,,Hellas Verona,Italian Serie A,3600000.0,27000.0,63.0,74.0,64.0,73.0,42.0,67.0,185431,https://sofifa.com/player/185431/nikola-kalinic/220002,N. Kalinić,ST,75,75,3600000.0,27000.0,33,1988-01-05,187,79,206.0,Hellas Verona,Italian Serie A,1.0,SUB,29.0,,2020-10-05,2022.0,10,Croatia,,,,Right,4,2,3,High/Low,Lean (185+),No,6100000.0,,Injury Prone,63.0,74.0,64.0,73.0,42.0,67.0,60,79,77,74,74,73,64,50,48,76,59,67,69,78,55,77,65,55,73,60,68,42,81,66,70,78,44,32,28,9,11,9,11,7,,75,75,75,72,74,74,74,72,72+3,72+3,72+3,70+3,65+3,65+3,65+3,70+3,55+3,56+3,56+3,56+3,55+3,53+3,54+3,54+3,54+3,53+3,17+3,https://cdn.sofifa.net/players/185/431/22_120.png,https://cdn.sofifa.net/teams/206/60.png,https://cdn.sofifa.net/flags/it.png,,https://cdn.sofifa.net/flags/hr.png
205855,M. Livaja,Marko Livaja,"LW, CAM, ST",75,75,27,Croatia,,,Hajduk Split,Croatian Prva HNL,6000000.0,1000.0,79.0,75.0,67.0,76.0,32.0,77.0,205855,https://sofifa.com/player/205855/marko-livaja/220002,M. Livaja,"LW, CAM, ST",75,75,6000000.0,1000.0,27,1993-08-26,182,80,263.0,Hajduk Split,Croatian Prva HNL,1.0,CAM,10.0,,2021-02-18,2024.0,10,Croatia,,,,Right,5,3,1,Medium/Low,Normal (170-185),No,13200000.0,,"Flair, Long Shot Taker (AI), Outside Foot Shot",79.0,75.0,67.0,76.0,32.0,77.0,67,76,73,74,70,78,68,71,39,79,82,76,67,75,61,82,78,67,78,69,88,25,75,73,66,74,39,22,16,15,9,12,15,12,,76-1,76-1,76-1,75,76-1,76-1,76-1,75,74+1,74+1,74+1,73+2,65+2,65+2,65+2,73+2,55+2,52+2,52+2,52+2,55+2,51+2,50+2,50+2,50+2,51+2,20+2,https://cdn.sofifa.net/players/205/855/22_120.png,https://cdn.sofifa.net/teams/263/60.png,https://cdn.sofifa.net/flags/hr.png,,https://cdn.sofifa.net/flags/hr.png
229593,M. Pjaca,Marko Pjaca,"LW, RW, CAM",75,76,26,Croatia,,,Torino F.C.,Italian Serie A,6500000.0,63000.0,76.0,67.0,74.0,81.0,41.0,63.0,229593,https://sofifa.com/player/229593/marko-pjaca/220002,M. Pjaca,"LW, RW, CAM",75,76,6500000.0,63000.0,26,1995-05-06,186,83,54.0,Torino F.C.,Italian Serie A,1.0,LF,11.0,Juventus,,2022.0,10,Croatia,,,,Right,4,3,2,High/Medium,Normal (185+),No,,,"Injury Prone, Flair, Technical Dribbler (AI)",76.0,67.0,74.0,81.0,41.0,63.0,76,61,68,77,72,86,82,72,67,84,74,78,77,68,58,76,67,54,73,72,50,30,62,68,72,70,41,42,34,11,5,10,9,12,,71+2,71+2,71+2,75,74,74,74,75,74+2,74+2,74+2,74+2,69+2,69+2,69+2,74+2,59+2,57+2,57+2,57+2,59+2,56+2,52+2,52+2,52+2,56+2,16+2,https://cdn.sofifa.net/players/229/593/22_120.png,https://cdn.sofifa.net/teams/54/60.png,https://cdn.sofifa.net/flags/it.png,,https://cdn.sofifa.net/flags/hr.png
232241,M. Caktaš,Mijo Caktaš,"CAM, CM",75,75,29,Croatia,,,Damac FC,Saudi Abdul L. Jameel League,5500000.0,22000.0,68.0,76.0,73.0,75.0,62.0,72.0,232241,https://sofifa.com/player/232241/mijo-caktas/220002,M. Caktaš,"CAM, CM",75,75,5500000.0,22000.0,29,1992-05-08,178,68,113217.0,Damac FC,Saudi Abdul L. Jameel League,1.0,CAM,10.0,,2021-07-18,2023.0,10,Croatia,,,,Right,3,3,1,High/Medium,Normal (170-185),No,9100000.0,,"Dives Into Tackles (AI), Long Shot Taker (AI)",68.0,76.0,73.0,75.0,62.0,72.0,70,78,48,76,69,76,67,73,73,75,67,69,75,74,76,71,53,85,67,76,75,65,77,71,74,69,59,68,59,13,5,14,13,11,,72+2,72+2,72+2,74,74,74,74,74,75,75,75,74+1,74+1,74+1,74+1,74+1,70+2,71+2,71+2,71+2,70+2,68+2,64+2,64+2,64+2,68+2,18+2,https://cdn.sofifa.net/players/232/241/22_120.png,https://cdn.sofifa.net/teams/113217/60.png,https://cdn.sofifa.net/flags/sa.png,,https://cdn.sofifa.net/flags/hr.png
238370,M. Pongračić,Marin Pongračić,CB,75,81,23,Croatia,,,Borussia Dortmund,German 1. Bundesliga,8000000.0,38000.0,72.0,26.0,51.0,63.0,74.0,78.0,238370,https://sofifa.com/player/238370/marin-pongracic/220002,M. Pongračić,CB,75,81,8000000.0,38000.0,23,1997-09-11,190,95,22.0,Borussia Dortmund,German 1. Bundesliga,1.0,RES,34.0,VfL Wolfsburg,,2022.0,10,Croatia,,,,Right,3,2,1,Medium/Medium,Normal (185+),No,,#Strength,,72.0,26.0,51.0,63.0,74.0,78.0,27,21,76,64,25,63,31,25,63,65,64,78,63,70,50,40,77,55,90,22,77,71,28,54,30,65,72,77,79,6,6,14,8,5,,51+2,51+2,51+2,52,52,52,52,52,55+2,55+2,55+2,55+2,59+2,59+2,59+2,55+2,64+2,69+2,69+2,69+2,64+2,67+2,75+2,75+2,75+2,67+2,14+2,https://cdn.sofifa.net/players/238/370/22_120.png,https://cdn.sofifa.net/teams/22/60.png,https://cdn.sofifa.net/flags/de.png,,https://cdn.sofifa.net/flags/hr.png
241673,B. Barišić,Borna Barišić,LB,75,75,28,Croatia,,,Rangers FC,Scottish Premiership,5000000.0,44000.0,76.0,60.0,75.0,72.0,70.0,77.0,241673,https://sofifa.com/player/241673/borna-barisic/220002,B. Barišić,LB,75,75,5000000.0,44000.0,28,1992-11-10,186,80,86.0,Rangers FC,Scottish Premiership,1.0,LB,31.0,,2018-08-07,2024.0,10,Croatia,,,,Left,3,3,1,High/Medium,Normal (185+),No,9000000.0,,"Early Crosser, Speed Dribbler (AI)",76.0,60.0,75.0,72.0,70.0,77.0,82,55,67,73,42,71,78,77,72,73,75,77,70,67,73,72,69,84,76,59,71,72,70,70,66,73,69,72,70,12,13,6,8,9,,67+2,67+2,67+2,71,69,69,69,71,70+2,70+2,70+2,73+2,71+2,71+2,71+2,73+2,74+1,72+2,72+2,72+2,74+1,73+2,71+2,71+2,71+2,73+2,16+2,https://cdn.sofifa.net/players/241/673/22_120.png,https://cdn.sofifa.net/teams/86/60.png,https://cdn.sofifa.net/flags/gb-sct.png,,https://cdn.sofifa.net/flags/hr.png
230481,Ronaldo Cabrais,Ronaldo Jailson Cabrais Petri,"CAM, RM",83,83,29,Brazil,RW,9.0,Grêmio,Campeonato Brasileiro Série A,35500000.0,49000.0,88.0,77.0,83.0,84.0,35.0,72.0,230481,https://sofifa.com/player/230481/ronaldo-jailson-cabrais-petri/220002,Ronaldo Cabrais,"CAM, RM",83,83,35500000.0,49000.0,29,1992-02-29,177,75,1629.0,Grêmio,Campeonato Brasileiro Série A,1.0,CAM,7.0,,2021-07-08,2024.0,54,Brazil,1370.0,RW,9.0,Right,4,4,1,Medium/Low,Normal (170-185),No,67500000.0,#Acrobat,"Power Free-Kick, Flair, Long Shot Taker (AI), Technical Dribbler (AI)",88.0,77.0,83.0,84.0,35.0,72.0,83,74,64,83,76,85,86,78,82,83,90,87,86,84,71,82,69,88,68,78,62,40,82,83,77,81,24,35,33,12,12,13,15,13,,79+2,79+2,79+2,83,82,82,82,83,83,83,83,84-1,78+2,78+2,78+2,84-1,66+2,62+2,62+2,62+2,66+2,61+2,51+2,51+2,51+2,61+2,21+2,https://cdn.sofifa.net/players/230/481/22_120.png,https://cdn.sofifa.net/teams/1629/60.png,https://cdn.sofifa.net/flags/br.png,https://cdn.sofifa.net/teams/1370/60.png,https://cdn.sofifa.net/flags/br.png
230168,Raphaelinho Anjos,Raphael William Anjos Rochedo,GK,82,82,33,Brazil,GK,1.0,RB Bragantino,Campeonato Brasileiro Série A,10000000.0,20000.0,,,,,,,230168,https://sofifa.com/player/230168/raphael-william-anjos-rochedo/220002,Raphaelinho Anjos,GK,82,82,10000000.0,20000.0,33,1988-02-29,190,85,112472.0,RB Bragantino,Campeonato Brasileiro Série A,1.0,GK,1.0,,2021-08-13,2024.0,54,Brazil,1370.0,GK,1.0,Right,2,1,1,Medium/Medium,Normal (185+),No,19000000.0,,Team Player,,,,,,,10,8,11,18,8,9,9,18,16,21,41,42,34,82,41,58,67,29,79,7,34,23,20,51,14,67,20,17,13,79,84,77,83,78,41.0,29+2,29+2,29+2,25,29,29,29,25,27+2,27+2,27+2,26+2,27+2,27+2,27+2,26+2,26+2,28+2,28+2,28+2,26+2,26+2,30+2,30+2,30+2,26+2,81+1,https://cdn.sofifa.net/players/230/168/22_120.png,https://cdn.sofifa.net/teams/112472/60.png,https://cdn.sofifa.net/flags/br.png,https://cdn.sofifa.net/teams/1370/60.png,https://cdn.sofifa.net/flags/br.png
230375,Josué Chiamulera,Josué Durval Chiamulera Vaz,CB,82,82,29,Brazil,RCB,3.0,Grêmio,Campeonato Brasileiro Série A,25500000.0,41000.0,78.0,43.0,56.0,64.0,85.0,79.0,230375,https://sofifa.com/player/230375/josue-durval-chiamulera-vaz/220002,Josué Chiamulera,CB,82,82,25500000.0,41000.0,29,1992-02-29,185,80,1629.0,Grêmio,Campeonato Brasileiro Série A,1.0,RCB,2.0,,2021-07-08,2024.0,54,Brazil,1370.0,RCB,3.0,Right,3,2,1,Medium/Medium,Normal (185+),No,48500000.0,,,78.0,43.0,56.0,64.0,85.0,79.0,40,38,83,74,44,56,45,49,61,70,80,76,76,85,57,53,73,77,76,41,88,84,38,42,56,71,85,87,82,16,15,13,15,10,,60+2,60+2,60+2,59,59,59,59,59,60+2,60+2,60+2,61+2,64+2,64+2,64+2,61+2,74+2,77+2,77+2,77+2,74+2,77+2,82,82,82,77+2,22+2,https://cdn.sofifa.net/players/230/375/22_120.png,https://cdn.sofifa.net/teams/1629/60.png,https://cdn.sofifa.net/flags/br.png,https://cdn.sofifa.net/teams/1370/60.png,https://cdn.sofifa.net/flags/br.png
230225,Juiano Mestres,Juan Everton Mestres de Mesquita,"CB, CDM",81,81,25,Brazil,LCB,4.0,Clube Atlético Mineiro,Campeonato Brasileiro Série A,25000000.0,41000.0,71.0,61.0,57.0,63.0,82.0,80.0,230225,https://sofifa.com/player/230225/juan-everton-mestres-de-mesquita/220002,Juiano Mestres,"CB, CDM",81,81,25000000.0,41000.0,25,1996-02-29,181,82,1035.0,Clube Atlético Mineiro,Campeonato Brasileiro Série A,1.0,RCB,21.0,,2021-07-05,2024.0,54,Brazil,1370.0,LCB,4.0,Right,3,2,1,High/Medium,Normal (170-185),No,45000000.0,,Power Header,71.0,61.0,57.0,63.0,82.0,80.0,40,56,83,67,63,60,72,58,58,64,68,74,61,78,63,74,91,76,79,61,86,82,58,50,62,70,77,85,84,18,12,14,11,18,,67+2,67+2,67+2,61,64,64,64,61,62+2,62+2,62+2,62+2,65+2,65+2,65+2,62+2,71+2,74+2,74+2,74+2,71+2,74+2,81,81,81,74+2,22+2,https://cdn.sofifa.net/players/230/225/22_120.png,https://cdn.sofifa.net/teams/1035/60.png,https://cdn.sofifa.net/flags/br.png,https://cdn.sofifa.net/teams/1370/60.png,https://cdn.sofifa.net/flags/br.png
230256,Adryan Zonta,Adryan Juliano Zonta Torres,"LWB, LB",81,81,29,Brazil,LB,6.0,RB Bragantino,Campeonato Brasileiro Série A,22500000.0,24000.0,93.0,66.0,75.0,76.0,72.0,77.0,230256,https://sofifa.com/player/230256/adryan-juliano-zonta-torres/220002,Adryan Zonta,"LWB, LB",81,81,22500000.0,24000.0,29,1992-02-29,172,68,112472.0,RB Bragantino,Campeonato Brasileiro Série A,1.0,LB,3.0,,2021-07-05,2024.0,54,Brazil,1370.0,LB,6.0,Left,4,2,1,Medium/Medium,Normal (170-185),No,42800000.0,#Speedster,,93.0,66.0,75.0,76.0,72.0,77.0,81,59,66,81,64,77,70,66,71,72,92,93,81,82,78,73,75,91,73,73,69,74,69,64,65,74,73,72,69,12,15,9,10,14,,72+2,72+2,72+2,76,74,74,74,76,74+2,74+2,74+2,77+2,74+2,74+2,74+2,77+2,79+2,75+2,75+2,75+2,79+2,78+2,73+2,73+2,73+2,78+2,20+2,https://cdn.sofifa.net/players/230/256/22_120.png,https://cdn.sofifa.net/teams/112472/60.png,https://cdn.sofifa.net/flags/br.png,https://cdn.sofifa.net/teams/1370/60.png,https://cdn.sofifa.net/flags/br.png
230258,Rosberto Dourado,Rosberto J. Dourado Santos,"CDM, CM, CAM",81,81,21,Brazil,CDM,22.0,Sport Club Corinthians Paulista,Campeonato Brasileiro Série A,27000000.0,26000.0,77.0,57.0,74.0,77.0,82.0,68.0,230258,https://sofifa.com/player/230258/rosberto-j-dourado-santos/220002,Rosberto Dourado,"CDM, CM, CAM",81,81,27000000.0,26000.0,21,2000-02-29,175,70,1041.0,Sport Club Corinthians Paulista,Campeonato Brasileiro Série A,1.0,RDM,22.0,,2021-07-07,2024.0,54,Brazil,1370.0,CDM,22.0,Right,4,2,1,High/Medium,Lean (170-185),No,51300000.0,,"Finesse Shot, Long Passer (AI), Technical Dribbler (AI)",77.0,57.0,74.0,77.0,82.0,68.0,61,53,70,82,57,77,54,57,78,76,75,78,72,80,77,60,40,91,56,59,75,82,58,77,77,81,83,86,80,15,14,14,10,9,,66+2,66+2,66+2,71,71,71,71,71,73+2,73+2,73+2,74+2,77+2,77+2,77+2,74+2,79+2,80+1,80+1,80+1,79+2,79+2,77+2,77+2,77+2,79+2,20+2,https://cdn.sofifa.net/players/230/258/22_120.png,https://cdn.sofifa.net/teams/1041/60.png,https://cdn.sofifa.net/flags/br.png,https://cdn.sofifa.net/teams/1370/60.png,https://cdn.sofifa.net/flags/br.png
230294,Louri Beretta,Lourival Adnan Beretta Barbosa,"ST, CF",81,81,29,Brazil,SUB,7.0,RB Bragantino,Campeonato Brasileiro Série A,25500000.0,28000.0,78.0,84.0,62.0,72.0,33.0,71.0,230294,https://sofifa.com/player/230294/lourival-adnan-beretta-barbosa/220002,Louri Beretta,"ST, CF",81,81,25500000.0,28000.0,29,1992-02-29,188,83,112472.0,RB Bragantino,Campeonato Brasileiro Série A,1.0,ST,9.0,,2021-07-05,2024.0,54,Brazil,1370.0,SUB,7.0,Right,3,4,1,High/Low,Normal (185+),No,48500000.0,,Power Header,78.0,84.0,62.0,72.0,33.0,71.0,56,85,83,73,82,75,59,67,47,74,74,82,60,84,47,85,85,52,82,82,65,32,83,58,77,79,26,27,24,8,11,20,19,20,,81,81,81,74,78,78,78,74,73+2,73+2,73+2,71+2,64+2,64+2,64+2,71+2,53+2,51+2,51+2,51+2,53+2,51+2,51+2,51+2,51+2,51+2,22+2,https://cdn.sofifa.net/players/230/294/22_120.png,https://cdn.sofifa.net/teams/112472/60.png,https://cdn.sofifa.net/flags/br.png,https://cdn.sofifa.net/teams/1370/60.png,https://cdn.sofifa.net/flags/br.png
230347,Welington Dano,Welington Kauê Dano Nascimento,"LB, LM",81,81,21,Brazil,LCM,18.0,Clube Atlético Mineiro,Campeonato Brasileiro Série A,27500000.0,31000.0,79.0,54.0,76.0,79.0,75.0,74.0,230347,https://sofifa.com/player/230347/welington-kaue-dano-nascimento/220002,Welington Dano,"LB, LM",81,81,27500000.0,31000.0,21,2000-02-29,178,69,1035.0,Clube Atlético Mineiro,Campeonato Brasileiro Série A,1.0,LB,7.0,,2021-07-05,2024.0,54,Brazil,1370.0,LCM,18.0,Left,4,4,1,Medium/Medium,Lean (170-185),No,49500000.0,,,79.0,54.0,76.0,79.0,75.0,74.0,82,51,69,78,47,77,83,52,71,78,78,80,83,80,81,55,71,89,68,53,69,77,72,75,61,82,70,77,81,16,15,15,7,7,,67+2,67+2,67+2,74,72,72,72,74,74+2,74+2,74+2,76+2,75+2,75+2,75+2,76+2,79+2,76+2,76+2,76+2,79+2,79+2,74+2,74+2,74+2,79+2,19+2,https://cdn.sofifa.net/players/230/347/22_120.png,https://cdn.sofifa.net/teams/1035/60.png,https://cdn.sofifa.net/flags/br.png,https://cdn.sofifa.net/teams/1370/60.png,https://cdn.sofifa.net/flags/br.png
230430,Oswaldinato,Marvin Oswaldo Rangel Azevedo,ST,81,81,29,Brazil,ST,20.0,Flamengo,Campeonato Brasileiro Série A,25500000.0,56000.0,76.0,81.0,67.0,77.0,20.0,78.0,230430,https://sofifa.com/player/230430/marvin-oswaldo-rangel-azevedo/220002,Oswaldinato,ST,81,81,25500000.0,56000.0,29,1992-02-29,184,79,1043.0,Flamengo,Campeonato Brasileiro Série A,1.0,ST,20.0,,2021-07-07,2024.0,54,Brazil,1370.0,ST,20.0,Right,3,2,1,Medium/Medium,Normal (170-185),No,45900000.0,#Poacher,"Long Shot Taker (AI), Power Header",76.0,81.0,67.0,77.0,20.0,78.0,68,85,82,71,72,78,59,49,60,77,77,76,75,82,66,79,81,72,87,76,62,11,85,70,87,78,15,11,18,9,12,7,8,7,,81,81,81,77,79,79,79,77,76+2,76+2,76+2,75+2,67+2,67+2,67+2,75+2,51+2,48+2,48+2,48+2,51+2,48+2,43+2,43+2,43+2,48+2,17+2,https://cdn.sofifa.net/players/230/430/22_120.png,https://cdn.sofifa.net/teams/1043/60.png,https://cdn.sofifa.net/flags/br.png,https://cdn.sofifa.net/teams/1370/60.png,https://cdn.sofifa.net/flags/br.png
230201,Maikel Catarino,Maikel Renan Catarino Fagundes,"RB, RM",80,80,25,Brazil,RB,2.0,Sport Club Corinthians Paulista,Campeonato Brasileiro Série A,21000000.0,33000.0,76.0,51.0,70.0,77.0,77.0,70.0,230201,https://sofifa.com/player/230201/maikel-renan-catarino-fagundes/220002,Maikel Catarino,"RB, RM",80,80,21000000.0,33000.0,25,1996-02-29,177,75,1041.0,Sport Club Corinthians Paulista,Campeonato Brasileiro Série A,1.0,RB,2.0,,2021-07-07,2024.0,54,Brazil,1370.0,RB,2.0,Right,3,3,1,High/Medium,Normal (170-185),No,39900000.0,,Solid Player,76.0,51.0,70.0,77.0,77.0,70.0,81,48,69,73,49,78,55,49,75,77,81,72,83,81,71,52,55,85,68,56,62,77,57,61,41,54,79,78,76,15,13,12,10,15,,64+2,64+2,64+2,71,68,68,68,71,70+2,70+2,70+2,73+2,72+2,72+2,72+2,73+2,78+2,76+2,76+2,76+2,78+2,78+2,74+2,74+2,74+2,78+2,21+2,https://cdn.sofifa.net/players/230/201/22_120.png,https://cdn.sofifa.net/teams/1041/60.png,https://cdn.sofifa.net/flags/br.png,https://cdn.sofifa.net/teams/1370/60.png,https://cdn.sofifa.net/flags/br.png
230204,Héniton Pires,Héniton Enaldo Pires Tramontino,GK,80,80,25,Brazil,SUB,12.0,Flamengo,Campeonato Brasileiro Série A,17000000.0,33000.0,,,,,,,230204,https://sofifa.com/player/230204/heniton-enaldo-pires-tramontino/220002,Héniton Pires,GK,80,80,17000000.0,33000.0,25,1996-02-29,182,74,1043.0,Flamengo,Campeonato Brasileiro Série A,1.0,GK,1.0,,2021-07-07,2024.0,54,Brazil,1370.0,SUB,12.0,Right,3,1,1,Medium/Medium,Normal (170-185),No,30600000.0,,GK Long Throw,,,,,,,18,11,12,28,16,14,15,13,30,20,43,39,42,77,48,59,70,30,64,12,36,22,13,70,21,41,16,14,17,81,75,78,81,79,41.0,29+2,29+2,29+2,28,31,31,31,28,32+2,32+2,32+2,30+2,33+2,33+2,33+2,30+2,27+2,30+2,30+2,30+2,27+2,27+2,28+2,28+2,28+2,27+2,79+1,https://cdn.sofifa.net/players/230/204/22_120.png,https://cdn.sofifa.net/teams/1043/60.png,https://cdn.sofifa.net/flags/br.png,https://cdn.sofifa.net/teams/1370/60.png,https://cdn.sofifa.net/flags/br.png
230271,Laure Santeiro,Laureano Thomas Santeiro Marre,"CAM, LM, LW",80,80,21,Brazil,SUB,13.0,Fluminense,Campeonato Brasileiro Série A,25000000.0,23000.0,80.0,72.0,77.0,82.0,26.0,45.0,230271,https://sofifa.com/player/230271/laureano-thomas-santeiro-marre/220002,Laure Santeiro,"CAM, LM, LW",80,80,25000000.0,23000.0,21,2000-02-29,171,63,567.0,Fluminense,Campeonato Brasileiro Série A,1.0,LM,10.0,,2021-07-07,2024.0,54,Brazil,1370.0,SUB,13.0,Left,5,4,1,Medium/Medium,Lean (170-185),No,47500000.0,,"Flair, Technical Dribbler (AI)",80.0,72.0,77.0,82.0,26.0,45.0,73,72,44,79,67,82,56,75,80,82,87,75,85,80,89,67,43,67,35,75,41,31,82,80,74,77,29,13,23,9,7,8,14,10,,72+2,72+2,72+2,79,78,78,78,79,80,80,80,79+1,73+2,73+2,73+2,79+1,57+2,53+2,53+2,53+2,57+2,52+2,37+2,37+2,37+2,52+2,18+2,https://cdn.sofifa.net/players/230/271/22_120.png,https://cdn.sofifa.net/teams/567/60.png,https://cdn.sofifa.net/flags/br.png,https://cdn.sofifa.net/teams/1370/60.png,https://cdn.sofifa.net/flags/br.png
230313,Tony Abranjes,Tony Josimar Abranjes Meneses,CB,80,80,33,Brazil,SUB,16.0,Internacional,Campeonato Brasileiro Série A,10000000.0,32000.0,67.0,39.0,55.0,58.0,81.0,85.0,230313,https://sofifa.com/player/230313/tony-josimar-abranjes-meneses/220002,Tony Abranjes,CB,80,80,10000000.0,32000.0,33,1988-02-29,179,80,1048.0,Internacional,Campeonato Brasileiro Série A,1.0,RCB,16.0,,2021-07-08,2024.0,54,Brazil,1370.0,SUB,16.0,Right,3,2,1,Medium/Medium,Stocky (170-185),No,19000000.0,#Strength,,67.0,39.0,55.0,58.0,81.0,85.0,39,31,82,66,34,47,33,72,66,68,65,69,55,74,67,61,90,81,91,40,76,81,28,43,43,72,80,81,78,7,14,6,7,13,,55+2,55+2,55+2,52,53,53,53,52,54+2,54+2,54+2,55+2,61+2,61+2,61+2,55+2,70+2,74+2,74+2,74+2,70+2,73+2,80,80,80,73+2,17+2,https://cdn.sofifa.net/players/230/313/22_120.png,https://cdn.sofifa.net/teams/1048/60.png,https://cdn.sofifa.net/flags/br.png,https://cdn.sofifa.net/teams/1370/60.png,https://cdn.sofifa.net/flags/br.png
230216,Adnan Vidual,Adnan Claudiano Vidual Machado,RB,79,79,29,Brazil,SUB,19.0,Internacional,Campeonato Brasileiro Série A,15500000.0,32000.0,83.0,52.0,70.0,71.0,76.0,71.0,230216,https://sofifa.com/player/230216/adnan-claudiano-vidual-machado/220002,Adnan Vidual,RB,79,79,15500000.0,32000.0,29,1992-02-29,175,70,1048.0,Internacional,Campeonato Brasileiro Série A,1.0,RB,23.0,,2021-07-08,2024.0,54,Brazil,1370.0,SUB,19.0,Right,3,2,1,Medium/Medium,Lean (170-185),No,29500000.0,,,83.0,52.0,70.0,71.0,76.0,71.0,78,47,71,75,49,68,56,58,63,74,85,82,73,76,66,57,57,81,71,54,62,74,66,66,55,67,75,79,74,9,10,6,6,7,,65+2,65+2,65+2,70,68,68,68,70,69+2,69+2,69+2,72+2,70+2,70+2,70+2,72+2,77+2,73+2,73+2,73+2,77+2,77+2,73+2,73+2,73+2,77+2,15+2,https://cdn.sofifa.net/players/230/216/22_120.png,https://cdn.sofifa.net/teams/1048/60.png,https://cdn.sofifa.net/flags/br.png,https://cdn.sofifa.net/teams/1370/60.png,https://cdn.sofifa.net/flags/br.png
230234,Everton Andrão,Everton Jorge Andrade Zanon,"CDM, CM",79,79,25,Brazil,RCM,8.0,Fluminense,Campeonato Brasileiro Série A,17000000.0,26000.0,67.0,62.0,74.0,75.0,78.0,76.0,230234,https://sofifa.com/player/230234/everton-jorge-andrade-zanon/220002,Everton Andrão,"CDM, CM",79,79,17000000.0,26000.0,25,1996-02-29,177,75,567.0,Fluminense,Campeonato Brasileiro Série A,1.0,LDM,21.0,,2021-07-07,2024.0,54,Brazil,1370.0,RCM,8.0,Right,4,2,1,High/High,Stocky (170-185),No,32300000.0,#Engine,,67.0,62.0,74.0,75.0,78.0,76.0,75,58,59,78,58,75,48,73,75,77,68,66,76,78,71,72,71,89,68,64,81,79,54,73,61,68,80,81,77,9,9,14,15,8,,66+2,66+2,66+2,71,69,69,69,71,72+2,72+2,72+2,73+2,75+2,75+2,75+2,73+2,78+1,78+1,78+1,78+1,78+1,77+2,76+2,76+2,76+2,77+2,18+2,https://cdn.sofifa.net/players/230/234/22_120.png,https://cdn.sofifa.net/teams/567/60.png,https://cdn.sofifa.net/flags/br.png,https://cdn.sofifa.net/teams/1370/60.png,https://cdn.sofifa.net/flags/br.png
230312,Gabri Prestão,Bernard Gabriel Prestão Chaves,GK,79,79,29,Brazil,SUB,23.0,Internacional,Campeonato Brasileiro Série A,12000000.0,26000.0,,,,,,,230312,https://sofifa.com/player/230312/bernard-gabriel-prestao-chaves/220002,Gabri Prestão,GK,79,79,12000000.0,26000.0,29,1992-02-29,186,80,1048.0,Internacional,Campeonato Brasileiro Série A,1.0,GK,44.0,,2021-07-08,2024.0,54,Brazil,1370.0,SUB,23.0,Right,3,1,1,Medium/Medium,Normal (185+),No,22800000.0,,GK Long Throw,,,,,,,8,9,7,11,8,18,12,13,12,20,58,62,66,76,43,53,60,23,60,12,35,12,5,60,15,64,22,9,16,81,75,71,77,82,60.0,27+2,27+2,27+2,28,29,29,29,28,29+2,29+2,29+2,27+2,25+2,25+2,25+2,27+2,24+2,24+2,24+2,24+2,24+2,25+2,25+2,25+2,25+2,25+2,78+1,https://cdn.sofifa.net/players/230/312/22_120.png,https://cdn.sofifa.net/teams/1048/60.png,https://cdn.sofifa.net/flags/br.png,https://cdn.sofifa.net/teams/1370/60.png,https://cdn.sofifa.net/flags/br.png
230498,Luimo Boas Santos,Luan Vágner Boas Macedo,ST,79,79,21,Brazil,SUB,11.0,Santos,Campeonato Brasileiro Série A,21000000.0,27000.0,83.0,79.0,65.0,81.0,28.0,64.0,230498,https://sofifa.com/player/230498/luan-vagner-boas-macedo/220002,Luimo Boas Santos,ST,79,79,21000000.0,27000.0,21,2000-02-29,176,73,1053.0,Santos,Campeonato Brasileiro Série A,1.0,ST,9.0,,2021-07-08,2024.0,54,Brazil,1370.0,SUB,11.0,Right,4,4,1,High/Medium,Normal (170-185),No,39900000.0,,"Finesse Shot, Outside Foot Shot",83.0,79.0,65.0,81.0,28.0,64.0,42,81,76,74,76,82,79,60,56,81,86,80,82,85,73,75,87,79,63,82,43,20,82,75,74,73,27,20,19,9,12,8,10,9,,79,79,79,77,80-1,80-1,80-1,77,79,79,79,75+2,70+2,70+2,70+2,75+2,53+2,51+2,51+2,51+2,53+2,50+2,44+2,44+2,44+2,50+2,18+2,https://cdn.sofifa.net/players/230/498/22_120.png,https://cdn.sofifa.net/teams/1053/60.png,https://cdn.sofifa.net/flags/br.png,https://cdn.sofifa.net/teams/1370/60.png,https://cdn.sofifa.net/flags/br.png
230212,Antônio Chiamuloira,A. Benjamin Chiamuloira Paes,"CB, LB",78,78,21,Brazil,SUB,5.0,Internacional,Campeonato Brasileiro Série A,14500000.0,20000.0,68.0,48.0,60.0,54.0,79.0,75.0,230212,https://sofifa.com/player/230212/a-benjamin-chiamuloira-paes/220002,Antônio Chiamuloira,"CB, LB",78,78,14500000.0,20000.0,21,2000-02-29,182,79,1048.0,Internacional,Campeonato Brasileiro Série A,1.0,LCB,5.0,,2021-07-08,2024.0,54,Brazil,1370.0,SUB,5.0,Left,3,2,1,Medium/Medium,Normal (170-185),No,27600000.0,,"Solid Player, Long Passer (AI)",68.0,48.0,60.0,54.0,79.0,75.0,55,51,76,68,44,44,54,50,72,62,67,69,49,79,59,43,88,63,74,51,88,77,24,47,66,70,81,78,81,9,14,13,8,10,,55+2,55+2,55+2,55,54,54,54,55,55+2,55+2,55+2,57+2,61+2,61+2,61+2,57+2,70+2,73+2,73+2,73+2,70+2,72+2,78,78,78,72+2,18+2,https://cdn.sofifa.net/players/230/212/22_120.png,https://cdn.sofifa.net/teams/1048/60.png,https://cdn.sofifa.net/flags/br.png,https://cdn.sofifa.net/teams/1370/60.png,https://cdn.sofifa.net/flags/br.png
230385,Albertinho Dutra,Alberto Marcelo Dutra Cirino,"LW, LM",78,78,29,Brazil,SUB,15.0,São Paulo,Campeonato Brasileiro Série A,14000000.0,45000.0,81.0,72.0,81.0,80.0,23.0,50.0,230385,https://sofifa.com/player/230385/alberto-marcelo-dutra-cirino/220002,Albertinho Dutra,"LW, LM",78,78,14000000.0,45000.0,29,1992-02-29,175,72,598.0,São Paulo,Campeonato Brasileiro Série A,1.0,LS,10.0,,2021-07-08,2024.0,54,Brazil,1370.0,SUB,15.0,Left,3,4,1,High/Low,Normal (170-185),No,26600000.0,,,81.0,72.0,81.0,80.0,23.0,50.0,86,73,20,85,64,80,72,81,84,79,82,80,88,65,86,68,57,75,46,72,26,21,73,69,76,71,28,20,24,6,12,10,7,9,,67+2,67+2,67+2,78,74,74,74,78,77+1,77+1,77+1,78,71+2,71+2,71+2,78,58+2,52+2,52+2,52+2,58+2,51+2,35+2,35+2,35+2,51+2,15+2,https://cdn.sofifa.net/players/230/385/22_120.png,https://cdn.sofifa.net/teams/598/60.png,https://cdn.sofifa.net/flags/br.png,https://cdn.sofifa.net/teams/1370/60.png,https://cdn.sofifa.net/flags/br.png
230406,Guilson Paiva,G. Pierre Paiva Souza,"RM, RW",78,78,25,Brazil,SUB,17.0,Flamengo,Campeonato Brasileiro Série A,15500000.0,38000.0,83.0,69.0,75.0,78.0,42.0,68.0,230406,https://sofifa.com/player/230406/g-pierre-paiva-souza/220002,Guilson Paiva,"RM, RW",78,78,15500000.0,38000.0,25,1996-02-29,173,72,1043.0,Flamengo,Campeonato Brasileiro Série A,1.0,RAM,17.0,,2021-07-07,2024.0,54,Brazil,1370.0,SUB,17.0,Right,4,3,1,Medium/Medium,Lean (170-185),No,27900000.0,,,83.0,69.0,75.0,78.0,42.0,68.0,75,69,34,78,61,81,67,72,72,77,90,78,73,77,77,77,50,69,72,68,63,40,73,75,44,62,36,49,48,7,11,10,16,7,,71+2,71+2,71+2,77,76,76,76,77,76+2,76+2,76+2,77+1,72+2,72+2,72+2,77+1,64+2,62+2,62+2,62+2,64+2,60+2,52+2,52+2,52+2,60+2,18+2,https://cdn.sofifa.net/players/230/406/22_120.png,https://cdn.sofifa.net/teams/1043/60.png,https://cdn.sofifa.net/flags/br.png,https://cdn.sofifa.net/teams/1370/60.png,https://cdn.sofifa.net/flags/br.png
230426,Arturo Inálcio,Arturo Adolfo Inálcio Dutra,"CM, CAM",78,78,21,Brazil,SUB,21.0,Flamengo,Campeonato Brasileiro Série A,16500000.0,30000.0,83.0,72.0,75.0,78.0,52.0,48.0,230426,https://sofifa.com/player/230426/arturo-adolfo-inalcio-dutra/220002,Arturo Inálcio,"CM, CAM",78,78,16500000.0,30000.0,21,2000-02-29,170,60,1043.0,Flamengo,Campeonato Brasileiro Série A,1.0,CAM,21.0,,2021-07-07,2024.0,54,Brazil,1370.0,SUB,21.0,Right,3,2,1,Medium/Medium,Normal (170-),No,29700000.0,#Acrobat,Long Passer (AI),83.0,72.0,75.0,78.0,52.0,48.0,63,70,46,85,68,78,54,48,83,80,80,86,90,69,74,80,55,74,35,75,45,71,74,77,45,60,24,66,62,10,13,14,9,11,,71+2,71+2,71+2,77,76,76,76,77,78,78,78,77+1,78,78,78,77+1,69+2,67+2,67+2,67+2,69+2,67+2,56+2,56+2,56+2,67+2,17+2,https://cdn.sofifa.net/players/230/426/22_120.png,https://cdn.sofifa.net/teams/1043/60.png,https://cdn.sofifa.net/flags/br.png,https://cdn.sofifa.net/teams/1370/60.png,https://cdn.sofifa.net/flags/br.png
230460,Prazeracinho,Jonathan Prazeres Conradi,LW,78,78,21,Brazil,SUB,14.0,Flamengo,Campeonato Brasileiro Série A,16500000.0,33000.0,78.0,69.0,77.0,79.0,45.0,54.0,230460,https://sofifa.com/player/230460/jonathan-prazeres-conradi/220002,Prazeracinho,LW,78,78,16500000.0,33000.0,21,2000-02-29,172,70,1043.0,Flamengo,Campeonato Brasileiro Série A,1.0,LAM,14.0,,2021-07-07,2024.0,54,Brazil,1370.0,SUB,14.0,Left,4,4,1,High/Low,Normal (170-185),No,29700000.0,,,78.0,69.0,77.0,79.0,45.0,54.0,82,74,49,79,65,82,69,64,75,77,81,75,79,78,78,60,69,58,49,70,58,53,77,75,46,69,50,38,30,14,8,6,6,9,,71+2,71+2,71+2,78,76,76,76,78,77+1,77+1,77+1,77+1,73+2,73+2,73+2,77+1,63+2,61+2,61+2,61+2,63+2,59+2,52+2,52+2,52+2,59+2,17+2,https://cdn.sofifa.net/players/230/460/22_120.png,https://cdn.sofifa.net/teams/1043/60.png,https://cdn.sofifa.net/flags/br.png,https://cdn.sofifa.net/teams/1370/60.png,https://cdn.sofifa.net/flags/br.png
230384,Nuno Padrenda,Nuno Ailton Padrenda Mendes,"ST, CAM",77,77,25,Brazil,LW,10.0,Clube Atlético Mineiro,Campeonato Brasileiro Série A,12000000.0,37000.0,82.0,73.0,77.0,82.0,52.0,70.0,230384,https://sofifa.com/player/230384/nuno-ailton-padrenda-mendes/220002,Nuno Padrenda,"ST, CAM",77,77,12000000.0,37000.0,25,1996-02-29,180,75,1035.0,Clube Atlético Mineiro,Campeonato Brasileiro Série A,1.0,LS,30.0,,2021-08-13,2024.0,54,Brazil,1370.0,LW,10.0,Right,4,2,1,Medium/Medium,Normal (170-185),No,21600000.0,,Dives Into Tackles (AI),82.0,73.0,77.0,82.0,52.0,70.0,67,72,64,85,63,84,70,67,83,85,85,79,75,80,67,75,68,75,74,79,54,53,82,75,55,78,50,52,42,8,9,12,8,8,,77,77,77,80-3,80-3,80-3,80-3,80-3,81-4,81-4,81-4,80-3,78-1,78-1,78-1,80-3,67+2,68+2,68+2,68+2,67+2,65+2,60+2,60+2,60+2,65+2,16+2,https://cdn.sofifa.net/players/230/384/22_120.png,https://cdn.sofifa.net/teams/1035/60.png,https://cdn.sofifa.net/flags/br.png,https://cdn.sofifa.net/teams/1370/60.png,https://cdn.sofifa.net/flags/br.png
223848,S. Milinković-Savić,Sergej Milinković-Savić,"CM, CDM, CAM",85,87,26,Serbia,,,Lazio,Italian Serie A,66000000.0,100000.0,68.0,79.0,80.0,81.0,79.0,86.0,223848,https://sofifa.com/player/223848/sergej-milinkovic-savic/220002,S. Milinković-Savić,"CM, CDM, CAM",85,87,66000000.0,100000.0,26,1995-02-27,191,76,46.0,Lazio,Italian Serie A,1.0,RCM,21.0,,2015-08-06,2024.0,51,Serbia,,,,Right,5,4,3,High/Medium,Normal (185+),Yes,117200000.0,,"Power Header, Outside Foot Shot",68.0,79.0,80.0,81.0,79.0,86.0,64,80,86,85,74,84,80,78,85,86,66,70,62,83,63,83,85,91,87,80,79,78,79,82,56,84,78,79,74,7,10,7,16,7,,81+3,81+3,81+3,79,81,81,81,79,81+3,81+3,81+3,80+3,84+3,84+3,84+3,80+3,78+3,82+3,82+3,82+3,78+3,78+3,81+3,81+3,81+3,78+3,18+3,https://cdn.sofifa.net/players/223/848/22_120.png,https://cdn.sofifa.net/teams/46/60.png,https://cdn.sofifa.net/flags/it.png,,https://cdn.sofifa.net/flags/rs.png
199434,D. Tadić,Dušan Tadić,"LW, CF, CAM",84,84,32,Serbia,,,Ajax,Holland Eredivisie,33500000.0,32000.0,69.0,81.0,85.0,85.0,43.0,76.0,199434,https://sofifa.com/player/199434/dusan-tadic/220002,D. Tadić,"LW, CF, CAM",84,84,33500000.0,32000.0,32,1988-11-20,181,76,245.0,Ajax,Holland Eredivisie,1.0,LW,10.0,,2018-07-03,2024.0,51,Serbia,,,,Left,3,4,3,Medium/Medium,Unique,Yes,46900000.0,"#Playmaker, #Crosser, #Complete Midfielder","Solid Player, Leadership, Flair, Playmaker (AI), Outside Foot Shot, Technical Dribbler (AI)",69.0,81.0,85.0,85.0,43.0,76.0,86,83,66,87,80,85,85,79,80,87,67,70,76,83,84,79,59,88,80,77,56,41,85,88,86,86,51,34,26,11,11,14,9,16,,80+3,80+3,80+3,83,83,83,83,83,84,84,84,83+1,80+3,80+3,80+3,83+1,66+3,65+3,65+3,65+3,66+3,61+3,55+3,55+3,55+3,61+3,20+3,https://cdn.sofifa.net/players/199/434/22_120.png,https://cdn.sofifa.net/teams/245/60.png,https://cdn.sofifa.net/flags/nl.png,,https://cdn.sofifa.net/flags/rs.png
208574,F. Kostić,Filip Kostić,"LM, LWB",84,84,28,Serbia,,,Eintracht Frankfurt,German 1. Bundesliga,42500000.0,52000.0,88.0,77.0,82.0,83.0,68.0,80.0,208574,https://sofifa.com/player/208574/filip-kostic/220002,F. Kostić,"LM, LWB",84,84,42500000.0,52000.0,28,1992-11-01,184,82,1824.0,Eintracht Frankfurt,German 1. Bundesliga,1.0,LM,10.0,,2019-05-17,2023.0,51,Serbia,,,,Left,2,3,3,High/High,Normal (170-185),Yes,72300000.0,#Engine,"Power Free-Kick, Speed Dribbler (AI)",88.0,77.0,82.0,83.0,68.0,80.0,91,75,59,80,70,85,79,80,75,82,89,88,76,82,79,85,67,90,77,78,80,63,79,81,64,80,69,72,68,13,14,12,12,13,,78+3,78+3,78+3,83,81,81,81,83,81+3,81+3,81+3,83+1,79+3,79+3,79+3,83+1,79+3,75+3,75+3,75+3,79+3,77+3,71+3,71+3,71+3,77+3,21+3,https://cdn.sofifa.net/players/208/574/22_120.png,https://cdn.sofifa.net/teams/1824/60.png,https://cdn.sofifa.net/flags/de.png,,https://cdn.sofifa.net/flags/rs.png
227290,M. Dmitrović,Marko Dmitrović,GK,80,81,29,Serbia,,,Sevilla FC,Spain Primera Division,16000000.0,26000.0,,,,,,,227290,https://sofifa.com/player/227290/marko-dmitrovic/220002,M. Dmitrović,GK,80,81,16000000.0,26000.0,29,1992-01-24,194,94,481.0,Sevilla FC,Spain Primera Division,1.0,SUB,1.0,,2021-07-04,2025.0,51,Serbia,,,,Left,2,1,1,Medium/Medium,Stocky (185+),Yes,34800000.0,,"GK Long Throw, Team Player",,,,,,,30,20,20,40,20,8,20,18,40,9,39,35,32,76,37,59,50,45,79,17,20,17,9,45,58,59,19,22,20,77,79,78,80,81,37.0,30+2,30+2,30+2,26,28,28,28,26,29+2,29+2,29+2,29+2,32+2,32+2,32+2,29+2,30+2,32+2,32+2,32+2,30+2,30+2,30+2,30+2,30+2,30+2,79+2,https://cdn.sofifa.net/players/227/290/22_120.png,https://cdn.sofifa.net/teams/481/60.png,https://cdn.sofifa.net/flags/es.png,,https://cdn.sofifa.net/flags/rs.png
191202,N. Matić,Nemanja Matić,CDM,79,79,32,Serbia,,,Manchester United,English Premier League,11500000.0,100000.0,36.0,67.0,75.0,73.0,80.0,73.0,191202,https://sofifa.com/player/191202/nemanja-matic/220002,N. Matić,CDM,79,79,11500000.0,100000.0,32,1988-08-01,194,83,11.0,Manchester United,English Premier League,1.0,SUB,31.0,,2017-07-31,2023.0,51,Serbia,,,,Left,3,3,3,Low/Medium,Lean (185+),Yes,21300000.0,,Long Passer (AI),36.0,67.0,75.0,73.0,80.0,73.0,70,59,74,82,71,75,70,63,82,79,33,39,47,80,47,84,63,54,82,67,76,80,63,68,64,83,82,81,72,7,15,12,14,9,,69+3,69+3,69+3,67,69,69,69,67,70+3,70+3,70+3,68+3,75+3,75+3,75+3,68+3,71+3,78+1,78+1,78+1,71+3,71+3,78+1,78+1,78+1,71+3,19+3,https://cdn.sofifa.net/players/191/202/22_120.png,https://cdn.sofifa.net/teams/11/60.png,https://cdn.sofifa.net/flags/gb-eng.png,,https://cdn.sofifa.net/flags/rs.png
193198,N. Gudelj,Nemanja Gudelj,"CDM, CM, CB",79,79,29,Serbia,,,Sevilla FC,Spain Primera Division,15000000.0,30000.0,60.0,70.0,79.0,70.0,75.0,83.0,193198,https://sofifa.com/player/193198/nemanja-gudelj/220002,N. Gudelj,"CDM, CM, CB",79,79,15000000.0,30000.0,29,1991-11-16,187,73,481.0,Sevilla FC,Spain Primera Division,1.0,SUB,6.0,,2019-07-23,2023.0,51,Serbia,,,,Right,2,3,2,Low/Medium,Normal (185+),No,31500000.0,,Long Shot Taker (AI),60.0,70.0,79.0,70.0,75.0,83.0,74,58,69,84,69,66,80,79,77,79,58,61,60,75,53,85,67,84,85,81,83,78,65,74,74,80,74,76,71,8,11,8,14,12,,70+2,70+2,70+2,70,71,71,71,70,72+2,72+2,72+2,72+2,77+2,77+2,77+2,72+2,75+2,78+1,78+1,78+1,75+2,74+2,76+2,76+2,76+2,74+2,18+2,https://cdn.sofifa.net/players/193/198/22_120.png,https://cdn.sofifa.net/teams/481/60.png,https://cdn.sofifa.net/flags/es.png,,https://cdn.sofifa.net/flags/rs.png
232432,L. Jović,Luka Jović,ST,79,84,23,Serbia,,,Real Madrid CF,Spain Primera Division,27000000.0,130000.0,75.0,80.0,68.0,78.0,29.0,74.0,232432,https://sofifa.com/player/232432/luka-jovic/220002,L. Jović,ST,79,84,27000000.0,130000.0,23,1997-12-23,182,85,243.0,Real Madrid CF,Spain Primera Division,1.0,SUB,16.0,,2019-07-01,2024.0,51,Serbia,,,,Right,5,3,1,Medium/Medium,Stocky (170-185),Yes,57400000.0,,"Outside Foot Shot, Chip Shot (AI)",75.0,80.0,68.0,78.0,29.0,74.0,67,82,79,72,83,78,77,46,61,80,74,76,76,80,77,82,76,75,78,75,62,23,81,70,66,78,25,26,16,8,7,12,9,13,,79+2,79+2,79+2,77,78,78,78,77,76+2,76+2,76+2,75+2,69+2,69+2,69+2,75+2,55+2,53+2,53+2,53+2,55+2,51+2,47+2,47+2,47+2,51+2,17+2,https://cdn.sofifa.net/players/232/432/22_120.png,https://cdn.sofifa.net/teams/243/60.png,https://cdn.sofifa.net/flags/es.png,,https://cdn.sofifa.net/flags/rs.png
239433,N. Maksimović,Nemanja Maksimović,"CDM, CM",79,84,26,Serbia,,,Getafe CF,Spain Primera Division,23000000.0,30000.0,56.0,68.0,75.0,71.0,77.0,78.0,239433,https://sofifa.com/player/239433/nemanja-maksimovic/220002,N. Maksimović,"CDM, CM",79,84,23000000.0,30000.0,26,1995-01-26,189,78,1860.0,Getafe CF,Spain Primera Division,1.0,LDM,20.0,,2018-07-16,2024.0,51,Serbia,,,,Right,3,3,1,High/High,Normal (185+),Yes,50000000.0,,,56.0,68.0,75.0,71.0,77.0,78.0,65,70,73,80,49,70,63,72,76,76,53,58,60,80,56,72,76,84,76,69,78,81,73,78,50,77,76,79,70,14,10,15,15,13,,71+2,71+2,71+2,70,72,72,72,70,73+2,73+2,73+2,72+2,77+2,77+2,77+2,72+2,74+2,78+2,78+2,78+2,74+2,74+2,76+2,76+2,76+2,74+2,20+2,https://cdn.sofifa.net/players/239/433/22_120.png,https://cdn.sofifa.net/teams/1860/60.png,https://cdn.sofifa.net/flags/es.png,,https://cdn.sofifa.net/flags/rs.png
185103,A. Kolarov,Aleksandar Kolarov,"LB, CB",78,78,35,Serbia,,,Inter,Italian Serie A,4300000.0,55000.0,63.0,74.0,79.0,74.0,79.0,74.0,185103,https://sofifa.com/player/185103/aleksandar-kolarov/220002,A. Kolarov,"LB, CB",78,78,4300000.0,55000.0,35,1985-11-10,187,81,44.0,Inter,Italian Serie A,1.0,RES,11.0,,2020-09-08,2022.0,51,Serbia,,,,Left,3,3,3,High/Medium,Normal (185+),Yes,7300000.0,"#Distance Shooter, #FK Specialist","Leadership, Early Crosser, Long Shot Taker (AI)",63.0,74.0,79.0,74.0,79.0,74.0,85,60,79,78,64,76,85,89,77,76,62,63,61,77,58,95,79,67,73,86,84,81,67,74,80,83,76,80,79,16,15,8,16,6,,73+3,73+3,73+3,73,73,73,73,73,73+3,73+3,73+3,73+3,76+2,76+2,76+2,73+3,76+2,77+1,77+1,77+1,76+2,76+2,78,78,78,76+2,20+3,https://cdn.sofifa.net/players/185/103/22_120.png,https://cdn.sofifa.net/teams/44/60.png,https://cdn.sofifa.net/flags/it.png,,https://cdn.sofifa.net/flags/rs.png
241727,P. Rajković,Predrag Rajković,GK,78,83,25,Serbia,,,Stade de Reims,French Ligue 1,16500000.0,20000.0,,,,,,,241727,https://sofifa.com/player/241727/predrag-rajkovic/220002,P. Rajković,GK,78,83,16500000.0,20000.0,25,1995-10-31,191,85,379.0,Stade de Reims,French Ligue 1,1.0,GK,1.0,,2019-06-21,2023.0,51,Serbia,,,,Right,2,1,2,Medium/Medium,Normal (185+),No,34200000.0,,Long Passer (AI),,,,,,,13,9,13,26,8,8,14,10,25,18,30,18,32,73,29,56,35,26,66,10,25,10,4,42,20,32,11,10,10,77,76,74,79,81,25.0,24+2,24+2,24+2,21,23,23,23,21,24+2,24+2,24+2,22+2,25+2,25+2,25+2,22+2,21+2,24+2,24+2,24+2,21+2,20+2,22+2,22+2,22+2,20+2,77+2,https://cdn.sofifa.net/players/241/727/22_120.png,https://cdn.sofifa.net/teams/379/60.png,https://cdn.sofifa.net/flags/fr.png,,https://cdn.sofifa.net/flags/rs.png
244253,U. Račić,Uroš Račić,"CM, CDM",78,85,23,Serbia,,,Valencia CF,Spain Primera Division,28000000.0,31000.0,66.0,75.0,75.0,74.0,78.0,81.0,244253,https://sofifa.com/player/244253/uros-racic/220002,U. Račić,"CM, CDM",78,85,28000000.0,31000.0,23,1998-03-17,193,81,461.0,Valencia CF,Spain Primera Division,1.0,LCM,8.0,,2018-07-01,2024.0,51,Serbia,,,,Right,4,3,1,Medium/Medium,Normal (185+),No,64400000.0,,,66.0,75.0,75.0,74.0,78.0,81.0,70,72,75,80,66,74,70,55,77,81,60,70,62,76,57,80,75,79,87,78,68,76,73,76,72,75,77,81,74,11,12,9,14,7,,75+2,75+2,75+2,74,75,75,75,74,75+2,75+2,75+2,74+2,78+2,78+2,78+2,74+2,76+2,78+2,78+2,78+2,76+2,75+2,77+2,77+2,77+2,75+2,18+2,https://cdn.sofifa.net/players/244/253/22_120.png,https://cdn.sofifa.net/teams/461/60.png,https://cdn.sofifa.net/flags/es.png,,https://cdn.sofifa.net/flags/rs.png
246430,D. Vlahović,Dušan Vlahović,ST,78,85,21,Serbia,,,Fiorentina,Italian Serie A,29000000.0,43000.0,75.0,78.0,58.0,73.0,28.0,76.0,246430,https://sofifa.com/player/246430/dusan-vlahovic/220002,D. Vlahović,ST,78,85,29000000.0,43000.0,21,2000-01-28,190,75,110374.0,Fiorentina,Italian Serie A,1.0,ST,9.0,,2018-06-26,2023.0,51,Serbia,,,,Left,3,3,2,Medium/Medium,Normal (185+),No,55100000.0,,,75.0,78.0,58.0,73.0,28.0,76.0,50,83,75,68,68,74,66,37,50,80,73,76,61,78,52,78,68,79,82,70,58,22,82,60,74,68,18,26,24,5,15,6,11,10,,78+2,78+2,78+2,73,76,76,76,73,72+2,72+2,72+2,71+2,65+2,65+2,65+2,71+2,52+2,50+2,50+2,50+2,52+2,50+2,46+2,46+2,46+2,50+2,17+2,https://cdn.sofifa.net/players/246/430/22_120.png,https://cdn.sofifa.net/teams/110374/60.png,https://cdn.sofifa.net/flags/it.png,,https://cdn.sofifa.net/flags/rs.png
193881,F. Đuričić,Filip Đuričić,"CAM, LW",76,76,29,Serbia,,,U.S. Sassuolo Calcio,Italian Serie A,7500000.0,32000.0,73.0,69.0,75.0,78.0,42.0,60.0,193881,https://sofifa.com/player/193881/filip-duricic/220002,F. Đuričić,"CAM, LW",76,76,7500000.0,32000.0,29,1992-01-30,181,75,111974.0,U.S. Sassuolo Calcio,Italian Serie A,1.0,CAM,10.0,,2018-07-02,2022.0,51,Serbia,,,,Right,4,4,1,High/Low,Lean (170-185),Yes,12800000.0,,"Finesse Shot, Flair, Chip Shot (AI), Technical Dribbler (AI)",73.0,69.0,75.0,78.0,42.0,60.0,65,67,48,79,69,79,76,69,76,78,74,72,77,75,77,71,73,55,67,71,45,42,70,77,69,71,45,35,43,8,8,9,15,8,,70+2,70+2,70+2,74,74,74,74,74,76,76,76,73+2,71+2,71+2,71+2,73+2,60+2,59+2,59+2,59+2,60+2,56+2,51+2,51+2,51+2,56+2,17+2,https://cdn.sofifa.net/players/193/881/22_120.png,https://cdn.sofifa.net/teams/111974/60.png,https://cdn.sofifa.net/flags/it.png,,https://cdn.sofifa.net/flags/rs.png
206304,L. Milivojević,Luka Milivojević,"CDM, CM",76,76,30,Serbia,,,Crystal Palace,English Premier League,6500000.0,44000.0,50.0,67.0,75.0,68.0,75.0,77.0,206304,https://sofifa.com/player/206304/luka-milivojevic/220002,L. Milivojević,"CDM, CM",76,76,6500000.0,44000.0,30,1991-04-07,186,80,1799.0,Crystal Palace,English Premier League,1.0,SUB,4.0,,2017-02-01,2023.0,51,Serbia,,,,Right,2,2,1,Medium/High,Normal (185+),Yes,12400000.0,,"Long Passer (AI), Long Shot Taker (AI)",50.0,67.0,75.0,68.0,75.0,77.0,74,55,75,78,50,62,73,82,75,76,51,50,62,75,62,84,59,73,77,77,85,75,66,67,90,76,75,76,68,13,9,16,6,12,,68+2,68+2,68+2,66,68,68,68,66,69+2,69+2,69+2,68+2,73+2,73+2,73+2,68+2,71+2,75+1,75+1,75+1,71+2,71+2,75+1,75+1,75+1,71+2,17+2,https://cdn.sofifa.net/players/206/304/22_120.png,https://cdn.sofifa.net/teams/1799/60.png,https://cdn.sofifa.net/flags/gb-eng.png,,https://cdn.sofifa.net/flags/rs.png
212127,D. Lazović,Darko Lazović,"LM, RM",76,76,30,Serbia,,,Hellas Verona,Italian Serie A,7000000.0,26000.0,85.0,68.0,72.0,77.0,61.0,56.0,212127,https://sofifa.com/player/212127/darko-lazovic/220002,D. Lazović,"LM, RM",76,76,7000000.0,26000.0,30,1990-09-15,181,66,206.0,Hellas Verona,Italian Serie A,1.0,LM,8.0,,2019-08-06,2022.0,51,Serbia,,,,Right,3,3,1,Medium/Medium,Lean (170-185),No,11900000.0,,"Speed Dribbler (AI), Outside Foot Shot",85.0,68.0,72.0,77.0,61.0,56.0,78,64,54,73,70,78,68,74,68,76,82,88,80,68,79,76,44,82,39,72,67,60,70,68,49,68,62,64,62,14,10,11,11,9,,69+2,69+2,69+2,75,73,73,73,75,73+2,73+2,73+2,75+1,71+2,71+2,71+2,75+1,72+2,67+2,67+2,67+2,72+2,70+2,61+2,61+2,61+2,70+2,17+2,https://cdn.sofifa.net/players/212/127/22_120.png,https://cdn.sofifa.net/teams/206/60.png,https://cdn.sofifa.net/flags/it.png,,https://cdn.sofifa.net/flags/rs.png
220746,A. Živković,Andrija Živković,"RW, LW, RM",76,78,24,Serbia,,,PAOK,Greek Super League,9500000.0,1000.0,78.0,73.0,74.0,81.0,56.0,57.0,220746,https://sofifa.com/player/220746/andrija-zivkovic/220002,A. Živković,"RW, LW, RM",76,78,9500000.0,1000.0,24,1996-07-11,169,68,393.0,PAOK,Greek Super League,1.0,RW,14.0,,2020-09-08,2022.0,51,Serbia,,,,Left,3,4,1,High/Medium,Normal (170-),Yes,21600000.0,,"Finesse Shot, Long Shot Taker (AI), Giant Throw-in",78.0,73.0,74.0,81.0,56.0,57.0,76,74,46,74,66,82,83,71,65,81,81,76,75,69,88,78,55,63,54,70,58,64,70,76,68,80,49,64,50,9,11,8,6,6,,71+2,71+2,71+2,76,75,75,75,76,75+2,75+2,75+2,75+2,72+2,72+2,72+2,75+2,68+2,65+2,65+2,65+2,68+2,65+2,59+2,59+2,59+2,65+2,15+2,https://cdn.sofifa.net/players/220/746/22_120.png,https://cdn.sofifa.net/teams/393/60.png,https://cdn.sofifa.net/flags/gr.png,,https://cdn.sofifa.net/flags/rs.png
236221,D. Brašanac,Darko Brašanac,"CM, CDM, RM",76,76,29,Serbia,,,CA Osasuna,Spain Primera Division,7500000.0,28000.0,55.0,70.0,73.0,73.0,72.0,73.0,236221,https://sofifa.com/player/236221/darko-brasanac/220002,D. Brašanac,"CM, CDM, RM",76,76,7500000.0,28000.0,29,1992-02-12,178,73,479.0,CA Osasuna,Spain Primera Division,1.0,LCM,8.0,,2019-07-22,2023.0,51,Serbia,,,,Right,3,3,1,Medium/High,Normal (170-185),Yes,15800000.0,,Dives Into Tackles (AI),55.0,70.0,73.0,73.0,72.0,73.0,64,68,64,79,52,73,60,59,78,78,62,49,58,77,64,80,65,71,71,69,82,70,75,74,70,75,72,75,72,6,14,9,9,9,,71+2,71+2,71+2,71,73,73,73,71,73+2,73+2,73+2,72+2,76,76,76,72+2,71+2,75+1,75+1,75+1,71+2,70+2,72+2,72+2,72+2,70+2,17+2,https://cdn.sofifa.net/players/236/221/22_120.png,https://cdn.sofifa.net/teams/479/60.png,https://cdn.sofifa.net/flags/es.png,,https://cdn.sofifa.net/flags/rs.png
238095,N. Milenković,Nikola Milenković,"CB, RB",76,83,23,Serbia,,,Fiorentina,Italian Serie A,14000000.0,36000.0,66.0,44.0,61.0,62.0,76.0,81.0,238095,https://sofifa.com/player/238095/nikola-milenkovic/220002,N. Milenković,"CB, RB",76,83,14000000.0,36000.0,23,1997-10-12,195,90,110374.0,Fiorentina,Italian Serie A,1.0,RCB,4.0,,2017-07-10,2023.0,51,Serbia,,,,Right,3,2,2,Medium/High,Normal (185+),No,26600000.0,,Solid Player,66.0,44.0,61.0,62.0,76.0,81.0,66,38,70,68,35,60,34,22,66,68,68,65,50,74,40,60,73,76,85,54,80,76,22,55,34,70,77,78,77,8,7,13,7,14,,56+2,56+2,56+2,58,56,56,56,58,58+2,58+2,58+2,61+2,63+2,63+2,63+2,61+2,72+2,73+2,73+2,73+2,72+2,73+2,76+2,76+2,76+2,73+2,16+2,https://cdn.sofifa.net/players/238/095/22_120.png,https://cdn.sofifa.net/teams/110374/60.png,https://cdn.sofifa.net/flags/it.png,,https://cdn.sofifa.net/flags/rs.png
183376,L. Fejsa,Ljubomir Fejsa,"CDM, CM",75,75,32,Serbia,,,Al Ahli,Saudi Abdul L. Jameel League,3700000.0,32000.0,52.0,57.0,63.0,65.0,76.0,80.0,183376,https://sofifa.com/player/183376/ljubomir-fejsa/220002,L. Fejsa,"CDM, CM",75,75,3700000.0,32000.0,32,1988-08-14,183,80,112387.0,Al Ahli,Saudi Abdul L. Jameel League,1.0,SUB,55.0,,2020-09-24,2022.0,51,Serbia,,,,Right,3,2,2,Low/High,Normal (170-185),No,6300000.0,,"Injury Prone, Dives Into Tackles (AI)",52.0,57.0,63.0,65.0,76.0,80.0,50,49,71,73,53,65,43,57,70,67,50,53,55,71,58,73,73,71,82,62,88,80,50,61,56,72,77,76,72,14,12,13,11,14,,62+2,62+2,62+2,60,62,62,62,60,63+2,63+2,63+2,61+2,68+2,68+2,68+2,61+2,68+2,74+1,74+1,74+1,68+2,69+2,76-1,76-1,76-1,69+2,19+2,https://cdn.sofifa.net/players/183/376/22_120.png,https://cdn.sofifa.net/teams/112387/60.png,https://cdn.sofifa.net/flags/sa.png,,https://cdn.sofifa.net/flags/rs.png
190544,A. Ljajić,Adem Ljajić,"CAM, CM, LM",75,75,29,Serbia,,,Beşiktaş JK,Turkish Süper Lig,5500000.0,40000.0,73.0,73.0,78.0,77.0,43.0,59.0,190544,https://sofifa.com/player/190544/adem-ljajic/220002,A. Ljajić,"CAM, CM, LM",75,75,5500000.0,40000.0,29,1991-09-29,182,80,327.0,Beşiktaş JK,Turkish Süper Lig,1.0,RES,22.0,,2019-07-04,2022.0,51,Serbia,,,,Right,4,4,2,High/Low,Lean (170-185),No,10500000.0,,"Finesse Shot, Long Shot Taker (AI), Playmaker (AI), Outside Foot Shot, Technical Dribbler (AI)",73.0,73.0,78.0,77.0,43.0,59.0,80,67,48,77,74,77,80,85,76,79,74,72,80,68,78,79,63,63,59,80,54,43,70,78,75,74,42,46,35,6,14,7,6,12,,70+2,70+2,70+2,75,74,74,74,75,75,75,75,75,72+2,72+2,72+2,75,61+2,60+2,60+2,60+2,61+2,58+2,51+2,51+2,51+2,58+2,16+2,https://cdn.sofifa.net/players/190/544/22_120.png,https://cdn.sofifa.net/teams/327/60.png,https://cdn.sofifa.net/flags/tr.png,,https://cdn.sofifa.net/flags/rs.png
215466,N. Maksimović,Nikola Maksimović,CB,75,75,29,Serbia,,,Genoa,Italian Serie A,4700000.0,16000.0,58.0,28.0,47.0,55.0,77.0,77.0,215466,https://sofifa.com/player/215466/nikola-maksimovic/220002,N. Maksimović,CB,75,75,4700000.0,16000.0,29,1991-11-25,193,87,110556.0,Genoa,Italian Serie A,1.0,CB,99.0,,2021-08-31,2026.0,51,Serbia,,,,Right,3,2,2,Medium/Medium,Normal (185+),No,8500000.0,,"Dives Into Tackles (AI), Power Header",58.0,28.0,47.0,55.0,77.0,77.0,45,22,78,59,28,49,29,23,59,61,55,61,48,73,58,39,64,72,81,29,78,79,29,31,26,70,77,76,78,12,9,5,11,15,,48+2,48+2,48+2,48,47,47,47,48,48+2,48+2,48+2,51+2,55+2,55+2,55+2,51+2,67+2,69+2,69+2,69+2,67+2,69+2,75,75,75,69+2,18+2,https://cdn.sofifa.net/players/215/466/22_120.png,https://cdn.sofifa.net/teams/110556/60.png,https://cdn.sofifa.net/flags/it.png,,https://cdn.sofifa.net/flags/rs.png
215716,A. Mitrović,Aleksandar Mitrović,ST,75,76,26,Serbia,,,Fulham,English League Championship,6500000.0,53000.0,63.0,76.0,56.0,70.0,27.0,84.0,215716,https://sofifa.com/player/215716/aleksandar-mitrovic/220002,A. Mitrović,ST,75,76,6500000.0,53000.0,26,1994-09-16,189,90,144.0,Fulham,English League Championship,2.0,ST,9.0,,2018-07-30,2024.0,51,Serbia,,,,Right,4,3,1,Medium/Medium,Stocky (185+),Yes,12800000.0,#Strength,Power Header,63.0,76.0,56.0,70.0,27.0,84.0,29,76,80,70,73,66,42,52,46,76,55,69,67,76,63,82,84,66,91,70,89,14,77,68,73,73,25,24,13,15,12,6,7,13,,75+1,75+1,75+1,67,72,72,72,67,70+2,70+2,70+2,65+2,63+2,63+2,63+2,65+2,45+2,50+2,50+2,50+2,45+2,43+2,48+2,48+2,48+2,43+2,19+2,https://cdn.sofifa.net/players/215/716/22_120.png,https://cdn.sofifa.net/teams/144/60.png,https://cdn.sofifa.net/flags/gb-eng.png,,https://cdn.sofifa.net/flags/rs.png
225028,N. Radoja,Nemanja Radoja,CM,75,75,28,Serbia,,,Levante Unión Deportiva,Spain Primera Division,5500000.0,26000.0,61.0,61.0,71.0,74.0,74.0,75.0,225028,https://sofifa.com/player/225028/nemanja-radoja/220002,N. Radoja,CM,75,75,5500000.0,26000.0,28,1993-02-06,186,77,1853.0,Levante Unión Deportiva,Spain Primera Division,1.0,SUB,5.0,,2019-08-21,2022.0,51,Serbia,,,,Right,4,3,1,Medium/Medium,Normal (185+),Yes,11600000.0,,,61.0,61.0,71.0,74.0,74.0,75.0,57,58,51,81,61,74,62,45,77,79,59,62,60,75,65,63,68,74,78,67,72,80,62,73,58,84,78,75,70,11,13,12,9,7,,66+2,66+2,66+2,69,69,69,69,69,72+2,72+2,72+2,70+2,75,75,75,70+2,72+2,77-2,77-2,77-2,72+2,71+2,73+2,73+2,73+2,71+2,17+2,https://cdn.sofifa.net/players/225/028/22_120.png,https://cdn.sofifa.net/teams/1853/60.png,https://cdn.sofifa.net/flags/es.png,,https://cdn.sofifa.net/flags/rs.png
232099,M. Grujić,Marko Grujić,"CM, CDM",75,80,25,Serbia,,,FC Porto,Portuguese Liga ZON SAGRES,8000000.0,12000.0,61.0,71.0,71.0,77.0,72.0,77.0,232099,https://sofifa.com/player/232099/marko-grujic/220002,M. Grujić,"CM, CDM",75,80,8000000.0,12000.0,25,1996-04-13,191,84,236.0,FC Porto,Portuguese Liga ZON SAGRES,1.0,SUB,16.0,,2020-10-06,2026.0,51,Serbia,,,,Right,3,3,1,High/Medium,Normal (185+),Yes,16600000.0,,"Dives Into Tackles (AI), Long Shot Taker (AI)",61.0,71.0,71.0,77.0,72.0,77.0,62,72,78,75,62,80,65,51,73,80,58,64,67,77,56,76,76,74,79,67,75,72,75,77,57,81,72,70,70,9,14,8,12,13,,74+2,74+2,74+2,73,75,75,75,73,75+2,75+2,75+2,73+2,75+2,75+2,75+2,73+2,71+2,74+2,74+2,74+2,71+2,71+2,74+2,74+2,74+2,71+2,19+2,https://cdn.sofifa.net/players/232/099/22_120.png,https://cdn.sofifa.net/teams/236/60.png,https://cdn.sofifa.net/flags/pt.png,,https://cdn.sofifa.net/flags/rs.png
236699,S. Lukić,Saša Lukić,"CM, CDM, CAM",75,80,24,Serbia,,,Torino F.C.,Italian Serie A,8500000.0,33000.0,64.0,63.0,75.0,77.0,69.0,68.0,236699,https://sofifa.com/player/236699/sasa-lukic/220002,S. Lukić,"CM, CDM, CAM",75,80,8500000.0,33000.0,24,1996-08-13,183,77,54.0,Torino F.C.,Italian Serie A,1.0,LCM,10.0,,2016-07-29,2023.0,51,Serbia,,,,Right,3,3,1,Medium/Medium,Normal (170-185),Yes,15100000.0,,,64.0,63.0,75.0,77.0,69.0,68.0,66,59,58,80,68,79,72,68,77,81,65,63,65,73,73,68,63,69,69,64,64,67,68,76,66,76,69,72,71,9,11,13,9,6,,68+2,68+2,68+2,72,72,72,72,72,74+2,74+2,74+2,73+2,75+2,75+2,75+2,73+2,71+2,73+2,73+2,73+2,71+2,70+2,69+2,69+2,69+2,70+2,16+2,https://cdn.sofifa.net/players/236/699/22_120.png,https://cdn.sofifa.net/teams/54/60.png,https://cdn.sofifa.net/flags/it.png,,https://cdn.sofifa.net/flags/rs.png
243656,N. Radonjić,Nemanja Radonjić,"LM, RM",75,78,25,Serbia,,,SL Benfica,Portuguese Liga ZON SAGRES,7500000.0,32000.0,88.0,71.0,71.0,75.0,30.0,58.0,243656,https://sofifa.com/player/243656/nemanja-radonjic/220002,N. Radonjić,"LM, RM",75,78,7500000.0,32000.0,25,1996-02-15,185,76,234.0,SL Benfica,Portuguese Liga ZON SAGRES,1.0,SUB,23.0,Olympique de Marseille,,2022.0,51,Serbia,,,,Right,4,3,1,High/Low,Normal (185+),Yes,,,Speed Dribbler (AI),88.0,71.0,71.0,75.0,30.0,58.0,72,69,49,73,75,76,68,54,66,73,89,88,76,75,71,77,45,67,60,73,43,22,69,73,57,71,31,30,23,7,9,14,13,6,,71+2,71+2,71+2,75,74,74,74,75,74+2,74+2,74+2,74+2,67+2,67+2,67+2,74+2,56+2,51+2,51+2,51+2,56+2,52+2,42+2,42+2,42+2,52+2,16+2,https://cdn.sofifa.net/players/243/656/22_120.png,https://cdn.sofifa.net/teams/234/60.png,https://cdn.sofifa.net/flags/pt.png,,https://cdn.sofifa.net/flags/rs.png
177683,Y. Sommer,Yann Sommer,GK,85,85,32,Switzerland,,,Borussia Mönchengladbach,German 1. Bundesliga,26500000.0,40000.0,,,,,,,177683,https://sofifa.com/player/177683/yann-sommer/220002,Y. Sommer,GK,85,85,26500000.0,40000.0,32,1988-12-17,183,79,23.0,Borussia Mönchengladbach,German 1. Bundesliga,1.0,GK,1.0,,2014-07-01,2023.0,47,Switzerland,,,,Right,4,1,3,Medium/Medium,Normal (170-185),Yes,45100000.0,,Comes For Crosses,,,,,,,13,13,10,40,8,15,12,13,31,25,48,54,55,82,58,63,73,45,68,12,38,21,15,64,24,57,9,19,12,79,81,84,86,86,50.0,32+3,32+3,32+3,32,34,34,34,32,36+3,36+3,36+3,34+3,37+3,37+3,37+3,34+3,30+3,33+3,33+3,33+3,30+3,29+3,29+3,29+3,29+3,29+3,83+2,https://cdn.sofifa.net/players/177/683/22_120.png,https://cdn.sofifa.net/teams/23/60.png,https://cdn.sofifa.net/flags/de.png,,https://cdn.sofifa.net/flags/ch.png
189117,R. Bürki,Roman Bürki,GK,80,80,30,Switzerland,,,Borussia Dortmund,German 1. Bundesliga,14000000.0,46000.0,,,,,,,189117,https://sofifa.com/player/189117/roman-burki/220002,R. Bürki,GK,80,80,14000000.0,46000.0,30,1990-11-14,187,85,22.0,Borussia Dortmund,German 1. Bundesliga,1.0,RES,38.0,,2015-07-01,2023.0,47,Switzerland,,,,Right,2,1,3,Medium/Medium,Normal (185+),Yes,23800000.0,,Cautious With Crosses,,,,,,,15,8,17,37,13,12,13,12,24,23,44,50,49,78,52,45,74,36,76,14,35,18,10,50,20,58,11,13,16,81,79,60,77,86,46.0,29+3,29+3,29+3,28,30,30,30,28,31+3,31+3,31+3,30+3,31+3,31+3,31+3,30+3,28+3,30+3,30+3,30+3,28+3,28+3,29+3,29+3,29+3,28+3,79+1,https://cdn.sofifa.net/players/189/117/22_120.png,https://cdn.sofifa.net/teams/22/60.png,https://cdn.sofifa.net/flags/de.png,,https://cdn.sofifa.net/flags/ch.png
202024,R. Freuler,Remo Marco Freuler,CM,80,80,29,Switzerland,,,Atalanta,Italian Serie A,20500000.0,58000.0,69.0,71.0,77.0,78.0,75.0,73.0,202024,https://sofifa.com/player/202024/remo-freuler/220002,R. Freuler,CM,80,80,20500000.0,58000.0,29,1992-04-15,180,80,39.0,Atalanta,Italian Serie A,1.0,LCM,11.0,,2016-01-20,2022.0,47,Switzerland,,,,Right,3,4,2,Medium/Medium,Normal (170-185),No,34900000.0,,,69.0,71.0,77.0,78.0,75.0,73.0,72,68,41,81,68,78,60,70,80,81,68,69,69,83,62,73,55,87,69,75,72,79,78,79,61,83,80,79,73,12,8,9,14,13,,71+2,71+2,71+2,76,76,76,76,76,78+2,78+2,78+2,77+2,80,80,80,77+2,78+2,79+1,79+1,79+1,78+2,76+2,73+2,73+2,73+2,76+2,19+2,https://cdn.sofifa.net/players/202/024/22_120.png,https://cdn.sofifa.net/teams/39/60.png,https://cdn.sofifa.net/flags/it.png,,https://cdn.sofifa.net/flags/ch.png
229237,M. Akanji,Manuel Obafemi Akanji,CB,80,83,25,Switzerland,,,Borussia Dortmund,German 1. Bundesliga,25000000.0,54000.0,81.0,48.0,67.0,74.0,81.0,77.0,229237,https://sofifa.com/player/229237/manuel-akanji/220002,M. Akanji,CB,80,83,25000000.0,54000.0,25,1995-07-19,187,91,22.0,Borussia Dortmund,German 1. Bundesliga,1.0,RCB,16.0,,2018-01-15,2023.0,47,Switzerland,,,,Right,4,2,2,Medium/Medium,Normal (185+),No,44400000.0,,,81.0,48.0,67.0,74.0,81.0,77.0,53,38,78,79,42,74,54,59,69,75,77,84,69,81,65,75,83,72,80,48,74,81,37,65,40,76,82,82,76,10,9,13,6,9,,64+2,64+2,64+2,65,65,65,65,65,67+2,67+2,67+2,68+2,70+2,70+2,70+2,68+2,75+2,77+2,77+2,77+2,75+2,77+2,80+2,80+2,80+2,77+2,17+2,https://cdn.sofifa.net/players/229/237/22_120.png,https://cdn.sofifa.net/teams/22/60.png,https://cdn.sofifa.net/flags/de.png,,https://cdn.sofifa.net/flags/ch.png
229261,D. Zakaria,Denis Lemi Zakaria Lako Lado,"CDM, CB",80,86,24,Switzerland,,,Borussia Mönchengladbach,German 1. Bundesliga,30500000.0,28000.0,83.0,64.0,72.0,75.0,80.0,84.0,229261,https://sofifa.com/player/229261/denis-zakaria/220002,D. Zakaria,"CDM, CB",80,86,30500000.0,28000.0,24,1996-11-20,191,81,23.0,Borussia Mönchengladbach,German 1. Bundesliga,1.0,SUB,8.0,,2017-07-01,2022.0,47,Switzerland,,,,Right,3,3,2,High/Medium,Normal (185+),Yes,58000000.0,,Playmaker (AI),83.0,64.0,72.0,75.0,80.0,84.0,67,66,67,79,35,76,63,46,73,76,79,86,67,82,64,73,66,81,87,63,85,80,65,73,38,83,81,82,79,12,12,7,13,11,,72+2,72+2,72+2,74,74,74,74,74,74+2,74+2,74+2,75+2,76+2,76+2,76+2,75+2,79+2,79+2,79+2,79+2,79+2,79+2,80+2,80+2,80+2,79+2,19+2,https://cdn.sofifa.net/players/229/261/22_120.png,https://cdn.sofifa.net/teams/23/60.png,https://cdn.sofifa.net/flags/de.png,,https://cdn.sofifa.net/flags/ch.png
193348,X. Shaqiri,Xherdan Shaqiri,"RW, RM",79,79,29,Switzerland,,,Olympique Lyonnais,French Ligue 1,17000000.0,75000.0,75.0,76.0,80.0,81.0,46.0,67.0,193348,https://sofifa.com/player/193348/xherdan-shaqiri/220002,X. Shaqiri,"RW, RM",79,79,17000000.0,75000.0,29,1991-10-10,169,72,66.0,Olympique Lyonnais,French Ligue 1,1.0,RM,29.0,,2021-08-24,2024.0,47,Switzerland,,,,Left,4,5,3,Medium/Low,Unique,Yes,32300000.0,,"Flair, Long Shot Taker (AI), Playmaker (AI)",75.0,76.0,80.0,81.0,46.0,67.0,79,70,45,80,76,80,85,82,78,82,77,73,83,77,91,87,51,65,71,81,61,55,75,80,65,79,35,49,48,13,12,12,11,11,,74+3,74+3,74+3,78,77,77,77,78,79,79,79,77+2,76+3,76+3,76+3,77+2,66+3,65+3,65+3,65+3,66+3,62+3,55+3,55+3,55+3,62+3,19+3,https://cdn.sofifa.net/players/193/348/22_120.png,https://cdn.sofifa.net/teams/66/60.png,https://cdn.sofifa.net/flags/fr.png,,https://cdn.sofifa.net/flags/ch.png
199503,G. Xhaka,Granit Xhaka,"CDM, CM",79,79,28,Switzerland,,,Arsenal,English Premier League,15500000.0,80000.0,50.0,64.0,79.0,69.0,69.0,80.0,199503,https://sofifa.com/player/199503/granit-xhaka/220002,G. Xhaka,"CDM, CM",79,79,15500000.0,80000.0,28,1992-09-27,185,82,1.0,Arsenal,English Premier League,1.0,LDM,34.0,,2016-07-01,2024.0,47,Switzerland,,,,Left,2,3,3,Low/Medium,Normal (185+),Yes,29500000.0,,"Power Free-Kick, Dives Into Tackles (AI), Long Passer (AI), Playmaker (AI)",50.0,64.0,79.0,69.0,69.0,80.0,71,50,62,84,50,66,76,77,84,80,48,52,49,73,61,90,33,84,79,75,91,71,62,78,63,67,71,68,68,7,8,11,7,13,,67+3,67+3,67+3,67,69,69,69,67,71+3,71+3,71+3,70+3,77+2,77+2,77+2,70+3,72+3,77+2,77+2,77+2,72+3,70+3,71+3,71+3,71+3,70+3,16+3,https://cdn.sofifa.net/players/199/503/22_120.png,https://cdn.sofifa.net/teams/1/60.png,https://cdn.sofifa.net/flags/gb-eng.png,,https://cdn.sofifa.net/flags/ch.png
210625,K. Mbabu,Melingo Kevin Mbabu,RB,79,82,26,Switzerland,,,VfL Wolfsburg,German 1. Bundesliga,21000000.0,59000.0,88.0,51.0,69.0,73.0,74.0,80.0,210625,https://sofifa.com/player/210625/kevin-mbabu/220002,K. Mbabu,RB,79,82,21000000.0,59000.0,26,1995-04-19,184,83,175.0,VfL Wolfsburg,German 1. Bundesliga,1.0,RB,19.0,,2019-07-01,2023.0,47,Switzerland,,,,Right,3,3,2,High/Medium,Normal (170-185),No,37300000.0,,"Early Crosser, Speed Dribbler (AI)",88.0,51.0,69.0,73.0,74.0,80.0,77,49,67,69,39,72,64,48,65,74,88,88,76,73,73,66,78,91,78,44,74,70,72,68,35,71,75,76,80,8,7,7,14,14,,67+2,67+2,67+2,71,69,69,69,71,69+2,69+2,69+2,74+2,70+2,70+2,70+2,74+2,77+2,73+2,73+2,73+2,77+2,77+2,74+2,74+2,74+2,77+2,17+2,https://cdn.sofifa.net/players/210/625/22_120.png,https://cdn.sofifa.net/teams/175/60.png,https://cdn.sofifa.net/flags/de.png,,https://cdn.sofifa.net/flags/ch.png
221491,N. Elvedi,Nico Elvedi,CB,79,83,24,Switzerland,,,Borussia Mönchengladbach,German 1. Bundesliga,22500000.0,26000.0,74.0,39.0,63.0,68.0,80.0,77.0,221491,https://sofifa.com/player/221491/nico-elvedi/220002,N. Elvedi,CB,79,83,22500000.0,26000.0,24,1996-09-30,189,81,23.0,Borussia Mönchengladbach,German 1. Bundesliga,1.0,LCB,30.0,,2015-07-01,2024.0,47,Switzerland,,,,Right,3,2,2,Medium/Medium,Normal (185+),Yes,39900000.0,,,74.0,39.0,63.0,68.0,80.0,77.0,65,30,79,74,30,67,45,29,57,72,66,81,64,77,55,50,80,75,80,45,72,82,53,59,37,65,77,84,78,9,15,10,12,9,,60+2,60+2,60+2,63,62,62,62,63,63+2,63+2,63+2,66+2,67+2,67+2,67+2,66+2,75+2,75+2,75+2,75+2,75+2,77+2,79+2,79+2,79+2,77+2,18+2,https://cdn.sofifa.net/players/221/491/22_120.png,https://cdn.sofifa.net/teams/23/60.png,https://cdn.sofifa.net/flags/de.png,,https://cdn.sofifa.net/flags/ch.png
235073,G. Kobel,Gregor Kobel,GK,79,84,23,Switzerland,,,Borussia Dortmund,German 1. Bundesliga,21500000.0,36000.0,,,,,,,235073,https://sofifa.com/player/235073/gregor-kobel/220002,G. Kobel,GK,79,84,21500000.0,36000.0,23,1997-12-06,195,88,22.0,Borussia Dortmund,German 1. Bundesliga,1.0,GK,1.0,,2021-07-01,2026.0,47,Switzerland,,,,Right,3,1,1,Medium/Medium,Normal (185+),Yes,38200000.0,,"GK Long Throw, Rushes Out Of Goal",,,,,,,13,10,13,39,10,24,13,12,33,34,26,26,34,77,24,58,44,21,81,10,24,14,10,55,12,66,15,15,15,80,78,77,74,83,26.0,30+2,30+2,30+2,29,32,32,32,29,34+2,34+2,34+2,30+2,35+2,35+2,35+2,30+2,26+2,31+2,31+2,31+2,26+2,24+2,28+2,28+2,28+2,24+2,78+2,https://cdn.sofifa.net/players/235/073/22_120.png,https://cdn.sofifa.net/teams/22/60.png,https://cdn.sofifa.net/flags/de.png,,https://cdn.sofifa.net/flags/ch.png
190243,M. Hitz,Marwin Hitz,GK,78,78,33,Switzerland,,,Borussia Dortmund,German 1. Bundesliga,4600000.0,39000.0,,,,,,,190243,https://sofifa.com/player/190243/marwin-hitz/220002,M. Hitz,GK,78,78,4600000.0,39000.0,33,1987-09-18,194,89,22.0,Borussia Dortmund,German 1. Bundesliga,1.0,SUB,35.0,,2018-07-01,2023.0,47,Switzerland,,,,Right,3,1,2,Medium/Medium,Normal (185+),Yes,7800000.0,,Team Player,,,,,,,12,27,18,29,26,13,15,17,33,17,41,46,41,73,31,59,67,38,78,12,25,23,8,25,22,44,13,15,14,81,74,79,77,79,43.0,32+2,32+2,32+2,26,28,28,28,26,26+2,26+2,26+2,27+2,27+2,27+2,27+2,27+2,27+2,29+2,29+2,29+2,27+2,27+2,29+2,29+2,29+2,27+2,77+1,https://cdn.sofifa.net/players/190/243/22_120.png,https://cdn.sofifa.net/teams/22/60.png,https://cdn.sofifa.net/flags/de.png,,https://cdn.sofifa.net/flags/ch.png
193408,H. Seferović,Haris Seferović,ST,78,78,29,Switzerland,,,SL Benfica,Portuguese Liga ZON SAGRES,14000000.0,18000.0,72.0,78.0,67.0,72.0,48.0,84.0,193408,https://sofifa.com/player/193408/haris-seferovic/220002,H. Seferović,ST,78,78,14000000.0,18000.0,29,1992-02-22,189,85,234.0,SL Benfica,Portuguese Liga ZON SAGRES,1.0,ST,14.0,,2017-07-01,2024.0,47,Switzerland,,,,Left,2,3,2,High/High,Normal (185+),Yes,28000000.0,#Strength,Finesse Shot,72.0,78.0,67.0,72.0,48.0,84.0,65,79,81,69,76,72,72,64,63,73,68,75,66,75,60,83,80,83,87,70,81,42,85,68,68,77,44,46,40,9,13,9,9,16,,78,78,78,73,75,75,75,73,72+2,72+2,72+2,72+2,69+2,69+2,69+2,72+2,61+2,61+2,61+2,61+2,61+2,60+2,60+2,60+2,60+2,60+2,19+2,https://cdn.sofifa.net/players/193/408/22_120.png,https://cdn.sofifa.net/teams/234/60.png,https://cdn.sofifa.net/flags/pt.png,,https://cdn.sofifa.net/flags/ch.png
210537,R. Steffen,Renato Steffen,"LM, RM",78,78,29,Switzerland,,,VfL Wolfsburg,German 1. Bundesliga,14000000.0,61000.0,79.0,75.0,74.0,80.0,48.0,65.0,210537,https://sofifa.com/player/210537/renato-steffen/220002,R. Steffen,"LM, RM",78,78,14000000.0,61000.0,29,1991-11-03,170,65,175.0,VfL Wolfsburg,German 1. Bundesliga,1.0,LM,11.0,,2018-01-10,2023.0,47,Switzerland,,,,Left,3,3,2,High/Medium,Normal (170-),No,23800000.0,#Acrobat,"Speed Dribbler (AI), Outside Foot Shot",79.0,75.0,74.0,80.0,48.0,65.0,76,75,70,77,77,79,79,72,67,78,84,74,90,78,91,77,90,76,57,75,67,38,75,73,55,75,54,39,52,16,13,12,8,6,,75+2,75+2,75+2,77,77,77,77,77,77+1,77+1,77+1,77+1,71+2,71+2,71+2,77+1,65+2,61+2,61+2,61+2,65+2,63+2,57+2,57+2,57+2,63+2,18+2,https://cdn.sofifa.net/players/210/537/22_120.png,https://cdn.sofifa.net/teams/175/60.png,https://cdn.sofifa.net/flags/de.png,,https://cdn.sofifa.net/flags/ch.png
222357,B. Embolo,Breel-Donald Embolo,"ST, CAM",77,82,24,Switzerland,,,Borussia Mönchengladbach,German 1. Bundesliga,16000000.0,27000.0,85.0,73.0,70.0,74.0,51.0,82.0,222357,https://sofifa.com/player/222357/breel-embolo/220002,B. Embolo,"ST, CAM",77,82,16000000.0,27000.0,24,1997-02-14,187,88,23.0,Borussia Mönchengladbach,German 1. Bundesliga,1.0,SUB,36.0,,2019-07-01,2023.0,47,Switzerland,,,,Right,4,3,2,Medium/High,Stocky (185+),Yes,28400000.0,,"Injury Prone, Flair, Speed Dribbler (AI)",85.0,73.0,70.0,74.0,51.0,82.0,63,69,71,76,64,77,68,51,70,74,83,86,67,76,67,84,73,79,85,71,78,44,82,72,66,74,40,63,38,13,6,7,7,12,,77+2,77+2,77+2,75,76,76,76,75,75+2,75+2,75+2,75+2,72+2,72+2,72+2,75+2,64+2,65+2,65+2,65+2,64+2,62+2,61+2,61+2,61+2,62+2,17+2,https://cdn.sofifa.net/players/222/357/22_120.png,https://cdn.sofifa.net/teams/23/60.png,https://cdn.sofifa.net/flags/de.png,,https://cdn.sofifa.net/flags/ch.png
223550,J. Omlin,Jonas Omlin,GK,77,81,27,Switzerland,,,Montpellier Hérault SC,French Ligue 1,11000000.0,20000.0,,,,,,,223550,https://sofifa.com/player/223550/jonas-omlin/220002,J. Omlin,GK,77,81,11000000.0,20000.0,27,1994-01-10,189,80,70.0,Montpellier Hérault SC,French Ligue 1,1.0,GK,1.0,,2020-08-12,2024.0,47,Switzerland,,,,Right,4,1,1,Medium/Medium,Normal (185+),No,22800000.0,,"Rushes Out Of Goal, Saves with Feet",,,,,,,24,17,24,45,15,27,21,16,35,31,49,51,32,74,51,55,75,35,72,18,22,25,15,48,27,55,20,21,24,77,75,73,75,79,50.0,35+2,35+2,35+2,34,36,36,36,34,37+2,37+2,37+2,36+2,37+2,37+2,37+2,36+2,34+2,35+2,35+2,35+2,34+2,33+2,34+2,34+2,34+2,33+2,76+2,https://cdn.sofifa.net/players/223/550/22_120.png,https://cdn.sofifa.net/teams/70/60.png,https://cdn.sofifa.net/flags/fr.png,,https://cdn.sofifa.net/flags/ch.png
229752,D. Sow,Djibril Sow,"CM, CDM",77,80,24,Switzerland,,,Eintracht Frankfurt,German 1. Bundesliga,14500000.0,25000.0,79.0,64.0,77.0,76.0,75.0,79.0,229752,https://sofifa.com/player/229752/djibril-sow/220002,D. Sow,"CM, CDM",77,80,14500000.0,25000.0,24,1997-02-06,184,77,1824.0,Eintracht Frankfurt,German 1. Bundesliga,1.0,RDM,8.0,,2019-07-01,2024.0,47,Switzerland,,,,Right,4,3,2,Medium/High,Lean (170-185),No,25700000.0,,,79.0,64.0,77.0,76.0,75.0,79.0,70,61,63,85,68,75,65,62,78,78,76,81,75,76,71,69,73,85,76,65,79,78,72,74,58,77,75,77,72,6,12,9,7,8,,71+2,71+2,71+2,74,74,74,74,74,76+2,76+2,76+2,76+2,77+2,77+2,77+2,76+2,77+2,78+2,78+2,78+2,77+2,76+2,75+2,75+2,75+2,76+2,16+2,https://cdn.sofifa.net/players/229/752/22_120.png,https://cdn.sofifa.net/teams/1824/60.png,https://cdn.sofifa.net/flags/de.png,,https://cdn.sofifa.net/flags/ch.png
193352,R. Rodríguez,Ricardo Iván Rodríguez Araya,LB,76,76,28,Switzerland,,,Torino F.C.,Italian Serie A,7000000.0,38000.0,71.0,67.0,74.0,74.0,75.0,74.0,193352,https://sofifa.com/player/193352/ricardo-rodriguez/220002,R. Rodríguez,LB,76,76,7000000.0,38000.0,28,1992-08-25,182,77,54.0,Torino F.C.,Italian Serie A,1.0,SUB,13.0,,2020-08-19,2024.0,47,Switzerland,,,,Left,3,3,2,Medium/Medium,Normal (170-185),Yes,11900000.0,,"Long Throw-in, Early Crosser",71.0,67.0,74.0,74.0,75.0,74.0,78,58,64,75,66,74,80,81,75,76,69,72,71,72,70,78,73,74,74,72,74,77,64,66,80,77,74,77,75,14,13,14,14,11,,69+2,69+2,69+2,71,70,70,70,71,71+2,71+2,71+2,72+2,73+2,73+2,73+2,72+2,75+1,75+1,75+1,75+1,75+1,74+2,74+2,74+2,74+2,74+2,20+2,https://cdn.sofifa.net/players/193/352/22_120.png,https://cdn.sofifa.net/teams/54/60.png,https://cdn.sofifa.net/flags/it.png,,https://cdn.sofifa.net/flags/ch.png
206003,Y. Mvogo,Yvon Landry Mvogo Nganoma,GK,76,79,27,Switzerland,,,PSV,Holland Eredivisie,7500000.0,43000.0,,,,,,,206003,https://sofifa.com/player/206003/yvon-mvogo/220002,Y. Mvogo,GK,76,79,7500000.0,43000.0,27,1994-06-06,189,93,247.0,PSV,Holland Eredivisie,1.0,SUB,38.0,RB Leipzig,,2022.0,47,Switzerland,,,,Right,3,1,1,Medium/Medium,Stocky (185+),Yes,,,"Rushes Out Of Goal, Comes For Crosses",,,,,,,13,10,24,24,19,18,14,20,22,27,43,41,58,71,57,56,71,28,74,14,37,13,13,58,20,30,28,18,12,78,74,75,73,79,42.0,31+2,31+2,31+2,28,31,31,31,28,31+2,31+2,31+2,29+2,30+2,30+2,30+2,29+2,26+2,29+2,29+2,29+2,26+2,26+2,31+2,31+2,31+2,26+2,75+2,https://cdn.sofifa.net/players/206/003/22_120.png,https://cdn.sofifa.net/teams/247/60.png,https://cdn.sofifa.net/flags/nl.png,,https://cdn.sofifa.net/flags/ch.png
210047,F. Schär,Fabian Lukas Schär,CB,76,77,29,Switzerland,,,Newcastle United,English Premier League,7000000.0,36000.0,58.0,67.0,70.0,68.0,77.0,75.0,210047,https://sofifa.com/player/210047/fabian-schar/220002,F. Schär,CB,76,77,7000000.0,36000.0,29,1991-12-20,188,84,13.0,Newcastle United,English Premier League,1.0,RCB,5.0,,2018-07-26,2022.0,47,Switzerland,,,,Right,3,2,2,High/Medium,Normal (185+),Yes,13800000.0,,"Long Passer (AI), Long Shot Taker (AI)",58.0,67.0,70.0,68.0,77.0,75.0,65,60,81,72,61,66,66,66,73,71,57,59,64,74,61,77,77,71,78,73,73,79,62,69,75,74,74,78,76,8,9,11,10,15,,68+2,68+2,68+2,66,67,67,67,66,68+2,68+2,68+2,67+2,71+2,71+2,71+2,67+2,71+2,74+2,74+2,74+2,71+2,72+2,76+1,76+1,76+1,72+2,18+2,https://cdn.sofifa.net/players/210/047/22_120.png,https://cdn.sofifa.net/teams/13/60.png,https://cdn.sofifa.net/flags/gb-eng.png,,https://cdn.sofifa.net/flags/ch.png
219244,D. von Ballmoos,David von Ballmoos,GK,76,80,26,Switzerland,,,BSC Young Boys,Swiss Super League,8000000.0,13000.0,,,,,,,219244,https://sofifa.com/player/219244/david-von-ballmoos/220002,D. von Ballmoos,GK,76,80,8000000.0,13000.0,26,1994-12-30,192,90,900.0,BSC Young Boys,Swiss Super League,1.0,GK,26.0,,2015-07-01,2025.0,47,Switzerland,,,,Right,3,1,1,Medium/Medium,Normal (185+),No,12600000.0,,GK Long Throw,,,,,,,16,16,13,35,20,22,19,13,27,24,55,49,52,66,53,56,68,37,74,15,25,26,19,42,28,61,11,20,18,77,75,74,75,77,53.0,32+2,32+2,32+2,31,32,32,32,31,32+2,32+2,32+2,32+2,32+2,32+2,32+2,32+2,30+2,31+2,31+2,31+2,30+2,29+2,30+2,30+2,30+2,29+2,75+2,https://cdn.sofifa.net/players/219/244/22_120.png,https://cdn.sofifa.net/teams/900/60.png,https://cdn.sofifa.net/flags/ch.png,,https://cdn.sofifa.net/flags/ch.png
177019,F. Lustenberger,Fabian Lustenberger,"CB, CDM",75,75,33,Switzerland,,,BSC Young Boys,Swiss Super League,2700000.0,15000.0,46.0,37.0,60.0,65.0,77.0,73.0,177019,https://sofifa.com/player/177019/fabian-lustenberger/220002,F. Lustenberger,"CB, CDM",75,75,2700000.0,15000.0,33,1988-05-02,182,73,900.0,BSC Young Boys,Swiss Super League,1.0,LCB,28.0,,2019-07-01,2022.0,47,Switzerland,,,,Right,3,2,2,Low/High,Lean (170-185),No,4100000.0,,"Leadership, Team Player",46.0,37.0,60.0,65.0,77.0,73.0,45,32,70,70,35,61,38,36,68,69,49,44,60,77,66,47,86,73,71,35,74,79,32,61,50,72,79,77,76,13,9,12,13,7,,52+2,52+2,52+2,54,54,54,54,54,58+2,58+2,58+2,58+2,65+2,65+2,65+2,58+2,68+2,73+2,73+2,73+2,68+2,69+2,75,75,75,69+2,18+2,https://cdn.sofifa.net/players/177/019/22_120.png,https://cdn.sofifa.net/teams/900/60.png,https://cdn.sofifa.net/flags/ch.png,,https://cdn.sofifa.net/flags/ch.png
190059,S. Zuber,Steven Zuber,"LM, CM, LWB",75,75,29,Switzerland,,,AEK Athens,Greek Super League,5500000.0,1000.0,75.0,73.0,73.0,73.0,71.0,75.0,190059,https://sofifa.com/player/190059/steven-zuber/220002,S. Zuber,"LM, CM, LWB",75,75,5500000.0,1000.0,29,1991-08-17,182,74,278.0,AEK Athens,Greek Super League,1.0,LW,17.0,,2020-08-04,2022.0,47,Switzerland,,,,Right,4,3,2,High/Medium,Normal (170-185),Yes,12100000.0,,Finesse Shot,75.0,73.0,73.0,73.0,71.0,75.0,77,72,68,71,57,73,75,66,72,74,74,75,72,74,67,77,57,77,76,76,72,74,73,75,62,72,69,72,68,15,15,7,14,9,,73+2,73+2,73+2,74,73,73,73,74,73+2,73+2,73+2,74+1,73+2,73+2,73+2,74+1,73+2,73+2,73+2,73+2,73+2,73+2,71+2,71+2,71+2,73+2,20+2,https://cdn.sofifa.net/players/190/059/22_120.png,https://cdn.sofifa.net/teams/278/60.png,https://cdn.sofifa.net/flags/gr.png,,https://cdn.sofifa.net/flags/ch.png
216158,S. Widmer,Silvan Dominic Widmer,RB,75,75,28,Switzerland,,,1. FSV Mainz 05,German 1. Bundesliga,5000000.0,22000.0,78.0,61.0,69.0,73.0,71.0,78.0,216158,https://sofifa.com/player/216158/silvan-widmer/220002,S. Widmer,RB,75,75,5000000.0,22000.0,28,1993-03-05,183,79,169.0,1. FSV Mainz 05,German 1. Bundesliga,1.0,RWB,30.0,,2021-07-09,2024.0,47,Switzerland,,,,Right,4,3,2,High/Medium,Normal (170-185),No,9000000.0,,,78.0,61.0,69.0,73.0,71.0,78.0,73,57,67,71,48,73,65,56,71,73,77,79,75,72,67,73,85,88,77,62,64,70,68,65,56,72,72,72,69,10,8,7,5,14,,69+2,69+2,69+2,70,70,70,70,70,70+2,70+2,70+2,72+2,71+2,71+2,71+2,72+2,74+1,72+2,72+2,72+2,74+1,73+2,71+2,71+2,71+2,73+2,16+2,https://cdn.sofifa.net/players/216/158/22_120.png,https://cdn.sofifa.net/teams/169/60.png,https://cdn.sofifa.net/flags/de.png,,https://cdn.sofifa.net/flags/ch.png
234913,C. Fassnacht,Christian Fassnacht,"RM, LM, CAM",75,75,27,Switzerland,,,BSC Young Boys,Swiss Super League,6000000.0,17000.0,82.0,70.0,69.0,74.0,37.0,71.0,234913,https://sofifa.com/player/234913/christian-fassnacht/220002,C. Fassnacht,"RM, LM, CAM",75,75,6000000.0,17000.0,27,1993-11-11,185,77,900.0,BSC Young Boys,Swiss Super League,1.0,RM,16.0,,2017-06-20,2023.0,47,Switzerland,,,,Right,3,3,1,High/Medium,Lean (185+),No,9000000.0,,"Flair, Power Header",82.0,70.0,69.0,74.0,37.0,71.0,68,73,78,71,67,74,50,68,68,76,79,84,74,72,68,68,91,75,78,66,43,35,77,71,58,69,32,32,25,12,13,13,12,6,,74+1,74+1,74+1,74,74,74,74,74,73+2,73+2,73+2,74+1,68+2,68+2,68+2,74+1,58+2,55+2,55+2,55+2,58+2,55+2,50+2,50+2,50+2,55+2,18+2,https://cdn.sofifa.net/players/234/913/22_120.png,https://cdn.sofifa.net/teams/900/60.png,https://cdn.sofifa.net/flags/ch.png,,https://cdn.sofifa.net/flags/ch.png
236898,M. Aebischer,Michel Aebischer,"CM, CDM",75,80,24,Switzerland,,,BSC Young Boys,Swiss Super League,8500000.0,15000.0,72.0,65.0,75.0,75.0,65.0,75.0,236898,https://sofifa.com/player/236898/michel-aebischer/220002,M. Aebischer,"CM, CDM",75,80,8500000.0,15000.0,24,1997-01-06,183,74,900.0,BSC Young Boys,Swiss Super League,1.0,RCM,20.0,,2015-07-01,2022.0,47,Switzerland,,,,Right,4,3,1,Medium/High,Lean (170-185),No,13400000.0,,"Finesse Shot, Long Passer (AI)",72.0,65.0,75.0,75.0,65.0,75.0,69,66,62,80,48,75,67,65,79,76,73,71,75,71,72,68,68,89,72,69,65,69,68,74,51,70,65,64,61,10,9,15,9,15,,69+2,69+2,69+2,73,72,72,72,73,74+2,74+2,74+2,74+2,75+2,75+2,75+2,74+2,72+2,72+2,72+2,72+2,72+2,70+2,67+2,67+2,67+2,70+2,18+2,https://cdn.sofifa.net/players/236/898/22_120.png,https://cdn.sofifa.net/teams/900/60.png,https://cdn.sofifa.net/flags/ch.png,,https://cdn.sofifa.net/flags/ch.png
238581,R. Vargas,Ruben Estephan Vargas Martínez,"LM, RM",75,83,22,Switzerland,,,FC Augsburg,German 1. Bundesliga,12500000.0,20000.0,83.0,69.0,67.0,79.0,54.0,65.0,238581,https://sofifa.com/player/238581/ruben-vargas/220002,R. Vargas,"LM, RM",75,83,12500000.0,20000.0,22,1998-08-05,179,68,100409.0,FC Augsburg,German 1. Bundesliga,1.0,LM,16.0,,2019-07-01,2025.0,47,Switzerland,,,,Right,4,3,2,High/Medium,Lean (170-185),No,25000000.0,#Acrobat,,83.0,69.0,67.0,79.0,54.0,65.0,68,68,66,71,62,78,59,48,69,77,88,79,91,72,90,72,85,78,62,73,49,48,71,64,60,63,59,51,45,12,7,5,6,11,,72+2,72+2,72+2,74,73,73,73,74,73+2,73+2,73+2,74+2,70+2,70+2,70+2,74+2,65+2,62+2,62+2,62+2,65+2,63+2,58+2,58+2,58+2,63+2,16+2,https://cdn.sofifa.net/players/238/581/22_120.png,https://cdn.sofifa.net/teams/100409/60.png,https://cdn.sofifa.net/flags/de.png,,https://cdn.sofifa.net/flags/ch.png
197061,J. Matip,Joël Andre Job Matip,CB,83,83,29,Cameroon,,,Liverpool,English Premier League,30500000.0,130000.0,58.0,46.0,68.0,68.0,85.0,78.0,197061,https://sofifa.com/player/197061/joel-matip/220002,J. Matip,CB,83,83,30500000.0,130000.0,29,1991-08-08,194,90,9.0,Liverpool,English Premier League,1.0,RCB,32.0,,2016-07-01,2024.0,103,Cameroon,,,,Right,2,2,2,Medium/Medium,Lean (185+),Yes,56400000.0,"#Aerial Threat, #Tactician ",Injury Prone,58.0,46.0,68.0,68.0,85.0,78.0,54,36,84,77,50,69,63,22,74,72,50,65,51,84,42,66,75,69,81,48,84,86,48,72,42,80,86,86,81,11,15,10,7,10,,62+2,62+2,62+2,62,64,64,64,62,66+2,66+2,66+2,65+2,72+2,72+2,72+2,65+2,74+2,80+2,80+2,80+2,74+2,76+2,83,83,83,76+2,19+2,https://cdn.sofifa.net/players/197/061/22_120.png,https://cdn.sofifa.net/teams/9/60.png,https://cdn.sofifa.net/flags/gb-eng.png,,https://cdn.sofifa.net/flags/cm.png
209973,J. Nsame,Jean-Pierre Nsame,ST,78,78,28,Cameroon,,,BSC Young Boys,Swiss Super League,14500000.0,23000.0,79.0,77.0,55.0,73.0,27.0,80.0,209973,https://sofifa.com/player/209973/jean-pierre-nsame/220002,J. Nsame,ST,78,78,14500000.0,23000.0,28,1993-05-01,188,88,900.0,BSC Young Boys,Swiss Super League,1.0,SUB,18.0,,2017-07-21,2023.0,103,Cameroon,,,,Right,4,3,2,High/Medium,Normal (185+),No,21800000.0,#Strength,Power Header,79.0,77.0,55.0,73.0,27.0,80.0,39,80,79,68,79,73,56,43,46,75,80,79,72,76,64,79,83,77,87,70,66,18,80,58,74,74,28,19,15,13,12,5,15,5,,78,78,78,71,75,75,75,71,71+2,71+2,71+2,69+2,62+2,62+2,62+2,69+2,49+2,49+2,49+2,49+2,49+2,47+2,46+2,46+2,46+2,47+2,18+2,https://cdn.sofifa.net/players/209/973/22_120.png,https://cdn.sofifa.net/teams/900/60.png,https://cdn.sofifa.net/flags/ch.png,,https://cdn.sofifa.net/flags/cm.png
224069,K. Toko Ekambi,Karl Brillant Toko Ekambi,"LW, ST",78,78,28,Cameroon,,,Olympique Lyonnais,French Ligue 1,14000000.0,68000.0,85.0,78.0,71.0,77.0,25.0,70.0,224069,https://sofifa.com/player/224069/karl-toko-ekambi/220002,K. Toko Ekambi,"LW, ST",78,78,14000000.0,68000.0,28,1992-09-14,185,74,66.0,Olympique Lyonnais,French Ligue 1,1.0,SUB,7.0,,2020-06-08,2024.0,103,Cameroon,,,,Right,4,3,2,High/Low,Lean (185+),Yes,26600000.0,,Speed Dribbler (AI),85.0,78.0,71.0,77.0,25.0,70.0,73,79,74,74,75,77,67,63,61,76,83,87,78,79,73,81,71,76,76,73,48,21,81,73,72,76,23,14,18,10,12,12,8,14,,78,78,78,78,78,78,78,78,76+2,76+2,76+2,77+1,68+2,68+2,68+2,77+1,55+2,50+2,50+2,50+2,55+2,51+2,43+2,43+2,43+2,51+2,19+2,https://cdn.sofifa.net/players/224/069/22_120.png,https://cdn.sofifa.net/teams/66/60.png,https://cdn.sofifa.net/flags/fr.png,,https://cdn.sofifa.net/flags/cm.png
199069,V. Aboubakar,Vincent Paté Aboubakar,ST,77,77,29,Cameroon,,,Al Nassr,Saudi Abdul L. Jameel League,10500000.0,44000.0,75.0,75.0,71.0,78.0,36.0,80.0,199069,https://sofifa.com/player/199069/vincent-aboubakar/220002,V. Aboubakar,ST,77,77,10500000.0,44000.0,29,1992-01-22,184,82,112139.0,Al Nassr,Saudi Abdul L. Jameel League,1.0,SUB,26.0,,2021-06-26,2024.0,103,Cameroon,,,,Right,4,4,2,High/Medium,Stocky (170-185),Yes,17900000.0,,"Injury Prone, Finesse Shot, Flair",75.0,75.0,71.0,78.0,36.0,80.0,63,75,75,72,76,80,80,67,68,80,75,75,72,74,63,77,75,71,86,72,76,33,77,76,74,82,44,23,19,8,10,9,7,8,,77,77,77,75,76,76,76,75,76+1,76+1,76+1,74+2,70+2,70+2,70+2,74+2,56+2,57+2,57+2,57+2,56+2,53+2,52+2,52+2,52+2,53+2,16+2,https://cdn.sofifa.net/players/199/069/22_120.png,https://cdn.sofifa.net/teams/112139/60.png,https://cdn.sofifa.net/flags/sa.png,,https://cdn.sofifa.net/flags/cm.png
183569,E. Choupo-Moting,Jean-Eric Maxim Choupo-Moting,"ST, LW",76,76,32,Cameroon,,,FC Bayern München,German 1. Bundesliga,6000000.0,63000.0,71.0,73.0,68.0,78.0,38.0,73.0,183569,https://sofifa.com/player/183569/eric-maxim-choupo-moting/220002,E. Choupo-Moting,"ST, LW",76,76,6000000.0,63000.0,32,1989-03-23,191,90,21.0,FC Bayern München,German 1. Bundesliga,1.0,SUB,13.0,,2020-10-05,2023.0,103,Cameroon,,,,Right,4,3,2,High/Medium,Normal (185+),Yes,9900000.0,,"Flair, Team Player, Technical Dribbler (AI)",71.0,73.0,68.0,78.0,38.0,73.0,65,74,75,75,74,81,74,44,63,78,69,73,73,75,65,78,70,72,80,64,57,40,76,67,68,75,31,36,20,9,9,9,16,6,,76,76,76,74,75,75,75,74,74+2,74+2,74+2,73+2,69+2,69+2,69+2,73+2,57+2,57+2,57+2,57+2,57+2,54+2,51+2,51+2,51+2,54+2,17+2,https://cdn.sofifa.net/players/183/569/22_120.png,https://cdn.sofifa.net/teams/21/60.png,https://cdn.sofifa.net/flags/de.png,,https://cdn.sofifa.net/flags/cm.png
227236,A. Zambo Anguissa,André-Franck Zambo Anguissa,"CM, CDM",76,80,25,Cameroon,,,Napoli,Italian Serie A,10500000.0,49000.0,77.0,64.0,70.0,80.0,74.0,82.0,227236,https://sofifa.com/player/227236/andre-franck-zambo-anguissa/220002,A. Zambo Anguissa,"CM, CDM",76,80,10500000.0,49000.0,25,1995-11-16,184,78,48.0,Napoli,Italian Serie A,1.0,LCM,29.0,Fulham,,2022.0,103,Cameroon,,,,Right,3,3,1,Medium/Low,Lean (170-185),Yes,,,"Flair, Technical Dribbler (AI)",77.0,64.0,70.0,80.0,74.0,82.0,58,58,73,78,50,84,59,46,73,78,76,78,77,74,78,75,76,79,84,66,84,78,73,74,62,79,70,79,68,11,11,9,8,11,,72+2,72+2,72+2,74,74,74,74,74,75+2,75+2,75+2,74+2,76+2,76+2,76+2,74+2,74+2,77+2,77+2,77+2,74+2,74+2,76+2,76+2,76+2,74+2,17+2,https://cdn.sofifa.net/players/227/236/22_120.png,https://cdn.sofifa.net/teams/48/60.png,https://cdn.sofifa.net/flags/it.png,,https://cdn.sofifa.net/flags/cm.png
192667,A. Nyom,Allan-Roméo Nyom,"RM, LB, RB",75,75,33,Cameroon,,,Getafe CF,Spain Primera Division,3500000.0,25000.0,79.0,59.0,73.0,69.0,74.0,84.0,192667,https://sofifa.com/player/192667/allan-romeo-nyom/220002,A. Nyom,"RM, LB, RB",75,75,3500000.0,25000.0,33,1988-05-10,189,80,1860.0,Getafe CF,Spain Primera Division,1.0,SUB,4.0,,2019-07-24,2022.0,103,Cameroon,,,,Right,3,3,2,Medium/Medium,Lean (185+),Yes,7400000.0,,Solid Player,79.0,59.0,73.0,69.0,74.0,84.0,78,52,74,75,44,74,71,30,73,73,77,81,49,71,40,74,78,79,86,66,86,73,75,74,37,67,72,76,74,12,8,9,9,14,,70+2,70+2,70+2,72,72,72,72,72,71+2,71+2,71+2,74+1,73+2,73+2,73+2,74+1,75,75,75,75,75,75,76-1,76-1,76-1,75,17+2,https://cdn.sofifa.net/players/192/667/22_120.png,https://cdn.sofifa.net/teams/1860/60.png,https://cdn.sofifa.net/flags/es.png,,https://cdn.sofifa.net/flags/cm.png
203736,S. Bahoken,Stéphane Bahoken,ST,75,75,29,Cameroon,,,Angers SCO,French Ligue 1,5500000.0,25000.0,77.0,74.0,57.0,73.0,24.0,73.0,203736,https://sofifa.com/player/203736/stephane-bahoken/220002,S. Bahoken,ST,75,75,5500000.0,25000.0,29,1992-05-28,185,88,1530.0,Angers SCO,French Ligue 1,1.0,SUB,19.0,,2018-07-01,2022.0,103,Cameroon,,,,Right,3,3,2,Medium/Low,Stocky (185+),No,11000000.0,,Injury Prone,77.0,74.0,57.0,73.0,24.0,73.0,61,78,74,68,59,73,47,43,39,74,76,78,74,70,72,76,72,72,81,71,54,23,78,55,61,75,12,23,15,6,14,15,10,16,,75,75,75,72,73,73,73,72,69+2,69+2,69+2,69+2,61+2,61+2,61+2,69+2,51+2,46+2,46+2,46+2,51+2,47+2,43+2,43+2,43+2,47+2,18+2,https://cdn.sofifa.net/players/203/736/22_120.png,https://cdn.sofifa.net/teams/1530/60.png,https://cdn.sofifa.net/flags/fr.png,,https://cdn.sofifa.net/flags/cm.png
228732,H. Moukoudi,Harold Moukoudi,CB,75,80,23,Cameroon,,,AS Saint-Étienne,French Ligue 1,7500000.0,23000.0,53.0,32.0,51.0,49.0,75.0,80.0,228732,https://sofifa.com/player/228732/harold-moukoudi/220002,H. Moukoudi,CB,75,80,7500000.0,23000.0,23,1997-11-27,191,74,1819.0,AS Saint-Étienne,French Ligue 1,1.0,LCB,2.0,,2019-07-01,2023.0,103,Cameroon,,,,Right,3,2,1,Medium/Medium,Stocky (185+),No,15600000.0,#Strength,Power Header,53.0,32.0,51.0,49.0,75.0,80.0,23,27,76,70,27,40,30,29,60,61,49,56,39,72,36,45,56,71,90,27,74,74,39,50,38,70,75,77,73,12,14,12,15,9,,51+2,51+2,51+2,47,50,50,50,47,52+2,52+2,52+2,51+2,59+2,59+2,59+2,51+2,63+2,71+2,71+2,71+2,63+2,66+2,75+2,75+2,75+2,66+2,19+2,https://cdn.sofifa.net/players/228/732/22_120.png,https://cdn.sofifa.net/teams/1819/60.png,https://cdn.sofifa.net/flags/fr.png,,https://cdn.sofifa.net/flags/cm.png
234789,Y. Eteki,Yan Brice Eteki,"CDM, CM",75,83,23,Cameroon,,,Granada CF,Spain Primera Division,12000000.0,17000.0,63.0,55.0,66.0,69.0,70.0,76.0,234789,https://sofifa.com/player/234789/yan-brice-eteki/220002,Y. Eteki,"CDM, CM",75,83,12000000.0,17000.0,23,1997-08-26,182,76,110832.0,Granada CF,Spain Primera Division,1.0,SUB,8.0,,2019-07-18,2022.0,103,Cameroon,,,,Right,3,2,1,Medium/High,Normal (170-185),No,27600000.0,,Solid Player,63.0,55.0,66.0,69.0,70.0,76.0,51,50,44,76,40,64,48,42,75,75,66,60,72,66,74,68,80,73,77,58,75,74,55,68,52,72,69,76,75,11,11,7,6,12,,60+2,60+2,60+2,64,64,64,64,64,67+2,67+2,67+2,65+2,70+2,70+2,70+2,65+2,69+2,74+2,74+2,74+2,69+2,69+2,71+2,71+2,71+2,69+2,16+2,https://cdn.sofifa.net/players/234/789/22_120.png,https://cdn.sofifa.net/teams/110832/60.png,https://cdn.sofifa.net/flags/es.png,,https://cdn.sofifa.net/flags/cm.png
237626,Y. Neyou,Yvan Neyou Noupa,"CDM, CM, CAM",75,80,24,Cameroon,,,AS Saint-Étienne,French Ligue 1,8000000.0,23000.0,65.0,60.0,67.0,76.0,73.0,67.0,237626,https://sofifa.com/player/237626/yvan-neyou/220002,Y. Neyou,"CDM, CM, CAM",75,80,8000000.0,23000.0,24,1997-01-03,180,63,1819.0,AS Saint-Étienne,French Ligue 1,1.0,LDM,19.0,,2020-11-18,2024.0,103,Cameroon,,,,Right,3,2,1,Medium/Medium,Lean (170-185),No,16600000.0,,,65.0,60.0,67.0,76.0,73.0,67.0,52,59,63,76,47,78,54,45,70,78,63,67,68,75,68,64,70,72,63,58,69,75,68,75,67,76,73,75,69,15,7,10,8,14,,67+2,67+2,67+2,69,71,71,71,69,72+2,72+2,72+2,70+2,74+2,74+2,74+2,70+2,71+2,74+2,74+2,74+2,71+2,70+2,71+2,71+2,71+2,70+2,18+2,https://cdn.sofifa.net/players/237/626/22_120.png,https://cdn.sofifa.net/teams/1819/60.png,https://cdn.sofifa.net/flags/fr.png,,https://cdn.sofifa.net/flags/cm.png
218540,A. Oyongo,Ambroise Oyongo Bitolo,LB,74,74,30,Cameroon,,,Montpellier Hérault SC,French Ligue 1,3600000.0,20000.0,85.0,59.0,68.0,73.0,66.0,76.0,218540,https://sofifa.com/player/218540/ambroise-oyongo/220002,A. Oyongo,LB,74,74,3600000.0,20000.0,30,1991-06-22,176,70,70.0,Montpellier Hérault SC,French Ligue 1,1.0,RES,8.0,,2018-01-02,2022.0,103,Cameroon,,,,Left,2,3,1,High/Medium,Stocky (170-185),No,7200000.0,,"Long Throw-in, Speed Dribbler (AI)",85.0,59.0,68.0,73.0,66.0,76.0,69,54,42,69,45,73,69,64,64,70,84,86,85,72,75,68,72,87,71,62,74,66,68,68,59,70,68,71,70,13,11,9,8,8,,65+2,65+2,65+2,71,69,69,69,71,70+2,70+2,70+2,72+2,69+2,69+2,69+2,72+2,73+1,70+2,70+2,70+2,73+1,72+2,67+2,67+2,67+2,72+2,17+2,https://cdn.sofifa.net/players/218/540/22_120.png,https://cdn.sofifa.net/teams/70/60.png,https://cdn.sofifa.net/flags/fr.png,,https://cdn.sofifa.net/flags/cm.png
235996,N. Moumi Ngamaleu,Nicolas Brice Moumi Ngamaleu,"LM, RM",74,74,26,Cameroon,,,BSC Young Boys,Swiss Super League,4600000.0,16000.0,91.0,70.0,65.0,75.0,34.0,74.0,235996,https://sofifa.com/player/235996/nicolas-moumi-ngamaleu/220002,N. Moumi Ngamaleu,"LM, RM",74,74,4600000.0,16000.0,26,1994-07-09,181,74,900.0,BSC Young Boys,Swiss Super League,1.0,LM,13.0,,2017-08-26,2023.0,103,Cameroon,,,,Right,3,3,1,Medium/Medium,Normal (170-185),No,6900000.0,#Speedster,Outside Foot Shot,91.0,70.0,65.0,75.0,34.0,74.0,65,73,68,69,68,75,63,48,62,75,90,92,81,72,75,73,75,79,75,65,63,32,69,65,63,65,33,27,28,7,15,10,12,9,,73+1,73+1,73+1,74,73,73,73,74,72+2,72+2,72+2,73+1,66+2,66+2,66+2,73+1,58+2,54+2,54+2,54+2,58+2,55+2,49+2,49+2,49+2,55+2,17+2,https://cdn.sofifa.net/players/235/996/22_120.png,https://cdn.sofifa.net/teams/900/60.png,https://cdn.sofifa.net/flags/ch.png,,https://cdn.sofifa.net/flags/cm.png
241130,I. Ganago,Ignatius Kpene Ganago,"ST, RW, LW",74,79,22,Cameroon,,,Racing Club de Lens,French Ligue 1,6500000.0,24000.0,82.0,74.0,58.0,75.0,34.0,68.0,241130,https://sofifa.com/player/241130/ignatius-ganago/220002,I. Ganago,"ST, RW, LW",74,79,6500000.0,24000.0,22,1999-02-16,179,82,64.0,Racing Club de Lens,French Ligue 1,1.0,LS,9.0,,2020-07-10,2024.0,103,Cameroon,,,,Right,3,3,1,High/Medium,Stocky (170-185),No,13500000.0,,Finesse Shot,82.0,74.0,58.0,75.0,34.0,68.0,62,76,65,66,60,76,59,40,54,75,81,83,78,67,79,79,68,69,76,69,48,45,75,48,66,70,39,17,14,9,10,8,8,13,,74+2,74+2,74+2,72,72,72,72,72,69+2,69+2,69+2,70+2,62+2,62+2,62+2,70+2,55+2,51+2,51+2,51+2,55+2,51+2,46+2,46+2,46+2,51+2,16+2,https://cdn.sofifa.net/players/241/130/22_120.png,https://cdn.sofifa.net/teams/64/60.png,https://cdn.sofifa.net/flags/fr.png,,https://cdn.sofifa.net/flags/cm.png
164959,S. M'Bia,Stéphane M'Bia Etoundi,"CB, CDM",73,73,35,Cameroon,,,CF Fuenlabrada,Spanish Segunda División,800000.0,5000.0,62.0,62.0,66.0,66.0,70.0,80.0,164959,https://sofifa.com/player/164959/stephane-mbia/220002,S. M'Bia,"CB, CDM",73,73,800000.0,5000.0,35,1986-05-20,187,87,110065.0,CF Fuenlabrada,Spanish Segunda División,2.0,SUB,25.0,,2021-08-31,2022.0,103,Cameroon,,,,Right,3,2,2,Medium/High,Normal (185+),No,1300000.0,,Power Header,62.0,62.0,66.0,66.0,70.0,80.0,52,56,79,75,47,64,55,58,72,71,61,63,54,73,69,80,81,75,82,60,81,70,65,64,73,70,72,67,68,7,9,15,6,16,,68+2,68+2,68+2,64,67,67,67,64,67+2,67+2,67+2,66+2,69+2,69+2,69+2,66+2,68+2,72+1,72+1,72+1,68+2,68+2,73,73,73,68+2,17+2,https://cdn.sofifa.net/players/164/959/22_120.png,https://cdn.sofifa.net/teams/110065/60.png,https://cdn.sofifa.net/flags/es.png,,https://cdn.sofifa.net/flags/cm.png
213868,J. Castelletto,Jean-Charles Castelletto,CB,73,75,26,Cameroon,,,FC Nantes,French Ligue 1,3300000.0,19000.0,73.0,30.0,52.0,62.0,74.0,76.0,213868,https://sofifa.com/player/213868/jean-charles-castelletto/220002,J. Castelletto,CB,73,75,3300000.0,19000.0,26,1995-01-26,185,76,71.0,FC Nantes,French Ligue 1,1.0,RCB,21.0,,2020-07-01,2023.0,103,Cameroon,,,,Right,2,2,1,Medium/Medium,Lean (185+),No,6800000.0,,,73.0,30.0,52.0,62.0,74.0,76.0,47,18,75,63,32,57,49,23,57,67,72,73,68,68,49,50,88,79,73,26,77,73,56,43,36,62,72,75,74,12,14,14,14,9,,54+2,54+2,54+2,55,55,55,55,55,55+2,55+2,55+2,58+2,59+2,59+2,59+2,58+2,68+2,69+2,69+2,69+2,68+2,70+2,73+2,73+2,73+2,70+2,18+2,https://cdn.sofifa.net/players/213/868/22_120.png,https://cdn.sofifa.net/teams/71/60.png,https://cdn.sofifa.net/flags/fr.png,,https://cdn.sofifa.net/flags/cm.png
236556,M. Hongla,Martin Hongla Yma,"CM, CDM, CB",73,81,23,Cameroon,,,Hellas Verona,Italian Serie A,6500000.0,15000.0,82.0,69.0,70.0,76.0,66.0,77.0,236556,https://sofifa.com/player/236556/martin-hongla/220002,M. Hongla,"CM, CDM, CB",73,81,6500000.0,15000.0,23,1998-03-16,181,77,206.0,Hellas Verona,Italian Serie A,1.0,SUB,78.0,Royal Antwerp FC,,2022.0,103,Cameroon,,,,Right,3,4,1,Medium/Medium,Lean (170-185),No,,,"Finesse Shot, Flair, Long Passer (AI), Speed Dribbler (AI), Playmaker (AI)",82.0,69.0,70.0,76.0,66.0,77.0,57,67,73,77,60,76,71,39,78,76,80,83,81,62,74,78,81,84,78,73,63,70,63,71,55,80,64,66,58,14,9,5,8,13,,72+2,72+2,72+2,72,72,72,72,72,73+2,73+2,73+2,73+2,73+2,73+2,73+2,73+2,70+2,71+2,71+2,71+2,70+2,69+2,69+2,69+2,69+2,69+2,16+2,https://cdn.sofifa.net/players/236/556/22_120.png,https://cdn.sofifa.net/teams/206/60.png,https://cdn.sofifa.net/flags/it.png,,https://cdn.sofifa.net/flags/cm.png
236690,M. Ngadeu,Michael Ngadeu-Ngadjui,CB,73,73,30,Cameroon,,,KAA Gent,Belgian Jupiler Pro League,2500000.0,17000.0,60.0,44.0,52.0,50.0,72.0,83.0,236690,https://sofifa.com/player/236690/michael-ngadeu/220002,M. Ngadeu,CB,73,73,2500000.0,17000.0,30,1990-11-23,190,93,674.0,KAA Gent,Belgian Jupiler Pro League,1.0,CB,5.0,,2019-07-19,2023.0,103,Cameroon,,,,Right,5,2,1,Medium/High,Normal (185+),No,3800000.0,#Strength,Power Header,60.0,44.0,52.0,50.0,72.0,83.0,38,34,72,66,28,38,45,26,61,60,51,68,59,69,38,66,63,71,93,44,78,76,53,43,50,68,68,74,71,5,11,6,11,5,,56+2,56+2,56+2,51,53,53,53,51,53+2,53+2,53+2,53+2,59+2,59+2,59+2,53+2,64+2,69+2,69+2,69+2,64+2,66+2,73,73,73,66+2,15+2,https://cdn.sofifa.net/players/236/690/22_120.png,https://cdn.sofifa.net/teams/674/60.png,https://cdn.sofifa.net/flags/be.png,,https://cdn.sofifa.net/flags/cm.png
240190,K. Malong,Pierre Kunde Malong,"CM, CDM",73,76,25,Cameroon,,,Olympiacos CFP,Greek Super League,4000000.0,1000.0,83.0,71.0,69.0,74.0,69.0,81.0,240190,https://sofifa.com/player/240190/kunde-malong/220002,K. Malong,"CM, CDM",73,76,4000000.0,1000.0,25,1995-07-26,180,79,280.0,Olympiacos CFP,Greek Super League,1.0,SUB,18.0,,2021-06-25,2024.0,103,Cameroon,,,,Right,4,3,1,Medium/High,Stocky (170-185),No,8700000.0,,"Long Passer (AI), Long Shot Taker (AI)",83.0,71.0,69.0,74.0,69.0,81.0,66,69,54,73,52,76,68,40,70,76,82,84,66,72,76,80,76,75,84,73,84,70,76,74,57,69,73,70,70,11,13,5,8,9,,73+2,73+2,73+2,74,75,75,75,74,74+2,74+2,74+2,74+2,73+2,73+2,73+2,74+2,73+2,73+2,73+2,73+2,73+2,72+2,72+2,72+2,72+2,72+2,17+2,https://cdn.sofifa.net/players/240/190/22_120.png,https://cdn.sofifa.net/teams/280/60.png,https://cdn.sofifa.net/flags/gr.png,,https://cdn.sofifa.net/flags/cm.png
244727,L. Tawamba,Léandre Geal Tawamba Kana,ST,73,73,31,Cameroon,,,Al Taawoun,Saudi Abdul L. Jameel League,2600000.0,22000.0,65.0,73.0,54.0,68.0,24.0,81.0,244727,https://sofifa.com/player/244727/leandre-tawamba/220002,L. Tawamba,ST,73,73,2600000.0,22000.0,31,1989-12-20,189,95,112393.0,Al Taawoun,Saudi Abdul L. Jameel League,1.0,ST,3.0,,2020-10-15,2022.0,103,Cameroon,,,,Right,3,3,1,Medium/Low,Stocky (185+),No,4300000.0,#Strength,Power Header,65.0,73.0,54.0,68.0,24.0,81.0,35,77,75,66,70,68,50,35,45,73,59,69,63,68,38,73,80,80,91,66,55,16,74,66,71,76,26,15,14,14,13,12,12,14,,73,73,73,66,70,70,70,66,68+2,68+2,68+2,65+2,61+2,61+2,61+2,65+2,46+2,47+2,47+2,47+2,46+2,43+2,44+2,44+2,44+2,43+2,19+2,https://cdn.sofifa.net/players/244/727/22_120.png,https://cdn.sofifa.net/teams/112393/60.png,https://cdn.sofifa.net/flags/sa.png,,https://cdn.sofifa.net/flags/cm.png
208277,O. Boumal,Olivier Junior Boumal,"RW, LW",72,72,31,Cameroon,,,Newcastle Jets,Australian Hyundai A-League,1900000.0,3000.0,85.0,66.0,68.0,72.0,44.0,67.0,208277,https://sofifa.com/player/208277/olivier-boumal/220002,O. Boumal,"RW, LW",72,72,1900000.0,3000.0,31,1989-09-17,183,67,111398.0,Newcastle Jets,Australian Hyundai A-League,1.0,SUB,12.0,,2021-08-18,2022.0,103,Cameroon,,,,Left,3,3,1,High/Low,Normal (170-185),No,2400000.0,,Speed Dribbler (AI),85.0,66.0,68.0,72.0,44.0,67.0,73,64,46,69,63,72,66,67,63,71,86,85,80,63,76,70,67,75,65,68,62,38,70,68,61,58,56,38,39,14,10,7,16,11,,67+2,67+2,67+2,72,70,70,70,72,70+2,70+2,70+2,72,65+2,65+2,65+2,72,61+2,57+2,57+2,57+2,61+2,58+2,52+2,52+2,52+2,58+2,18+2,https://cdn.sofifa.net/players/208/277/22_120.png,https://cdn.sofifa.net/teams/111398/60.png,https://cdn.sofifa.net/flags/au.png,,https://cdn.sofifa.net/flags/cm.png
225456,J. Tagueu,Diederrick Joel Tagueu Tadjo,"ST, LW",72,73,27,Cameroon,,,Clube Sport Marítimo,Portuguese Liga ZON SAGRES,2700000.0,9000.0,70.0,70.0,58.0,70.0,29.0,70.0,225456,https://sofifa.com/player/225456/joel-tagueu/220002,J. Tagueu,"ST, LW",72,73,2700000.0,9000.0,27,1993-12-06,178,70,1893.0,Clube Sport Marítimo,Portuguese Liga ZON SAGRES,1.0,SUB,95.0,,2020-08-07,2022.0,103,Cameroon,,,,Left,3,3,1,Medium/Medium,Normal (170-185),No,5900000.0,,Power Header,70.0,70.0,58.0,70.0,29.0,70.0,59,74,80,65,67,70,47,40,51,72,70,70,67,69,72,74,86,71,70,59,65,31,71,57,72,68,20,23,21,14,12,16,9,14,,72+1,72+1,72+1,68,69,69,69,68,67+2,67+2,67+2,67+2,61+2,61+2,61+2,67+2,51+2,49+2,49+2,49+2,51+2,48+2,46+2,46+2,46+2,48+2,19+2,https://cdn.sofifa.net/players/225/456/22_120.png,https://cdn.sofifa.net/teams/1893/60.png,https://cdn.sofifa.net/flags/pt.png,,https://cdn.sofifa.net/flags/cm.png
231138,C. Bassogog,Christian Mougang Bassogog,"ST, RM, RW",72,73,25,Cameroon,,,Shanghai Shenhua FC,Chinese Super League,2800000.0,12000.0,86.0,69.0,59.0,74.0,38.0,73.0,231138,https://sofifa.com/player/231138/christian-bassogog/220002,C. Bassogog,"ST, RM, RW",72,73,2800000.0,12000.0,25,1995-10-18,173,72,110955.0,Shanghai Shenhua FC,Chinese Super League,1.0,LS,17.0,,2021-02-26,2021.0,103,Cameroon,,,,Left,2,4,1,High/Medium,Normal (170-185),No,4600000.0,,Speed Dribbler (AI),86.0,69.0,59.0,74.0,38.0,73.0,47,70,62,62,65,73,74,70,60,72,88,85,84,73,90,74,80,81,76,60,54,25,74,56,65,63,45,33,35,7,7,8,10,8,,72+1,72+1,72+1,70,71,71,71,70,69+2,69+2,69+2,69+2,63+2,63+2,63+2,69+2,56+2,53+2,53+2,53+2,56+2,54+2,50+2,50+2,50+2,54+2,15+2,https://cdn.sofifa.net/players/231/138/22_120.png,https://cdn.sofifa.net/teams/110955/60.png,https://cdn.sofifa.net/flags/cn.png,,https://cdn.sofifa.net/flags/cm.png
221323,J. Onguéné,Jérôme Junior Onguéné,CB,71,78,23,Cameroon,,,FC Red Bull Salzburg,Austrian Football Bundesliga,3500000.0,13000.0,70.0,30.0,42.0,58.0,71.0,73.0,221323,https://sofifa.com/player/221323/jerome-onguene/220002,J. Onguéné,CB,71,78,3500000.0,13000.0,23,1997-12-22,186,78,191.0,FC Red Bull Salzburg,Austrian Football Bundesliga,1.0,SUB,6.0,,2018-07-01,2022.0,103,Cameroon,,,,Right,3,2,1,Medium/Medium,Normal (185+),No,6000000.0,,Leadership,70.0,30.0,42.0,58.0,71.0,73.0,32,24,76,58,27,53,28,33,36,58,66,74,72,68,62,45,89,55,80,24,72,70,26,32,47,58,70,70,71,8,14,12,13,12,,49+2,49+2,49+2,48,48,48,48,48,48+2,48+2,48+2,49+2,49+2,49+2,49+2,49+2,61+2,62+2,62+2,62+2,61+2,64+2,71+2,71+2,71+2,64+2,18+2,https://cdn.sofifa.net/players/221/323/22_120.png,https://cdn.sofifa.net/teams/191/60.png,https://cdn.sofifa.net/flags/at.png,,https://cdn.sofifa.net/flags/cm.png
236998,J. Léa Siliki,James Edward Lea Siliki,"CM, LM",71,76,25,Cameroon,,,Middlesbrough,English League Championship,2700000.0,25000.0,70.0,62.0,71.0,73.0,69.0,70.0,236998,https://sofifa.com/player/236998/james-lea-siliki/220002,J. Léa Siliki,"CM, LM",71,76,2700000.0,25000.0,25,1996-06-12,183,73,12.0,Middlesbrough,English League Championship,2.0,SUB,23.0,Stade Rennais FC,,2022.0,103,Cameroon,,,,Left,2,3,1,High/Medium,Lean (170-185),No,,,Long Shot Taker (AI),70.0,62.0,71.0,73.0,69.0,70.0,69,53,70,73,65,73,78,64,70,73,72,68,74,72,69,72,63,72,69,67,71,67,68,69,64,70,67,72,70,10,12,12,11,12,,67+2,67+2,67+2,69,69,69,69,69,70+2,70+2,70+2,70+2,71+2,71+2,71+2,70+2,70+2,71+2,71+2,71+2,70+2,70+2,70+2,70+2,70+2,70+2,18+2,https://cdn.sofifa.net/players/236/998/22_120.png,https://cdn.sofifa.net/teams/12/60.png,https://cdn.sofifa.net/flags/gb-eng.png,,https://cdn.sofifa.net/flags/cm.png
232183,C. Fai,Collins Ngoran Suiru Fai,"RB, RWB, LB",70,70,28,Cameroon,,,Standard de Liège,Belgian Jupiler Pro League,1400000.0,9000.0,85.0,32.0,57.0,68.0,67.0,70.0,232183,https://sofifa.com/player/232183/collins-fai/220002,C. Fai,"RB, RWB, LB",70,70,1400000.0,9000.0,28,1992-08-13,165,71,232.0,Standard de Liège,Belgian Jupiler Pro League,1.0,SUB,21.0,,2016-01-16,2022.0,103,Cameroon,,,,Right,4,3,1,High/High,Stocky (170-),No,2100000.0,#Acrobat,Early Crosser,85.0,32.0,57.0,68.0,67.0,70.0,62,22,53,61,23,64,21,31,57,63,87,83,91,66,88,54,89,74,63,28,78,66,58,59,34,67,68,70,69,11,7,6,10,12,,53+2,53+2,53+2,61,58,58,58,61,60+2,60+2,60+2,63+2,60+2,60+2,60+2,63+2,68+2,66+2,66+2,66+2,68+2,68+2,67+2,67+2,67+2,68+2,16+2,https://cdn.sofifa.net/players/232/183/22_120.png,https://cdn.sofifa.net/teams/232/60.png,https://cdn.sofifa.net/flags/be.png,,https://cdn.sofifa.net/flags/cm.png
20801,Cristiano Ronaldo,Cristiano Ronaldo dos Santos Aveiro,"ST, LW",91,91,36,Portugal,ST,7.0,Manchester United,English Premier League,45000000.0,270000.0,87.0,94.0,80.0,88.0,34.0,75.0,20801,https://sofifa.com/player/20801/c-ronaldo-dos-santos-aveiro/220002,Cristiano Ronaldo,"ST, LW",91,91,45000000.0,270000.0,36,1985-02-05,187,83,11.0,Manchester United,English Premier League,1.0,ST,7.0,,2021-08-27,2023.0,38,Portugal,1354.0,ST,7.0,Right,4,5,5,High/Low,Unique,Yes,83300000.0,"#Aerial Threat, #Dribbler, #Distance Shooter, #Crosser, #Acrobat, #Clinical Finisher, #Complete Forward","Power Free-Kick, Flair, Long Shot Taker (AI), Speed Dribbler (AI), Outside Foot Shot",87.0,94.0,80.0,88.0,34.0,75.0,87,95,90,80,86,88,81,84,77,88,85,88,86,94,74,94,95,77,77,93,63,29,95,76,88,95,24,32,24,7,11,15,14,11,,90+1,90+1,90+1,88,89,89,89,88,86+3,86+3,86+3,86+3,78+3,78+3,78+3,86+3,63+3,59+3,59+3,59+3,63+3,60+3,53+3,53+3,53+3,60+3,20+3,https://cdn.sofifa.net/players/020/801/22_120.png,https://cdn.sofifa.net/teams/11/60.png,https://cdn.sofifa.net/flags/gb-eng.png,https://cdn.sofifa.net/teams/1354/60.png,https://cdn.sofifa.net/flags/pt.png
212198,Bruno Fernandes,Bruno Miguel Borges Fernandes,CAM,88,89,26,Portugal,LCM,11.0,Manchester United,English Premier League,107500000.0,250000.0,75.0,86.0,89.0,84.0,70.0,77.0,212198,https://sofifa.com/player/212198/bruno-miguel-borges-fernandes/220002,Bruno Fernandes,CAM,88,89,107500000.0,250000.0,26,1994-09-08,179,69,11.0,Manchester United,English Premier League,1.0,CAM,18.0,,2020-01-30,2025.0,38,Portugal,1354.0,LCM,11.0,Right,3,4,3,High/High,Unique,Yes,206900000.0,"#Playmaker, #Engine, #Distance Shooter, #Crosser, #FK Specialist, #Complete Midfielder","Solid Player, Leadership, Flair, Long Passer (AI), Long Shot Taker (AI), Playmaker (AI), Outside Foot Shot",75.0,86.0,89.0,84.0,70.0,77.0,87,83,64,91,87,83,87,87,88,87,77,73,80,91,79,89,73,91,70,89,78,66,87,90,91,87,72,73,65,12,14,15,8,14,,83+3,83+3,83+3,85,85,85,85,85,87+2,87+2,87+2,86+3,87+2,87+2,87+2,86+3,80+3,80+3,80+3,80+3,80+3,77+3,73+3,73+3,73+3,77+3,21+3,https://cdn.sofifa.net/players/212/198/22_120.png,https://cdn.sofifa.net/teams/11/60.png,https://cdn.sofifa.net/flags/gb-eng.png,https://cdn.sofifa.net/teams/1354/60.png,https://cdn.sofifa.net/flags/pt.png
239818,Rúben Dias,Rúben dos Santos Gato Alves Dias,CB,87,91,24,Portugal,LCB,4.0,Manchester City,English Premier League,102500000.0,170000.0,61.0,38.0,65.0,68.0,88.0,88.0,239818,https://sofifa.com/player/239818/ruben-santos-gato-alves-dias/220002,Rúben Dias,CB,87,91,102500000.0,170000.0,24,1997-05-14,187,82,10.0,Manchester City,English Premier League,1.0,RCB,3.0,,2020-09-29,2027.0,38,Portugal,1354.0,LCB,4.0,Right,4,2,3,Medium/High,Normal (185+),Yes,197300000.0,#Tackling ,"Solid Player, Leadership, Power Header",61.0,38.0,65.0,68.0,88.0,88.0,54,29,87,81,32,64,46,48,74,74,57,65,59,87,56,74,78,88,88,22,92,85,39,51,45,81,90,89,85,7,8,13,7,12,,61+3,61+3,61+3,59,60,60,60,59,61+3,61+3,61+3,64+3,70+3,70+3,70+3,64+3,78+3,83+3,83+3,83+3,78+3,80+3,86+3,86+3,86+3,80+3,17+3,https://cdn.sofifa.net/players/239/818/22_120.png,https://cdn.sofifa.net/teams/10/60.png,https://cdn.sofifa.net/flags/gb-eng.png,https://cdn.sofifa.net/teams/1354/60.png,https://cdn.sofifa.net/flags/pt.png
210514,João Cancelo,João Pedro Cavaco Cancelo,"RB, LB",86,87,27,Portugal,RB,20.0,Manchester City,English Premier League,71500000.0,185000.0,85.0,71.0,83.0,84.0,80.0,72.0,210514,https://sofifa.com/player/210514/joao-pedro-cavaco-cancelo/220002,João Cancelo,"RB, LB",86,87,71500000.0,185000.0,27,1994-05-27,182,74,10.0,Manchester City,English Premier League,1.0,LB,27.0,,2019-08-07,2025.0,38,Portugal,1354.0,RB,20.0,Right,4,4,3,High/Medium,Unique,Yes,137600000.0,#Crosser,"Long Shot Taker (AI), Technical Dribbler (AI)",85.0,71.0,83.0,84.0,80.0,72.0,86,68,72,85,62,85,84,69,78,85,86,84,80,85,78,80,72,90,62,75,73,80,80,83,46,85,79,82,80,6,9,15,14,14,,78+3,78+3,78+3,82,81,81,81,82,82+3,82+3,82+3,83+3,83+3,83+3,83+3,83+3,84+3,81+3,81+3,81+3,84+3,83+3,78+3,78+3,78+3,83+3,19+3,https://cdn.sofifa.net/players/210/514/22_120.png,https://cdn.sofifa.net/teams/10/60.png,https://cdn.sofifa.net/flags/gb-eng.png,https://cdn.sofifa.net/teams/1354/60.png,https://cdn.sofifa.net/flags/pt.png
218667,Bernardo Silva,Bernardo Mota Veiga de Carvalho e Silva,"CAM, CM, RW",86,87,26,Portugal,RCM,10.0,Manchester City,English Premier League,80000000.0,200000.0,80.0,76.0,83.0,91.0,54.0,67.0,218667,https://sofifa.com/player/218667/bernardo-mota-carvalho-e-silva/220002,Bernardo Silva,"CAM, CM, RW",86,87,80000000.0,200000.0,26,1994-08-10,173,64,10.0,Manchester City,English Premier League,1.0,SUB,20.0,,2017-07-01,2025.0,38,Portugal,1354.0,RCM,10.0,Left,3,4,2,High/High,Lean (170-185),Yes,154000000.0,"#Dribbler, #Engine, #Acrobat","Flair, Playmaker (AI), Outside Foot Shot, Technical Dribbler (AI)",80.0,76.0,83.0,91.0,54.0,67.0,85,77,51,86,70,92,84,67,76,90,83,77,94,84,92,76,51,93,54,76,70,54,83,84,68,87,49,63,45,9,10,14,12,9,,77+2,77+2,77+2,85,84,84,84,85,85+2,85+2,85+2,85+2,82+2,82+2,82+2,85+2,74+2,71+2,71+2,71+2,74+2,69+2,60+2,60+2,60+2,69+2,18+2,https://cdn.sofifa.net/players/218/667/22_120.png,https://cdn.sofifa.net/teams/10/60.png,https://cdn.sofifa.net/flags/gb-eng.png,https://cdn.sofifa.net/teams/1354/60.png,https://cdn.sofifa.net/flags/pt.png
209889,R. Guerreiro,Raphaël Adelino José Guerreiro,"LB, LM",84,84,27,Portugal,LB,5.0,Borussia Dortmund,German 1. Bundesliga,40500000.0,79000.0,75.0,77.0,85.0,88.0,76.0,58.0,209889,https://sofifa.com/player/209889/raphael-guerreiro/220002,R. Guerreiro,"LB, LM",84,84,40500000.0,79000.0,27,1993-12-22,170,71,22.0,Borussia Dortmund,German 1. Bundesliga,1.0,LB,13.0,,2016-07-01,2023.0,38,Portugal,1354.0,LB,5.0,Left,2,4,3,High/Low,Normal (170-),Yes,68900000.0,"#Dribbler, #Acrobat","Flair, Outside Foot Shot, Technical Dribbler (AI)",75.0,77.0,85.0,88.0,76.0,58.0,84,77,43,88,79,88,85,82,82,87,84,67,88,86,90,79,53,79,50,80,52,83,79,85,44,86,79,79,78,12,6,8,11,8,,76+3,76+3,76+3,83,82,82,82,83,84,84,84,83+1,84,84,84,83+1,82+2,80+3,80+3,80+3,82+2,80+3,71+3,71+3,71+3,80+3,18+3,https://cdn.sofifa.net/players/209/889/22_120.png,https://cdn.sofifa.net/teams/22/60.png,https://cdn.sofifa.net/flags/de.png,https://cdn.sofifa.net/teams/1354/60.png,https://cdn.sofifa.net/flags/pt.png
228941,André Silva,André Miguel Valente da Silva,ST,84,85,25,Portugal,SUB,9.0,RB Leipzig,German 1. Bundesliga,51000000.0,110000.0,74.0,84.0,69.0,83.0,45.0,77.0,228941,https://sofifa.com/player/228941/andre-miguel-valente-da-silva/220002,André Silva,ST,84,85,51000000.0,110000.0,25,1995-11-06,185,84,112172.0,RB Leipzig,German 1. Bundesliga,1.0,ST,33.0,,2021-07-02,2026.0,38,Portugal,1354.0,SUB,9.0,Right,3,4,3,Medium/Medium,Normal (185+),Yes,90500000.0,#Poacher,Flair,74.0,84.0,69.0,83.0,45.0,77.0,60,87,86,79,84,84,76,33,63,85,77,71,77,86,75,83,88,79,76,78,75,59,87,74,90,84,36,40,21,14,13,7,11,8,,84+1,84+1,84+1,80,83,83,83,80,81+3,81+3,81+3,78+3,76+3,76+3,76+3,78+3,62+3,64+3,64+3,64+3,62+3,60+3,59+3,59+3,59+3,60+3,19+3,https://cdn.sofifa.net/players/228/941/22_120.png,https://cdn.sofifa.net/teams/112172/60.png,https://cdn.sofifa.net/flags/de.png,https://cdn.sofifa.net/teams/1354/60.png,https://cdn.sofifa.net/flags/pt.png
242444,João Félix,João Félix Sequeira,"CF, ST",83,91,21,Portugal,SUB,23.0,Atlético de Madrid,Spain Primera Division,82000000.0,61000.0,82.0,79.0,76.0,86.0,40.0,68.0,242444,https://sofifa.com/player/242444/joao-felix-sequeira/220002,João Félix,"CF, ST",83,91,82000000.0,61000.0,21,1999-11-10,181,72,240.0,Atlético de Madrid,Spain Primera Division,1.0,SUB,7.0,,2019-07-03,2026.0,38,Portugal,1354.0,SUB,23.0,Right,4,5,2,Medium/Medium,Unique,Yes,184500000.0,"#Dribbler, #Acrobat","Flair, Playmaker (AI), Outside Foot Shot, Technical Dribbler (AI)",82.0,79.0,76.0,86.0,40.0,68.0,73,79,69,80,81,86,82,64,67,87,81,83,86,83,79,80,73,75,64,80,68,38,84,82,68,84,30,42,35,13,12,14,13,14,,80+2,80+2,80+2,82,83,83,83,82,82+2,82+2,82+2,81+2,76+2,76+2,76+2,81+2,63+2,61+2,61+2,61+2,63+2,60+2,53+2,53+2,53+2,60+2,21+2,https://cdn.sofifa.net/players/242/444/22_120.png,https://cdn.sofifa.net/teams/240/60.png,https://cdn.sofifa.net/flags/es.png,https://cdn.sofifa.net/teams/1354/60.png,https://cdn.sofifa.net/flags/pt.png
120533,Pepe,Kléper Laveran de Lima Ferreira,CB,82,82,38,Portugal,RCB,3.0,FC Porto,Portuguese Liga ZON SAGRES,5500000.0,14000.0,80.0,51.0,60.0,61.0,82.0,87.0,120533,https://sofifa.com/player/120533/kepler-laveran-lima-ferreira/220002,Pepe,CB,82,82,5500000.0,14000.0,38,1983-02-26,188,80,236.0,FC Porto,Portuguese Liga ZON SAGRES,1.0,LCB,3.0,,2019-01-08,2023.0,38,Portugal,1354.0,RCB,3.0,Right,3,2,4,Medium/High,Lean (185+),Yes,11000000.0,,"Dives Into Tackles (AI), Leadership",80.0,51.0,60.0,61.0,82.0,87.0,46,46,81,73,23,58,44,47,75,60,79,81,62,81,48,63,89,82,86,56,94,78,40,48,57,80,86,82,81,8,15,5,9,10,,62+3,62+3,62+3,60,60,60,60,60,61+3,61+3,61+3,62+3,66+3,66+3,66+3,62+3,73+3,77+3,77+3,77+3,73+3,76+3,82,82,82,76+3,18+3,https://cdn.sofifa.net/players/120/533/22_120.png,https://cdn.sofifa.net/teams/236/60.png,https://cdn.sofifa.net/flags/pt.png,https://cdn.sofifa.net/teams/1354/60.png,https://cdn.sofifa.net/flags/pt.png
178005,Rui Patrício,Rui Pedro dos Santos Patrício,GK,82,82,33,Portugal,GK,1.0,Roma,Italian Serie A,10000000.0,51000.0,,,,,,,178005,https://sofifa.com/player/178005/rui-pedro-dos-santos-patricio/220002,Rui Patrício,GK,82,82,10000000.0,51000.0,33,1988-02-15,190,84,52.0,Roma,Italian Serie A,1.0,GK,1.0,,2021-07-13,2024.0,38,Portugal,1354.0,GK,1.0,Left,2,1,3,Medium/Medium,Normal (185+),Yes,17000000.0,,"Solid Player, Cautious With Crosses",,,,,,,12,12,11,34,16,20,10,16,32,25,53,57,61,76,54,58,79,45,77,11,37,23,13,64,32,66,14,13,11,82,80,77,80,83,55.0,32+3,32+3,32+3,32,34,34,34,32,36+3,36+3,36+3,34+3,35+3,35+3,35+3,34+3,30+3,33+3,33+3,33+3,30+3,29+3,30+3,30+3,30+3,29+3,80+2,https://cdn.sofifa.net/players/178/005/22_120.png,https://cdn.sofifa.net/teams/52/60.png,https://cdn.sofifa.net/flags/it.png,https://cdn.sofifa.net/teams/1354/60.png,https://cdn.sofifa.net/flags/pt.png
199482,A. Lopes,Anthony Lopes,GK,82,83,30,Portugal,SUB,12.0,Olympique Lyonnais,French Ligue 1,23000000.0,60000.0,,,,,,,199482,https://sofifa.com/player/199482/anthony-lopes/220002,A. Lopes,GK,82,83,23000000.0,60000.0,30,1990-10-01,184,81,66.0,Olympique Lyonnais,French Ligue 1,1.0,GK,1.0,,2011-07-01,2023.0,38,Portugal,1354.0,SUB,12.0,Left,2,1,2,Medium/Medium,Normal (170-185),Yes,45400000.0,,"Team Player, Comes For Crosses",,,,,,,19,18,16,32,13,15,15,14,31,21,63,64,67,82,62,53,82,36,73,18,45,25,9,48,16,65,13,15,13,84,78,70,80,86,63.0,33+2,33+2,33+2,32,33,33,33,32,33+2,33+2,33+2,33+2,32+2,32+2,32+2,33+2,31+2,32+2,32+2,32+2,31+2,31+2,31+2,31+2,31+2,31+2,81+2,https://cdn.sofifa.net/players/199/482/22_120.png,https://cdn.sofifa.net/teams/66/60.png,https://cdn.sofifa.net/flags/fr.png,https://cdn.sofifa.net/teams/1354/60.png,https://cdn.sofifa.net/flags/pt.png
216547,Rafa,Rafael Alexandre Fernandes Ferreira da Silva,"RM, LM",82,82,28,Portugal,RW,15.0,SL Benfica,Portuguese Liga ZON SAGRES,30500000.0,22000.0,94.0,73.0,74.0,86.0,50.0,52.0,216547,https://sofifa.com/player/216547/rafael-a-ferreira-silva/220002,Rafa,"RM, LM",82,82,30500000.0,22000.0,28,1993-05-17,170,63,234.0,SL Benfica,Portuguese Liga ZON SAGRES,1.0,RM,27.0,,2016-08-31,2024.0,38,Portugal,1354.0,RW,15.0,Right,3,4,2,High/Medium,Lean (170-),Yes,61000000.0,"#Speedster, #Dribbler, #Acrobat","Speed Dribbler (AI), Outside Foot Shot",94.0,73.0,74.0,86.0,50.0,52.0,78,74,46,77,68,86,78,56,62,85,93,94,90,83,89,75,64,77,40,71,47,58,80,78,59,81,52,47,39,9,11,11,12,8,,75+2,75+2,75+2,82,81,81,81,82,81+1,81+1,81+1,81+1,75+2,75+2,75+2,81+1,70+2,63+2,63+2,63+2,70+2,66+2,54+2,54+2,54+2,66+2,18+2,https://cdn.sofifa.net/players/216/547/22_120.png,https://cdn.sofifa.net/teams/234/60.png,https://cdn.sofifa.net/flags/pt.png,https://cdn.sofifa.net/teams/1354/60.png,https://cdn.sofifa.net/flags/pt.png
224293,Rúben Neves,Rúben Diogo da Silva Neves,CM,82,87,24,Portugal,SUB,18.0,Wolverhampton Wanderers,English Premier League,46000000.0,89000.0,59.0,75.0,85.0,77.0,74.0,73.0,224293,https://sofifa.com/player/224293/ruben-diogo-da-silva-neves/220002,Rúben Neves,CM,82,87,46000000.0,89000.0,24,1997-03-13,180,80,110.0,Wolverhampton Wanderers,English Premier League,1.0,RCM,8.0,,2017-07-08,2024.0,38,Portugal,1354.0,SUB,18.0,Right,4,3,2,Low/High,Normal (170-185),Yes,90900000.0,#Playmaker ,"Long Passer (AI), Long Shot Taker (AI), Playmaker (AI)",59.0,75.0,85.0,77.0,74.0,73.0,78,66,53,88,82,76,85,84,85,82,64,54,68,80,73,86,67,79,67,84,83,78,65,86,76,84,76,77,70,16,12,10,8,10,,71+2,71+2,71+2,75,75,75,75,75,78+2,78+2,78+2,76+2,81+2,81+2,81+2,76+2,76+2,80+2,80+2,80+2,76+2,74+2,73+2,73+2,73+2,74+2,19+2,https://cdn.sofifa.net/players/224/293/22_120.png,https://cdn.sofifa.net/teams/110/60.png,https://cdn.sofifa.net/flags/gb-eng.png,https://cdn.sofifa.net/teams/1354/60.png,https://cdn.sofifa.net/flags/pt.png
224458,Diogo Jota,Diogo José Teixeira da Silva,"LW, ST",82,87,24,Portugal,LW,21.0,Liverpool,English Premier League,46000000.0,120000.0,84.0,81.0,73.0,85.0,57.0,77.0,224458,https://sofifa.com/player/224458/diogo-jose-teixeira-da-silva/220002,Diogo Jota,"LW, ST",82,87,46000000.0,120000.0,24,1996-12-04,178,73,9.0,Liverpool,English Premier League,1.0,SUB,20.0,,2020-09-19,2025.0,38,Portugal,1354.0,LW,21.0,Right,5,4,2,High/High,Normal (170-185),Yes,88600000.0,#Acrobat,Speed Dribbler (AI),84.0,81.0,73.0,85.0,57.0,77.0,71,84,77,75,78,85,77,58,71,85,88,81,87,84,86,84,76,81,71,75,85,56,85,75,63,83,54,57,45,7,12,15,9,11,,82+2,82+2,82+2,82,82,82,82,82,81+2,81+2,81+2,81+2,77+2,77+2,77+2,81+2,69+2,69+2,69+2,69+2,69+2,68+2,65+2,65+2,65+2,68+2,18+2,https://cdn.sofifa.net/players/224/458/22_120.png,https://cdn.sofifa.net/teams/9/60.png,https://cdn.sofifa.net/flags/gb-eng.png,https://cdn.sofifa.net/teams/1354/60.png,https://cdn.sofifa.net/flags/pt.png
229391,Palhinha,João Maria Lobo Alves Palhinha Gonçalves,"CDM, CM",82,87,25,Portugal,CDM,6.0,Sporting CP,Portuguese Liga ZON SAGRES,41000000.0,18000.0,60.0,65.0,70.0,72.0,85.0,88.0,229391,https://sofifa.com/player/229391/joao-maria-palhinha-goncalves/220002,Palhinha,"CDM, CM",82,87,41000000.0,18000.0,25,1995-07-09,190,82,237.0,Sporting CP,Portuguese Liga ZON SAGRES,1.0,LCM,6.0,,2015-07-01,2025.0,38,Portugal,1354.0,CDM,6.0,Right,4,2,1,Medium/High,Normal (185+),No,85100000.0,#Tackling ,"Dives Into Tackles (AI), Long Passer (AI), Playmaker (AI)",60.0,65.0,70.0,72.0,85.0,88.0,59,62,79,76,54,74,61,45,78,76,57,62,60,77,44,76,81,87,88,67,89,83,67,71,56,82,85,87,86,14,10,8,7,7,,71+2,71+2,71+2,69,71,71,71,69,71+2,71+2,71+2,71+2,76+2,76+2,76+2,71+2,77+2,81+2,81+2,81+2,77+2,78+2,83+2,83+2,83+2,78+2,17+2,https://cdn.sofifa.net/players/229/391/22_120.png,https://cdn.sofifa.net/teams/237/60.png,https://cdn.sofifa.net/flags/pt.png,https://cdn.sofifa.net/teams/1354/60.png,https://cdn.sofifa.net/flags/pt.png
200888,Danilo Pereira,Danilo Luís Hélio Pereira,"CDM, CM",81,81,29,Portugal,SUB,13.0,Paris Saint-Germain,French Ligue 1,22000000.0,85000.0,64.0,63.0,71.0,73.0,80.0,86.0,200888,https://sofifa.com/player/200888/danilo-luis-helio-pereira/220002,Danilo Pereira,"CDM, CM",81,81,22000000.0,85000.0,29,1991-09-09,188,83,73.0,Paris Saint-Germain,French Ligue 1,1.0,SUB,15.0,,2020-10-05,2025.0,38,Portugal,1354.0,SUB,13.0,Right,3,3,3,Medium/High,Normal (185+),Yes,40700000.0,#Strength,,64.0,63.0,71.0,73.0,80.0,86.0,58,57,83,81,55,75,54,53,78,77,60,67,54,75,60,74,77,85,89,67,80,80,71,72,57,78,81,81,68,9,7,13,14,15,,72+3,72+3,72+3,69,72,72,72,69,72+3,72+3,72+3,72+3,77+3,77+3,77+3,72+3,74+3,79+2,79+2,79+2,74+3,75+3,80+1,80+1,80+1,75+3,18+3,https://cdn.sofifa.net/players/200/888/22_120.png,https://cdn.sofifa.net/teams/73/60.png,https://cdn.sofifa.net/flags/fr.png,https://cdn.sofifa.net/teams/1354/60.png,https://cdn.sofifa.net/flags/pt.png
210385,Rui Silva,Rui Tiago Dantas da Silva,GK,81,84,27,Portugal,SUB,22.0,Real Betis Balompié,Spain Primera Division,25500000.0,24000.0,,,,,,,210385,https://sofifa.com/player/210385/rui-tiago-dantas-da-silva/220002,Rui Silva,GK,81,84,25500000.0,24000.0,27,1994-02-07,191,91,449.0,Real Betis Balompié,Spain Primera Division,1.0,GK,13.0,,2021-07-01,2026.0,38,Portugal,1354.0,SUB,22.0,Right,3,1,1,Medium/Medium,Normal (185+),No,55500000.0,,Saves with Feet,,,,,,,13,20,14,25,20,18,19,20,26,24,31,30,34,71,24,56,62,27,66,14,19,27,20,50,30,49,25,10,19,82,76,75,83,84,31.0,31+2,31+2,31+2,27,30,30,30,27,30+2,30+2,30+2,28+2,30+2,30+2,30+2,28+2,26+2,29+2,29+2,29+2,26+2,26+2,28+2,28+2,28+2,26+2,80+2,https://cdn.sofifa.net/players/210/385/22_120.png,https://cdn.sofifa.net/teams/449/60.png,https://cdn.sofifa.net/flags/es.png,https://cdn.sofifa.net/teams/1354/60.png,https://cdn.sofifa.net/flags/pt.png
210411,Otávio,Otávio Edmilson da Silva Monteiro,"LM, RM, CM",81,82,26,Portugal,SUB,16.0,FC Porto,Portuguese Liga ZON SAGRES,30500000.0,19000.0,78.0,69.0,79.0,85.0,63.0,68.0,210411,https://sofifa.com/player/210411/otavio-edmilson-da-silva-monteiro/220002,Otávio,"LM, RM, CM",81,82,30500000.0,19000.0,26,1995-02-09,172,71,236.0,FC Porto,Portuguese Liga ZON SAGRES,1.0,RM,25.0,,2014-09-01,2025.0,38,Portugal,1354.0,SUB,16.0,Right,3,4,1,High/High,Normal (170-185),Yes,63300000.0,#Dribbler,"Flair, Long Passer (AI), Playmaker (AI), Technical Dribbler (AI)",78.0,69.0,79.0,85.0,63.0,68.0,79,68,57,79,63,86,80,72,77,85,80,76,85,82,82,73,45,80,60,67,77,62,77,82,72,81,66,67,52,11,12,9,10,15,,74+2,74+2,74+2,80,79,79,79,80,80+2,80+2,80+2,80+2,78+2,78+2,78+2,80+2,73+2,73+2,73+2,73+2,73+2,71+2,65+2,65+2,65+2,71+2,20+2,https://cdn.sofifa.net/players/210/411/22_120.png,https://cdn.sofifa.net/teams/236/60.png,https://cdn.sofifa.net/flags/pt.png,https://cdn.sofifa.net/teams/1354/60.png,https://cdn.sofifa.net/flags/pt.png
162347,João Moutinho,João Filipe Iria Santos Moutinho,CM,80,80,34,Portugal,SUB,8.0,Wolverhampton Wanderers,English Premier League,9500000.0,88000.0,50.0,72.0,84.0,80.0,70.0,66.0,162347,https://sofifa.com/player/162347/joao-filipe-moutinho/220002,João Moutinho,CM,80,80,9500000.0,88000.0,34,1986-09-08,170,61,110.0,Wolverhampton Wanderers,English Premier League,1.0,LCM,28.0,,2018-07-24,2022.0,38,Portugal,1354.0,SUB,8.0,Right,4,3,3,Medium/High,Normal (170-),Yes,18100000.0,,"Leadership, Long Passer (AI), Playmaker (AI), Outside Foot Shot",50.0,72.0,84.0,80.0,70.0,66.0,85,68,68,86,76,76,84,82,83,85,55,45,75,75,85,77,69,75,57,77,74,70,68,83,70,89,71,70,68,13,15,15,13,13,,71+3,71+3,71+3,74,74,74,74,74,77+3,77+3,77+3,75+3,79+1,79+1,79+1,75+3,73+3,76+3,76+3,76+3,73+3,72+3,70+3,70+3,70+3,72+3,20+3,https://cdn.sofifa.net/players/162/347/22_120.png,https://cdn.sofifa.net/teams/110/60.png,https://cdn.sofifa.net/flags/gb-eng.png,https://cdn.sofifa.net/teams/1354/60.png,https://cdn.sofifa.net/flags/pt.png
212814,João Mário,João Mário Naval da Costa Eduardo,"CM, CAM",80,80,28,Portugal,SUB,24.0,SL Benfica,Portuguese Liga ZON SAGRES,21000000.0,19000.0,69.0,69.0,80.0,83.0,66.0,68.0,212814,https://sofifa.com/player/212814/joao-mario-naval-costa-eduardo/220002,João Mário,"CM, CAM",80,80,21000000.0,19000.0,28,1993-01-19,179,73,234.0,SL Benfica,Portuguese Liga ZON SAGRES,1.0,LCM,20.0,,2021-07-13,2026.0,38,Portugal,1354.0,SUB,24.0,Right,4,4,3,Medium/Medium,Normal (170-185),Yes,42000000.0,,"Playmaker (AI), Technical Dribbler (AI)",69.0,69.0,80.0,83.0,66.0,68.0,76,64,55,84,69,84,74,67,79,85,71,68,80,75,77,76,62,80,65,72,60,73,74,82,66,82,57,73,65,6,15,8,8,8,,72+3,72+3,72+3,77,77,77,77,77,79+1,79+1,79+1,78+2,80,80,80,78+2,74+3,74+3,74+3,74+3,74+3,72+3,67+3,67+3,67+3,72+3,16+3,https://cdn.sofifa.net/players/212/814/22_120.png,https://cdn.sofifa.net/teams/234/60.png,https://cdn.sofifa.net/flags/pt.png,https://cdn.sofifa.net/teams/1354/60.png,https://cdn.sofifa.net/flags/pt.png
227928,Nélson Semedo,Nélson Cabral Semedo,"RWB, RB",80,81,27,Portugal,SUB,2.0,Wolverhampton Wanderers,English Premier League,22000000.0,81000.0,82.0,57.0,68.0,81.0,75.0,75.0,227928,https://sofifa.com/player/227928/nelson-cabral-semedo/220002,Nélson Semedo,"RWB, RB",80,81,22000000.0,81000.0,27,1993-11-16,177,69,110.0,Wolverhampton Wanderers,English Premier League,1.0,RWB,22.0,,2020-09-23,2023.0,38,Portugal,1354.0,SUB,2.0,Right,3,4,2,Medium/Medium,Unique,Yes,43500000.0,,Speed Dribbler (AI),82.0,57.0,68.0,81.0,75.0,75.0,76,50,58,75,42,81,61,30,65,79,81,83,87,79,79,74,81,84,67,60,81,76,72,62,38,79,75,79,77,16,12,10,14,12,,69+2,69+2,69+2,74,72,72,72,74,73+2,73+2,73+2,75+2,73+2,73+2,73+2,75+2,78+2,75+2,75+2,75+2,78+2,77+2,75+2,75+2,75+2,77+2,21+2,https://cdn.sofifa.net/players/227/928/22_120.png,https://cdn.sofifa.net/teams/110/60.png,https://cdn.sofifa.net/flags/gb-eng.png,https://cdn.sofifa.net/teams/1354/60.png,https://cdn.sofifa.net/flags/pt.png
234835,Domingos Duarte,Domingos Sousa Coutinho Meneses Duarte,CB,78,82,26,Portugal,SUB,14.0,Granada CF,Spain Primera Division,17500000.0,24000.0,56.0,35.0,58.0,54.0,80.0,78.0,234835,https://sofifa.com/player/234835/domingos-sousa-menezes-duarte/220002,Domingos Duarte,CB,78,82,17500000.0,24000.0,26,1995-03-03,190,78,110832.0,Granada CF,Spain Primera Division,1.0,RCB,22.0,,2019-07-14,2023.0,38,Portugal,1354.0,SUB,14.0,Right,3,2,1,Medium/Medium,Lean (185+),No,38100000.0,,"Dives Into Tackles (AI), Long Passer (AI)",56.0,35.0,58.0,54.0,80.0,78.0,54,30,80,78,27,48,27,27,56,64,55,56,36,79,43,50,60,74,81,31,82,80,40,44,45,64,78,81,80,9,9,14,14,13,,54+2,54+2,54+2,53,53,53,53,53,54+2,54+2,54+2,57+2,62+2,62+2,62+2,57+2,71+2,74+2,74+2,74+2,71+2,73+2,78+2,78+2,78+2,73+2,19+2,https://cdn.sofifa.net/players/234/835/22_120.png,https://cdn.sofifa.net/teams/110832/60.png,https://cdn.sofifa.net/flags/es.png,https://cdn.sofifa.net/teams/1354/60.png,https://cdn.sofifa.net/flags/pt.png
252145,Nuno Mendes,Nuno Alexandre Tavares Mendes,"LWB, LB, LM",78,88,19,Portugal,SUB,19.0,Paris Saint-Germain,French Ligue 1,29000000.0,8000.0,85.0,57.0,68.0,74.0,74.0,72.0,252145,https://sofifa.com/player/252145/nuno-alexandre-tavares-mendes/220002,Nuno Mendes,"LWB, LB, LM",78,88,29000000.0,8000.0,19,2002-06-19,176,70,73.0,Paris Saint-Germain,French Ligue 1,1.0,SUB,25.0,Sporting CP,,2022.0,38,Portugal,1354.0,SUB,19.0,Left,4,3,1,High/Medium,Normal (170-185),No,,,Speed Dribbler (AI),85.0,57.0,68.0,74.0,74.0,72.0,74,45,67,71,54,72,66,59,68,75,82,88,82,76,76,80,71,81,69,63,67,75,72,59,45,75,73,76,73,7,8,8,12,15,,68+2,68+2,68+2,71,70,70,70,71,69+2,69+2,69+2,72+2,70+2,70+2,70+2,72+2,76+2,73+2,73+2,73+2,76+2,76+2,73+2,73+2,73+2,76+2,18+2,https://cdn.sofifa.net/players/252/145/22_120.png,https://cdn.sofifa.net/teams/73/60.png,https://cdn.sofifa.net/flags/fr.png,https://cdn.sofifa.net/teams/1354/60.png,https://cdn.sofifa.net/flags/pt.png
209989,T. Partey,Thomas Partey,"CM, CDM",83,83,28,Ghana,,,Arsenal,English Premier League,36500000.0,115000.0,69.0,71.0,82.0,81.0,80.0,84.0,209989,https://sofifa.com/player/209989/thomas-partey/220002,T. Partey,"CM, CDM",83,83,36500000.0,115000.0,28,1993-06-13,185,77,1.0,Arsenal,English Premier League,1.0,RDM,5.0,,2020-10-05,2024.0,117,Ghana,,,,Right,3,3,2,Medium/High,Normal (185+),Yes,69400000.0,,Long Shot Taker (AI),69.0,71.0,82.0,81.0,80.0,84.0,74,66,68,87,56,84,69,70,85,83,63,74,75,82,50,86,83,83,84,78,84,81,70,85,49,86,80,84,80,11,13,9,9,7,,75+2,75+2,75+2,78,78,78,78,78,80+2,80+2,80+2,79+2,83,83,83,79+2,80+2,83,83,83,80+2,79+2,81+2,81+2,81+2,79+2,18+2,https://cdn.sofifa.net/players/209/989/22_120.png,https://cdn.sofifa.net/teams/1/60.png,https://cdn.sofifa.net/flags/gb-eng.png,,https://cdn.sofifa.net/flags/gh.png
173909,K. Boateng,Kevin-Prince Boateng,"CAM, CM, CF",78,78,34,Ghana,,,Hertha BSC,German 1. Bundesliga,6500000.0,46000.0,69.0,78.0,77.0,80.0,66.0,74.0,173909,https://sofifa.com/player/173909/kevin-prince-boateng/220002,K. Boateng,"CAM, CM, CF",78,78,6500000.0,46000.0,34,1987-03-06,185,86,166.0,Hertha BSC,German 1. Bundesliga,1.0,CDM,27.0,,2021-07-01,2022.0,117,Ghana,,,,Right,4,4,3,Medium/Medium,Normal (185+),Yes,11100000.0,,"Leadership, Flair, Long Shot Taker (AI), Outside Foot Shot",69.0,78.0,77.0,80.0,66.0,74.0,72,76,74,80,82,80,80,71,74,84,66,72,72,72,70,84,78,54,80,78,82,64,76,78,68,82,58,73,66,6,11,15,16,6,,77+1,77+1,77+1,77,78,78,78,77,78,78,78,75+3,76+2,76+2,76+2,75+3,70+3,72+3,72+3,72+3,70+3,69+3,71+3,71+3,71+3,69+3,17+3,https://cdn.sofifa.net/players/173/909/22_120.png,https://cdn.sofifa.net/teams/166/60.png,https://cdn.sofifa.net/flags/de.png,,https://cdn.sofifa.net/flags/gh.png
213013,F. Acheampong,Frank Opoku Acheampong,"LW, ST",77,77,27,Ghana,,,Shenzhen FC,Chinese Super League,11000000.0,15000.0,94.0,76.0,68.0,81.0,49.0,77.0,213013,https://sofifa.com/player/213013/frank-acheampong/220002,F. Acheampong,"LW, ST",77,77,11000000.0,15000.0,27,1993-10-16,170,60,111773.0,Shenzhen FC,Chinese Super League,1.0,LS,7.0,,2021-04-20,2022.0,117,Ghana,,,,Left,3,4,1,High/Low,Normal (170-),No,17100000.0,"#Speedster, #Acrobat","Long Shot Taker (AI), Speed Dribbler (AI), Technical Dribbler (AI)",94.0,76.0,68.0,81.0,49.0,77.0,60,78,55,73,67,83,73,53,67,74,93,94,93,76,92,79,76,91,74,72,66,42,75,68,63,67,40,59,52,14,9,10,16,13,,76+1,76+1,76+1,77,77,77,77,77,76+1,76+1,76+1,77,72+2,72+2,72+2,77,67+2,63+2,63+2,63+2,67+2,64+2,58+2,58+2,58+2,64+2,20+2,https://cdn.sofifa.net/players/213/013/22_120.png,https://cdn.sofifa.net/teams/111773/60.png,https://cdn.sofifa.net/flags/cn.png,,https://cdn.sofifa.net/flags/gh.png
245155,M. Kudus,Mohammed Kudus,"CAM, CM",77,86,20,Ghana,,,Ajax,Holland Eredivisie,23000000.0,13000.0,88.0,72.0,70.0,82.0,60.0,75.0,245155,https://sofifa.com/player/245155/mohammed-kudus/220002,M. Kudus,"CAM, CM",77,86,23000000.0,13000.0,20,2000-08-02,177,70,245.0,Ajax,Holland Eredivisie,1.0,SUB,20.0,,2020-07-16,2025.0,117,Ghana,,,,Left,3,4,1,High/High,Normal (170-185),No,36800000.0,#Acrobat,"Injury Prone, Flair, Playmaker (AI), Technical Dribbler (AI)",88.0,72.0,70.0,82.0,60.0,75.0,59,72,52,76,63,82,65,41,74,81,89,87,90,70,92,77,76,80,75,68,69,59,75,75,64,76,61,66,46,6,12,7,7,10,,74+2,74+2,74+2,77,77,77,77,77,77+2,77+2,77+2,77+2,75+2,75+2,75+2,77+2,69+2,69+2,69+2,69+2,69+2,67+2,64+2,64+2,64+2,67+2,15+2,https://cdn.sofifa.net/players/245/155/22_120.png,https://cdn.sofifa.net/teams/245/60.png,https://cdn.sofifa.net/flags/nl.png,,https://cdn.sofifa.net/flags/gh.png
212219,A. Djiku,Alexander Djiku,CB,76,79,26,Ghana,,,RC Strasbourg Alsace,French Ligue 1,8500000.0,21000.0,71.0,42.0,66.0,69.0,75.0,81.0,212219,https://sofifa.com/player/212219/alexander-djiku/220002,A. Djiku,CB,76,79,8500000.0,21000.0,26,1994-08-09,182,81,76.0,RC Strasbourg Alsace,French Ligue 1,1.0,RCB,24.0,,2019-07-05,2023.0,117,Ghana,,,,Right,3,2,2,Low/High,Normal (170-185),No,17600000.0,,,71.0,42.0,66.0,69.0,75.0,81.0,64,34,73,74,35,67,57,43,65,71,61,80,68,72,64,58,83,81,82,42,78,74,55,61,43,74,75,76,74,11,7,9,10,11,,60+2,60+2,60+2,63,62,62,62,63,64+2,64+2,64+2,66+2,67+2,67+2,67+2,66+2,73+2,73+2,73+2,73+2,73+2,73+2,76+2,76+2,76+2,73+2,17+2,https://cdn.sofifa.net/players/212/219/22_120.png,https://cdn.sofifa.net/teams/76/60.png,https://cdn.sofifa.net/flags/fr.png,,https://cdn.sofifa.net/flags/gh.png
212883,D. Amartey,Daniel Amartey,"CB, RB, CDM",76,79,26,Ghana,,,Leicester City,English Premier League,8500000.0,70000.0,65.0,55.0,65.0,69.0,76.0,75.0,212883,https://sofifa.com/player/212883/daniel-amartey/220002,D. Amartey,"CB, RB, CDM",76,79,8500000.0,70000.0,26,1994-12-21,186,79,95.0,Leicester City,English Premier League,1.0,SUB,18.0,,2016-02-05,2022.0,117,Ghana,,,,Right,3,3,1,Medium/High,Normal (185+),Yes,16800000.0,,"Injury Prone, Team Player",65.0,55.0,65.0,69.0,76.0,75.0,68,46,73,75,68,69,44,32,66,71,63,67,64,72,64,71,77,66,78,59,80,75,47,58,51,69,76,78,75,13,13,13,8,15,,63+2,63+2,63+2,64,63,63,63,64,64+2,64+2,64+2,65+2,67+2,67+2,67+2,65+2,72+2,73+2,73+2,73+2,72+2,72+2,76+2,76+2,76+2,72+2,19+2,https://cdn.sofifa.net/players/212/883/22_120.png,https://cdn.sofifa.net/teams/95/60.png,https://cdn.sofifa.net/flags/gb-eng.png,,https://cdn.sofifa.net/flags/gh.png
224540,E. Boateng,Emmanuel Okyere Boateng,ST,76,80,25,Ghana,,,Dalian Professional Football Club,Chinese Super League,10500000.0,17000.0,91.0,74.0,58.0,75.0,40.0,77.0,224540,https://sofifa.com/player/224540/emmanuel-boateng/220002,E. Boateng,ST,76,80,10500000.0,17000.0,25,1996-05-23,175,70,112378.0,Dalian Professional Football Club,Chinese Super League,1.0,LS,21.0,,2019-02-20,2022.0,117,Ghana,,,,Right,4,4,1,Medium/Medium,Lean (170-185),Yes,17100000.0,"#Speedster, #Acrobat",Speed Dribbler (AI),91.0,74.0,58.0,75.0,40.0,77.0,57,77,77,66,73,76,59,41,46,69,92,91,90,72,80,78,93,81,76,66,69,37,73,60,64,69,36,35,33,15,13,13,14,12,,76+2,76+2,76+2,73,73,73,73,73,70+2,70+2,70+2,71+2,63+2,63+2,63+2,71+2,58+2,54+2,54+2,54+2,58+2,57+2,54+2,54+2,54+2,57+2,20+2,https://cdn.sofifa.net/players/224/540/22_120.png,https://cdn.sofifa.net/teams/112378/60.png,https://cdn.sofifa.net/flags/cn.png,,https://cdn.sofifa.net/flags/gh.png
244915,M. Salisu,Mohamed Salisu Abdul Karim,CB,76,84,22,Ghana,,,Southampton,English Premier League,15500000.0,38000.0,67.0,36.0,51.0,55.0,76.0,79.0,244915,https://sofifa.com/player/244915/mohammed-salisu/220002,M. Salisu,CB,76,84,15500000.0,38000.0,22,1999-04-17,191,85,17.0,Southampton,English Premier League,1.0,LCB,22.0,,2020-08-12,2024.0,117,Ghana,,,,Left,3,2,1,Medium/High,Normal (185+),Yes,32600000.0,#Strength,,67.0,36.0,51.0,55.0,76.0,79.0,40,30,74,72,22,47,50,32,56,64,62,71,54,68,49,60,74,65,87,28,78,75,35,24,40,58,76,78,75,7,7,11,10,6,,54+2,54+2,54+2,50,51,51,51,50,50+2,50+2,50+2,53+2,56+2,56+2,56+2,53+2,66+2,70+2,70+2,70+2,66+2,69+2,76+2,76+2,76+2,69+2,14+2,https://cdn.sofifa.net/players/244/915/22_120.png,https://cdn.sofifa.net/teams/17/60.png,https://cdn.sofifa.net/flags/gb-eng.png,,https://cdn.sofifa.net/flags/gh.png
197756,J. Ayew,Jordan Pierre Ayew,"ST, RM",75,75,29,Ghana,,,Crystal Palace,English Premier League,5500000.0,52000.0,76.0,74.0,70.0,78.0,46.0,72.0,197756,https://sofifa.com/player/197756/jordan-ayew/220002,J. Ayew,"ST, RM",75,75,5500000.0,52000.0,29,1991-09-11,182,81,1799.0,Crystal Palace,English Premier League,1.0,LW,9.0,,2019-07-25,2022.0,117,Ghana,,,,Right,3,4,2,Medium/Medium,Normal (170-185),Yes,10500000.0,,"Flair, Technical Dribbler (AI)",76.0,74.0,70.0,78.0,46.0,72.0,71,74,75,73,73,79,75,69,60,77,74,78,79,75,74,76,71,75,72,73,69,40,76,71,74,70,37,52,36,6,8,7,16,8,,75,75,75,75,75,75,75,75,74+1,74+1,74+1,74+1,70+2,70+2,70+2,74+1,62+2,60+2,60+2,60+2,62+2,60+2,57+2,57+2,57+2,60+2,17+2,https://cdn.sofifa.net/players/197/756/22_120.png,https://cdn.sofifa.net/teams/1799/60.png,https://cdn.sofifa.net/flags/gb-eng.png,,https://cdn.sofifa.net/flags/gh.png
200759,J. Schlupp,Jeffrey Schlupp,"LM, CM",75,75,28,Ghana,,,Crystal Palace,English Premier League,5500000.0,48000.0,84.0,69.0,67.0,76.0,69.0,75.0,200759,https://sofifa.com/player/200759/jeffrey-schlupp/220002,J. Schlupp,"LM, CM",75,75,5500000.0,48000.0,28,1992-12-23,178,72,1799.0,Crystal Palace,English Premier League,1.0,SUB,15.0,,2017-01-13,2023.0,117,Ghana,,,,Left,2,3,1,High/Medium,Normal (170-185),Yes,10500000.0,,Speed Dribbler (AI),84.0,69.0,67.0,76.0,69.0,75.0,71,68,64,72,64,78,62,37,61,75,84,84,78,73,76,78,76,78,75,61,70,70,75,69,67,67,69,70,71,9,7,8,10,9,,73+2,73+2,73+2,74,74,74,74,74,73+2,73+2,73+2,74+1,71+2,71+2,71+2,74+1,74+1,71+2,71+2,71+2,74+1,73+2,71+2,71+2,71+2,73+2,16+2,https://cdn.sofifa.net/players/200/759/22_120.png,https://cdn.sofifa.net/teams/1799/60.png,https://cdn.sofifa.net/flags/gb-eng.png,,https://cdn.sofifa.net/flags/gh.png
239795,C. Ekuban,Caleb Ansah Ekuban,"RM, CAM, ST",75,75,27,Ghana,,,Genoa,Italian Serie A,6000000.0,17000.0,86.0,71.0,66.0,73.0,28.0,84.0,239795,https://sofifa.com/player/239795/caleb-ekuban/220002,C. Ekuban,"RM, CAM, ST",75,75,6000000.0,17000.0,27,1994-03-23,182,80,110556.0,Genoa,Italian Serie A,1.0,SUB,20.0,,2021-08-07,2024.0,117,Ghana,,,,Right,3,3,1,High/Medium,Normal (170-185),No,10800000.0,,Speed Dribbler (AI),86.0,71.0,66.0,73.0,28.0,84.0,69,72,74,68,68,75,72,50,62,73,84,88,70,69,63,75,86,88,86,67,71,29,74,67,63,71,22,22,19,8,13,9,11,6,,74+1,74+1,74+1,73,73,73,73,73,71+2,71+2,71+2,74+1,66+2,66+2,66+2,74+1,56+2,52+2,52+2,52+2,56+2,52+2,48+2,48+2,48+2,52+2,16+2,https://cdn.sofifa.net/players/239/795/22_120.png,https://cdn.sofifa.net/teams/110556/60.png,https://cdn.sofifa.net/flags/it.png,,https://cdn.sofifa.net/flags/gh.png
208535,A. Duncan,Joseph Alfred Duncan,"CM, CDM",74,74,28,Ghana,,,Fiorentina,Italian Serie A,4200000.0,42000.0,71.0,63.0,71.0,74.0,74.0,75.0,208535,https://sofifa.com/player/208535/alfred-duncan/220002,A. Duncan,"CM, CDM",74,74,4200000.0,42000.0,28,1993-03-10,178,78,110374.0,Fiorentina,Italian Serie A,1.0,SUB,32.0,,2020-09-01,2022.0,117,Ghana,,,,Left,3,3,2,Medium/High,Normal (170-185),No,7100000.0,,Long Shot Taker (AI),71.0,63.0,71.0,74.0,74.0,75.0,68,50,68,78,58,73,64,50,74,75,72,70,71,75,71,83,78,78,69,78,86,74,68,67,44,76,70,78,76,9,8,8,6,8,,69+2,69+2,69+2,70,71,71,71,70,71+2,71+2,71+2,71+2,74,74,74,71+2,74,75-1,75-1,75-1,74,74,74,74,74,74,15+2,https://cdn.sofifa.net/players/208/535/22_120.png,https://cdn.sofifa.net/teams/110374/60.png,https://cdn.sofifa.net/flags/it.png,,https://cdn.sofifa.net/flags/gh.png
209620,B. Rahman,Abdul Rahman Baba,"LB, LWB",74,75,26,Ghana,,,Reading,English League Championship,4500000.0,66000.0,77.0,53.0,66.0,73.0,70.0,72.0,209620,https://sofifa.com/player/209620/baba-rahman/220002,B. Rahman,"LB, LWB",74,75,4500000.0,66000.0,26,1994-07-02,180,72,1793.0,Reading,English League Championship,2.0,LB,21.0,Chelsea,,2022.0,117,Ghana,,,,Left,3,3,1,High/Medium,Lean (170-185),Yes,,,"Long Throw-in, Injury Prone, Early Crosser",77.0,53.0,66.0,73.0,70.0,72.0,74,52,67,70,41,73,70,23,67,74,75,78,74,73,72,61,74,68,73,48,74,72,63,59,42,69,68,71,71,12,11,6,11,10,,65+2,65+2,65+2,69,67,67,67,69,67+2,67+2,67+2,70+2,68+2,68+2,68+2,70+2,72+2,70+2,70+2,70+2,72+2,72+2,71+2,71+2,71+2,72+2,18+2,https://cdn.sofifa.net/players/209/620/22_120.png,https://cdn.sofifa.net/teams/1793/60.png,https://cdn.sofifa.net/flags/gb-eng.png,,https://cdn.sofifa.net/flags/gh.png
230021,J. Aidoo,Joseph Aidoo,CB,74,79,25,Ghana,,,RC Celta de Vigo,Spain Primera Division,5500000.0,17000.0,73.0,25.0,40.0,46.0,73.0,87.0,230021,https://sofifa.com/player/230021/joseph-aidoo/220002,J. Aidoo,CB,74,79,5500000.0,17000.0,25,1995-09-29,184,80,450.0,RC Celta de Vigo,Spain Primera Division,1.0,SUB,15.0,,2019-07-11,2024.0,117,Ghana,,,,Right,2,2,1,Medium/High,Normal (170-185),No,12000000.0,#Strength,,73.0,25.0,40.0,46.0,73.0,87.0,29,18,76,59,21,35,24,28,42,48,69,76,62,65,69,40,85,77,91,23,88,71,25,23,31,63,70,76,72,11,6,9,13,6,,46+2,46+2,46+2,42,42,42,42,42,42+2,42+2,42+2,45+2,48+2,48+2,48+2,45+2,62+2,64+2,64+2,64+2,62+2,66+2,74+2,74+2,74+2,66+2,15+2,https://cdn.sofifa.net/players/230/021/22_120.png,https://cdn.sofifa.net/teams/450/60.png,https://cdn.sofifa.net/flags/es.png,,https://cdn.sofifa.net/flags/gh.png
257439,R. Ofori,Richard Ofori Antwi,GK,74,77,27,Ghana,,,Orlando Pirates,South African Premier Division,4100000.0,700.0,,,,,,,257439,https://sofifa.com/player/257439/richard-ofori/220002,R. Ofori,GK,74,77,4100000.0,700.0,27,1993-11-01,185,79,110930.0,Orlando Pirates,South African Premier Division,1.0,GK,31.0,,2020-10-20,2023.0,117,Ghana,,,,Right,3,1,1,Medium/Medium,Normal (185+),No,9300000.0,,Injury Prone,,,,,,,20,18,15,45,12,28,36,25,39,38,39,47,54,65,64,58,84,30,72,20,45,19,11,40,49,56,24,21,22,74,70,77,75,74,42.0,34+2,34+2,34+2,33,34,34,34,33,36+2,36+2,36+2,34+2,36+2,36+2,36+2,34+2,32+2,36+2,36+2,36+2,32+2,31+2,34+2,34+2,34+2,31+2,73+2,https://cdn.sofifa.net/players/257/439/22_120.png,https://cdn.sofifa.net/teams/110930/60.png,https://cdn.sofifa.net/flags/za.png,,https://cdn.sofifa.net/flags/gh.png
190870,J. Boye,John Boye,CB,73,73,34,Ghana,,,Al Fayha,Saudi Abdul L. Jameel League,1000000.0,16000.0,66.0,33.0,48.0,58.0,73.0,77.0,190870,https://sofifa.com/player/190870/john-boye/220002,J. Boye,CB,73,73,1000000.0,16000.0,34,1987-04-23,185,72,113057.0,Al Fayha,Saudi Abdul L. Jameel League,1.0,SUB,21.0,,2021-08-31,2022.0,117,Ghana,,,,Right,3,2,2,Medium/High,Lean (185+),No,1700000.0,,"Power Header, Team Player",66.0,33.0,48.0,58.0,73.0,77.0,48,36,76,58,11,54,36,16,52,60,66,66,65,71,60,43,85,70,78,23,83,74,39,38,28,58,73,74,69,15,9,6,6,6,,53+2,53+2,53+2,52,51,51,51,52,51+2,51+2,51+2,55+2,55+2,55+2,55+2,55+2,65+2,67+2,67+2,67+2,65+2,67+2,73,73,73,67+2,16+2,https://cdn.sofifa.net/players/190/870/22_120.png,https://cdn.sofifa.net/teams/113057/60.png,https://cdn.sofifa.net/flags/sa.png,,https://cdn.sofifa.net/flags/gh.png
208052,A. Yiadom,Andrew Kyere Yiadom,"RB, RWB, CB",73,73,29,Ghana,,,Reading,English League Championship,2700000.0,22000.0,80.0,53.0,62.0,71.0,68.0,75.0,208052,https://sofifa.com/player/208052/andy-yiadom/220002,A. Yiadom,"RB, RWB, CB",73,73,2700000.0,22000.0,29,1991-12-02,180,75,1793.0,Reading,English League Championship,2.0,RB,17.0,,2018-07-01,2022.0,117,Ghana,,,,Right,3,3,1,High/Medium,Normal (170-185),No,5100000.0,,"Injury Prone, Dives Into Tackles (AI), Speed Dribbler (AI)",80.0,53.0,62.0,71.0,68.0,75.0,63,52,59,65,41,71,62,42,55,71,79,81,77,68,67,57,82,80,69,51,80,67,65,64,49,68,67,72,73,9,8,7,9,9,,63+2,63+2,63+2,67,66,66,66,67,66+2,66+2,66+2,68+2,66+2,66+2,66+2,68+2,71+2,68+2,68+2,68+2,71+2,71+2,70+2,70+2,70+2,71+2,15+2,https://cdn.sofifa.net/players/208/052/22_120.png,https://cdn.sofifa.net/teams/1793/60.png,https://cdn.sofifa.net/flags/gb-eng.png,,https://cdn.sofifa.net/flags/gh.png
245598,I. Baba,Iddrisu Baba Mohammed,"CDM, CM",73,79,25,Ghana,,,RCD Mallorca,Spain Primera Division,4300000.0,18000.0,66.0,49.0,61.0,59.0,73.0,78.0,245598,https://sofifa.com/player/245598/iddrisu-baba/220002,I. Baba,"CDM, CM",73,79,4300000.0,18000.0,25,1996-01-22,185,73,453.0,RCD Mallorca,Spain Primera Division,1.0,SUB,12.0,,2018-07-01,2024.0,117,Ghana,,,,Right,4,2,1,Medium/High,Lean (185+),No,10300000.0,,,66.0,49.0,61.0,59.0,73.0,78.0,43,46,64,75,42,58,46,48,66,66,66,66,43,62,60,56,59,81,78,52,80,75,43,59,52,53,67,79,75,10,9,10,14,6,,57+2,57+2,57+2,57,58,58,58,57,60+2,60+2,60+2,60+2,65+2,65+2,65+2,60+2,68+2,72+2,72+2,72+2,68+2,69+2,72+2,72+2,72+2,69+2,16+2,https://cdn.sofifa.net/players/245/598/22_120.png,https://cdn.sofifa.net/teams/453/60.png,https://cdn.sofifa.net/flags/es.png,,https://cdn.sofifa.net/flags/gh.png
198970,J. Mensah,Jonathan Mensah,CB,72,72,30,Ghana,,,Columbus Crew,USA Major League Soccer,1900000.0,6000.0,63.0,46.0,56.0,55.0,71.0,81.0,198970,https://sofifa.com/player/198970/jonathan-mensah/220002,J. Mensah,CB,72,72,1900000.0,6000.0,30,1990-07-13,188,83,687.0,Columbus Crew,USA Major League Soccer,1.0,RCB,4.0,,2017-01-03,2025.0,117,Ghana,,,,Right,3,2,2,Low/High,Normal (185+),Yes,2900000.0,#Strength,Leadership,63.0,46.0,56.0,55.0,71.0,81.0,41,28,71,71,55,48,38,31,70,60,59,66,54,77,40,79,84,76,86,56,75,73,25,44,44,73,74,69,63,6,13,12,9,8,,55+2,55+2,55+2,51,53,53,53,51,54+2,54+2,54+2,54+2,61+2,61+2,61+2,54+2,65+2,70+2,70+2,70+2,65+2,67+2,72,72,72,67+2,17+2,https://cdn.sofifa.net/players/198/970/22_120.png,https://cdn.sofifa.net/teams/687/60.png,https://cdn.sofifa.net/flags/us.png,,https://cdn.sofifa.net/flags/gh.png
201223,A. Acquah,Afriyie Acquah,"CDM, CM",72,72,29,Ghana,,,Al Batin,Saudi Abdul L. Jameel League,2000000.0,12000.0,77.0,63.0,67.0,72.0,69.0,76.0,201223,https://sofifa.com/player/201223/afriyie-acquah/220002,A. Acquah,"CDM, CM",72,72,2000000.0,12000.0,29,1992-01-05,179,70,112990.0,Al Batin,Saudi Abdul L. Jameel League,1.0,LCM,19.0,,2021-07-06,2023.0,117,Ghana,,,,Right,2,3,1,Medium/High,Normal (170-185),No,3300000.0,,Dives Into Tackles (AI),77.0,63.0,67.0,72.0,69.0,76.0,60,58,62,73,53,72,60,54,67,69,78,76,77,72,79,75,81,89,71,63,72,69,69,69,60,68,65,75,70,11,5,10,6,7,,68+2,68+2,68+2,69,70,70,70,69,70+2,70+2,70+2,70+2,71+1,71+1,71+1,70+2,72,71+1,71+1,71+1,72,71+1,70+2,70+2,70+2,71+1,15+2,https://cdn.sofifa.net/players/201/223/22_120.png,https://cdn.sofifa.net/teams/112990/60.png,https://cdn.sofifa.net/flags/sa.png,,https://cdn.sofifa.net/flags/gh.png
205601,C. Atsu,Christian Atsu Twasam,"LW, RW",72,72,29,Ghana,,,Al Raed,Saudi Abdul L. Jameel League,2300000.0,17000.0,82.0,66.0,68.0,75.0,34.0,40.0,205601,https://sofifa.com/player/205601/christian-atsu/220002,C. Atsu,"LW, RW",72,72,2300000.0,17000.0,29,1992-01-10,165,65,112392.0,Al Raed,Saudi Abdul L. Jameel League,1.0,RW,3.0,,2021-07-17,2025.0,117,Ghana,,,,Left,3,3,1,Medium/Low,Lean (170-),Yes,3800000.0,,Speed Dribbler (AI),82.0,66.0,68.0,75.0,34.0,40.0,68,63,47,70,58,76,70,58,61,72,86,78,86,65,87,72,65,50,31,66,43,35,73,71,70,64,30,33,32,13,12,12,10,9,,66+2,66+2,66+2,72,71,71,71,72,71+1,71+1,71+1,71+1,64+2,64+2,64+2,71+1,55+2,50+2,50+2,50+2,55+2,52+2,42+2,42+2,42+2,52+2,17+2,https://cdn.sofifa.net/players/205/601/22_120.png,https://cdn.sofifa.net/teams/112392/60.png,https://cdn.sofifa.net/flags/sa.png,,https://cdn.sofifa.net/flags/gh.png
222457,B. Mensah,Bernard Mensah,"CAM, CM",72,75,26,Ghana,,,Yukatel Kayserispor,Turkish Süper Lig,3100000.0,11000.0,77.0,70.0,71.0,74.0,62.0,70.0,222457,https://sofifa.com/player/222457/bernard-mensah/220002,B. Mensah,"CAM, CM",72,75,3100000.0,11000.0,26,1994-10-17,180,65,101020.0,Yukatel Kayserispor,Turkish Süper Lig,1.0,CAM,43.0,,2019-07-22,2022.0,117,Ghana,,,,Right,3,4,1,High/Medium,Lean (170-185),No,6400000.0,,"Long Shot Taker (AI), Technical Dribbler (AI)",77.0,70.0,71.0,74.0,62.0,70.0,64,68,62,74,49,75,77,76,69,76,80,75,75,65,68,80,61,72,72,71,63,65,67,72,59,69,66,62,42,15,13,12,10,11,,71+2,71+2,71+2,72,72,72,72,72,72+2,72+2,72+2,72+2,71+2,71+2,71+2,72+2,66+2,67+2,67+2,67+2,66+2,65+2,64+2,64+2,64+2,65+2,18+2,https://cdn.sofifa.net/players/222/457/22_120.png,https://cdn.sofifa.net/teams/101020/60.png,https://cdn.sofifa.net/flags/tr.png,,https://cdn.sofifa.net/flags/gh.png
229793,B. Tetteh,Benjamin Tetteh,ST,72,77,23,Ghana,,,Yeni Malatyaspor,Turkish Süper Lig,3600000.0,11000.0,78.0,67.0,53.0,70.0,24.0,78.0,229793,https://sofifa.com/player/229793/benjamin-tetteh/220002,B. Tetteh,ST,72,77,3600000.0,11000.0,23,1997-07-10,193,91,113259.0,Yeni Malatyaspor,Turkish Süper Lig,1.0,LS,30.0,,2021-07-14,2025.0,117,Ghana,,,,Right,2,3,1,High/Low,Normal (185+),No,7300000.0,#Strength,Flair,78.0,67.0,53.0,70.0,24.0,78.0,43,70,74,61,60,73,41,26,52,72,75,81,66,67,55,66,65,65,90,61,66,19,75,58,63,62,25,12,17,10,9,6,10,12,,72+2,72+2,72+2,68,70,70,70,68,67+2,67+2,67+2,66+2,59+2,59+2,59+2,66+2,47+2,46+2,46+2,46+2,47+2,44+2,44+2,44+2,44+2,44+2,16+2,https://cdn.sofifa.net/players/229/793/22_120.png,https://cdn.sofifa.net/teams/113259/60.png,https://cdn.sofifa.net/flags/tr.png,,https://cdn.sofifa.net/flags/gh.png
256035,K. Sulemana,Kamaldeen Sulemana,"LW, ST",72,84,19,Ghana,,,Stade Rennais FC,French Ligue 1,5500000.0,19000.0,93.0,66.0,60.0,76.0,28.0,63.0,256035,https://sofifa.com/player/256035/kamaldeen-sulemana/220002,K. Sulemana,"LW, ST",72,84,5500000.0,19000.0,19,2002-02-15,174,69,74.0,Stade Rennais FC,French Ligue 1,1.0,SUB,10.0,,2021-07-16,2026.0,117,Ghana,,,,Right,4,4,1,High/Medium,Lean (170-185),No,11600000.0,#Speedster,"Finesse Shot, Flair, Speed Dribbler (AI), Technical Dribbler (AI)",93.0,66.0,60.0,76.0,28.0,63.0,57,70,42,66,58,75,65,50,48,73,92,93,89,62,89,64,78,71,61,61,52,26,67,64,56,71,30,25,25,6,13,7,12,14,,67+2,67+2,67+2,72,70,70,70,72,70+2,70+2,70+2,70+2,61+2,61+2,61+2,70+2,54+2,48+2,48+2,48+2,54+2,50+2,42+2,42+2,42+2,50+2,17+2,https://cdn.sofifa.net/players/256/035/22_120.png,https://cdn.sofifa.net/teams/74/60.png,https://cdn.sofifa.net/flags/fr.png,,https://cdn.sofifa.net/flags/gh.png
188337,M. Wakaso,Mubarak Wakaso,"CM, LM",71,71,30,Ghana,,,Shenzhen FC,Chinese Super League,1800000.0,8000.0,83.0,69.0,69.0,72.0,69.0,82.0,188337,https://sofifa.com/player/188337/mubarak-wakaso/220002,M. Wakaso,"CM, LM",71,71,1800000.0,8000.0,30,1990-07-25,171,66,111773.0,Shenzhen FC,Chinese Super League,1.0,RCM,22.0,,2021-04-14,2022.0,117,Ghana,,,,Left,2,3,1,Medium/Medium,Normal (170-185),Yes,2800000.0,,"Long Throw-in, Dives Into Tackles (AI), Long Passer (AI), Long Shot Taker (AI)",83.0,69.0,69.0,72.0,69.0,82.0,68,63,60,70,76,68,67,63,69,71,81,85,81,78,86,85,83,82,81,69,86,71,71,71,50,70,68,71,69,10,16,7,15,14,,72-1,72-1,72-1,72-1,72-1,72-1,72-1,72-1,71,71,71,72-1,71,71,71,72-1,73-2,73-2,73-2,73-2,73-2,73-2,72-1,72-1,72-1,73-2,20+2,https://cdn.sofifa.net/players/188/337/22_120.png,https://cdn.sofifa.net/teams/111773/60.png,https://cdn.sofifa.net/flags/cn.png,,https://cdn.sofifa.net/flags/gh.png
198420,M. Waris,Abdul Majeed Waris,"ST, RW, RM",71,71,29,Ghana,,,RC Strasbourg Alsace,French Ligue 1,1900000.0,17000.0,87.0,69.0,66.0,73.0,37.0,65.0,198420,https://sofifa.com/player/198420/majeed-waris/220002,M. Waris,"ST, RW, RM",71,71,1900000.0,17000.0,29,1991-09-19,172,73,76.0,RC Strasbourg Alsace,French Ligue 1,1.0,SUB,8.0,,2020-07-01,2022.0,117,Ghana,,,,Right,3,3,2,Medium/Medium,Normal (170-185),No,3800000.0,,,87.0,69.0,66.0,73.0,37.0,65.0,62,67,66,71,63,72,55,50,59,71,88,87,83,69,85,75,79,64,62,69,72,35,74,71,65,73,37,30,31,3,3,3,3,3,,71,71,71,73-2,73-2,73-2,73-2,73-2,72-1,72-1,72-1,71,65+2,65+2,65+2,71,56+2,54+2,54+2,54+2,56+2,54+2,50+2,50+2,50+2,54+2,10+2,https://cdn.sofifa.net/players/198/420/22_120.png,https://cdn.sofifa.net/teams/76/60.png,https://cdn.sofifa.net/flags/fr.png,,https://cdn.sofifa.net/flags/gh.png
176580,L. Suárez,Luis Alberto Suárez Díaz,ST,88,88,34,Uruguay,,,Atlético de Madrid,Spain Primera Division,44500000.0,135000.0,72.0,90.0,82.0,84.0,47.0,83.0,176580,https://sofifa.com/player/176580/luis-suarez/220002,L. Suárez,ST,88,88,44500000.0,135000.0,34,1987-01-24,182,83,240.0,Atlético de Madrid,Spain Primera Division,1.0,RS,9.0,,2020-09-25,2022.0,60,Uruguay,,,,Right,4,3,5,High/Medium,Unique,Yes,91200000.0,"#Distance Shooter, #Clinical Finisher","Solid Player, Outside Foot Shot",72.0,90.0,82.0,84.0,47.0,83.0,80,93,84,83,90,83,86,82,77,86,76,69,75,92,78,89,69,78,85,88,87,41,91,84,83,87,42,45,38,27,25,31,33,37,,87+1,87+1,87+1,84,86,86,86,84,85+3,85+3,85+3,83+3,80+3,80+3,80+3,83+3,66+3,67+3,67+3,67+3,66+3,63+3,61+3,61+3,61+3,63+3,37+3,https://cdn.sofifa.net/players/176/580/22_120.png,https://cdn.sofifa.net/teams/240/60.png,https://cdn.sofifa.net/flags/es.png,,https://cdn.sofifa.net/flags/uy.png
179813,E. Cavani,Edinson Roberto Cavani Gómez,ST,85,85,34,Uruguay,,,Manchester United,English Premier League,26000000.0,190000.0,66.0,86.0,70.0,76.0,51.0,79.0,179813,https://sofifa.com/player/179813/edinson-cavani/220002,E. Cavani,ST,85,85,26000000.0,190000.0,34,1987-02-14,185,77,11.0,Manchester United,English Premier League,1.0,SUB,21.0,,2020-10-05,2022.0,60,Uruguay,,,,Right,4,3,4,High/High,Unique,Yes,48100000.0,,"Injury Prone, Power Header",66.0,86.0,70.0,76.0,51.0,79.0,68,89,88,75,86,74,76,74,52,81,64,68,68,90,57,87,88,81,77,77,81,54,93,75,85,85,45,48,39,12,5,13,13,10,,84+1,84+1,84+1,78,81,81,81,78,78+3,78+3,78+3,76+3,73+3,73+3,73+3,76+3,65+3,64+3,64+3,64+3,65+3,63+3,63+3,63+3,63+3,63+3,19+3,https://cdn.sofifa.net/players/179/813/22_120.png,https://cdn.sofifa.net/teams/11/60.png,https://cdn.sofifa.net/flags/gb-eng.png,,https://cdn.sofifa.net/flags/uy.png
216460,J. Giménez,José María Giménez de Vargas,CB,84,88,26,Uruguay,,,Atlético de Madrid,Spain Primera Division,52000000.0,74000.0,69.0,45.0,57.0,59.0,86.0,80.0,216460,https://sofifa.com/player/216460/jose-maria-gimenez/220002,J. Giménez,CB,84,88,52000000.0,74000.0,26,1995-01-20,185,79,240.0,Atlético de Madrid,Spain Primera Division,1.0,CB,2.0,,2013-07-01,2025.0,60,Uruguay,,,,Right,3,2,2,Medium/High,Normal (185+),Yes,110500000.0,#Tackling ,"Injury Prone, Dives Into Tackles (AI)",69.0,45.0,57.0,59.0,86.0,80.0,47,37,83,70,30,54,36,44,67,66,70,69,52,78,40,72,90,60,86,48,88,84,24,46,38,76,87,87,86,9,11,7,10,15,,58+2,58+2,58+2,55,56,56,56,55,56+2,56+2,56+2,57+2,62+2,62+2,62+2,57+2,72+2,76+2,76+2,76+2,72+2,75+2,84+2,84+2,84+2,75+2,18+2,https://cdn.sofifa.net/players/216/460/22_120.png,https://cdn.sofifa.net/teams/240/60.png,https://cdn.sofifa.net/flags/es.png,,https://cdn.sofifa.net/flags/uy.png
197655,S. Coates,Sebastián Coates Nión,CB,83,83,30,Uruguay,,,Sporting CP,Portuguese Liga ZON SAGRES,30000000.0,21000.0,68.0,49.0,55.0,63.0,84.0,87.0,197655,https://sofifa.com/player/197655/sebastian-coates/220002,S. Coates,CB,83,83,30000000.0,21000.0,30,1990-10-07,196,92,237.0,Sporting CP,Portuguese Liga ZON SAGRES,1.0,CB,4.0,,2017-01-31,2023.0,60,Uruguay,,,,Right,3,2,3,Medium/Medium,Normal (185+),Yes,60000000.0,"#Aerial Threat, #Tackling, #Strength","Solid Player, Dives Into Tackles (AI), Leadership, Long Passer (AI), Team Player",68.0,49.0,55.0,63.0,84.0,87.0,17,55,82,74,48,65,39,19,72,70,65,70,37,77,31,50,57,80,94,30,84,82,49,60,72,79,85,86,85,16,13,15,16,13,,64+3,64+3,64+3,58,63,63,63,58,63+3,63+3,63+3,62+3,69+3,69+3,69+3,62+3,71+3,79+3,79+3,79+3,71+3,74+3,83,83,83,74+3,21+3,https://cdn.sofifa.net/players/197/655/22_120.png,https://cdn.sofifa.net/teams/237/60.png,https://cdn.sofifa.net/flags/pt.png,,https://cdn.sofifa.net/flags/uy.png
239053,F. Valverde,Federico Santiago Valverde Dipetta,CM,83,89,22,Uruguay,,,Real Madrid CF,Spain Primera Division,58000000.0,160000.0,86.0,74.0,78.0,79.0,77.0,80.0,239053,https://sofifa.com/player/239053/federico-valverde/220002,F. Valverde,CM,83,89,58000000.0,160000.0,22,1998-07-22,182,78,243.0,Real Madrid CF,Spain Primera Division,1.0,SUB,15.0,,2016-07-22,2027.0,60,Uruguay,,,,Right,4,3,1,High/High,Unique,Yes,130500000.0,#Engine,Long Shot Taker (AI),86.0,74.0,78.0,79.0,77.0,80.0,66,69,59,85,70,79,70,66,84,82,82,90,76,84,68,80,62,86,79,81,81,81,76,80,59,82,79,80,76,6,10,6,15,8,,76+2,76+2,76+2,79,79,79,79,79,81+2,81+2,81+2,80+2,82+2,82+2,82+2,80+2,80+2,82+2,82+2,82+2,80+2,79+2,78+2,78+2,78+2,79+2,18+2,https://cdn.sofifa.net/players/239/053/22_120.png,https://cdn.sofifa.net/teams/243/60.png,https://cdn.sofifa.net/flags/es.png,,https://cdn.sofifa.net/flags/uy.png
182493,D. Godín,Diego Roberto Godín Leal,CB,80,80,35,Uruguay,,,Cagliari,Italian Serie A,5500000.0,27000.0,57.0,48.0,63.0,61.0,80.0,78.0,182493,https://sofifa.com/player/182493/diego-godin/220002,D. Godín,CB,80,80,5500000.0,27000.0,35,1986-02-16,187,78,1842.0,Cagliari,Italian Serie A,1.0,CB,2.0,,2020-09-24,2023.0,60,Uruguay,,,,Right,3,2,3,Medium/High,Lean (185+),Yes,9400000.0,,"Dives Into Tackles (AI), Power Header",57.0,48.0,63.0,61.0,80.0,78.0,52,42,82,77,47,53,49,49,70,72,59,55,57,74,53,67,89,67,82,43,81,79,48,52,50,78,80,81,79,6,8,15,5,15,,61+3,61+3,61+3,58,59,59,59,58,60+3,60+3,60+3,60+3,66+3,66+3,66+3,60+3,70+3,76+3,76+3,76+3,70+3,72+3,79+1,79+1,79+1,72+3,16+3,https://cdn.sofifa.net/players/182/493/22_120.png,https://cdn.sofifa.net/teams/1842/60.png,https://cdn.sofifa.net/flags/it.png,,https://cdn.sofifa.net/flags/uy.png
182494,F. Muslera,Néstor Fernando Muslera Micol,GK,80,80,35,Uruguay,,,Galatasaray SK,Turkish Süper Lig,2300000.0,32000.0,,,,,,,182494,https://sofifa.com/player/182494/fernando-muslera/220002,F. Muslera,GK,80,80,2300000.0,32000.0,35,1986-06-16,190,74,325.0,Galatasaray SK,Turkish Süper Lig,1.0,GK,1.0,,2011-08-11,2024.0,60,Uruguay,,,,Right,2,1,3,Medium/Medium,Normal (185+),No,4600000.0,,"Leadership, GK Long Throw, Team Player, Rushes Out Of Goal",,,,,,,15,10,12,44,10,25,14,10,47,27,60,62,68,78,62,54,84,40,68,10,32,23,13,62,24,60,12,16,16,78,80,72,82,79,61.0,32+3,32+3,32+3,35,36,36,36,35,39+3,39+3,39+3,37+3,39+3,39+3,39+3,37+3,32+3,35+3,35+3,35+3,32+3,31+3,30+3,30+3,30+3,31+3,79+1,https://cdn.sofifa.net/players/182/494/22_120.png,https://cdn.sofifa.net/teams/325/60.png,https://cdn.sofifa.net/flags/tr.png,,https://cdn.sofifa.net/flags/uy.png
197225,N. Lodeiro,Marcelo Nicolás Lodeiro Benítez,CAM,80,80,32,Uruguay,,,Seattle Sounders FC,USA Major League Soccer,16500000.0,12000.0,74.0,73.0,83.0,81.0,49.0,74.0,197225,https://sofifa.com/player/197225/nicolas-lodeiro/220002,N. Lodeiro,CAM,80,80,16500000.0,12000.0,32,1989-03-21,170,69,111144.0,Seattle Sounders FC,USA Major League Soccer,1.0,LF,10.0,,2016-07-27,2023.0,60,Uruguay,,,,Left,4,4,3,High/Medium,Normal (170-),Yes,24800000.0,,"Leadership, Flair, Long Shot Taker (AI), Playmaker (AI), Outside Foot Shot, Technical Dribbler (AI)",74.0,73.0,83.0,81.0,49.0,74.0,81,72,42,88,71,81,82,78,76,81,76,72,82,80,80,72,66,91,68,76,69,49,77,82,76,81,50,52,40,12,16,11,7,15,,73+3,73+3,73+3,79,78,78,78,79,80,80,80,80,79+1,79+1,79+1,80,69+3,68+3,68+3,68+3,69+3,65+3,57+3,57+3,57+3,65+3,20+3,https://cdn.sofifa.net/players/197/225/22_120.png,https://cdn.sofifa.net/teams/111144/60.png,https://cdn.sofifa.net/flags/us.png,,https://cdn.sofifa.net/flags/uy.png
223816,J. Rodríguez,Jonathan Javier Rodríguez Portillo,"ST, LW",80,80,27,Uruguay,,,Cruz Azul,Mexican Liga MX,23000000.0,79000.0,88.0,80.0,67.0,81.0,38.0,76.0,223816,https://sofifa.com/player/223816/jonathan-rodriguez/220002,J. Rodríguez,"ST, LW",80,80,23000000.0,79000.0,27,1993-07-06,177,79,1878.0,Cruz Azul,Mexican Liga MX,1.0,ST,21.0,,2019-01-01,2022.0,60,Uruguay,,,,Right,3,4,1,High/Medium,Normal (170-185),No,39100000.0,#Acrobat,Chip Shot (AI),88.0,80.0,67.0,81.0,38.0,76.0,68,84,71,67,72,81,64,62,65,81,90,87,91,80,72,80,74,84,76,72,68,35,81,68,80,72,23,40,45,12,14,10,7,10,,80,80,80,79,79,79,79,79,77+2,77+2,77+2,78+2,70+2,70+2,70+2,78+2,62+2,58+2,58+2,58+2,62+2,60+2,53+2,53+2,53+2,60+2,18+2,https://cdn.sofifa.net/players/223/816/22_120.png,https://cdn.sofifa.net/teams/1878/60.png,https://cdn.sofifa.net/flags/mx.png,,https://cdn.sofifa.net/flags/uy.png
223959,L. Torreira,Lucas Torreira Di Pascua,"CDM, CM",80,84,25,Uruguay,,,Fiorentina,Italian Serie A,26500000.0,77000.0,74.0,67.0,74.0,79.0,79.0,75.0,223959,https://sofifa.com/player/223959/lucas-torreira/220002,L. Torreira,"CDM, CM",80,84,26500000.0,77000.0,25,1996-02-11,166,60,110374.0,Fiorentina,Italian Serie A,1.0,SUB,18.0,Arsenal,,2022.0,60,Uruguay,,,,Right,3,3,2,Medium/High,Normal (170-),Yes,,,,74.0,67.0,74.0,79.0,79.0,75.0,71,61,59,78,65,77,70,72,73,79,76,72,86,77,90,78,52,84,68,74,86,83,68,74,48,78,80,82,76,5,5,13,7,9,,70+2,70+2,70+2,74,73,73,73,74,75+2,75+2,75+2,75+2,77+2,77+2,77+2,75+2,78+2,79+2,79+2,79+2,78+2,77+2,76+2,76+2,76+2,77+2,15+2,https://cdn.sofifa.net/players/223/959/22_120.png,https://cdn.sofifa.net/teams/110374/60.png,https://cdn.sofifa.net/flags/it.png,,https://cdn.sofifa.net/flags/uy.png
239207,M. Gómez,Maximiliano Gómez González,ST,80,85,24,Uruguay,,,Valencia CF,Spain Primera Division,32000000.0,40000.0,66.0,81.0,68.0,73.0,32.0,82.0,239207,https://sofifa.com/player/239207/maximiliano-gomez/220002,M. Gómez,ST,80,85,32000000.0,40000.0,24,1996-08-14,186,84,461.0,Valencia CF,Spain Primera Division,1.0,RS,9.0,,2019-07-14,2024.0,60,Uruguay,,,,Right,3,3,1,High/Low,Stocky (185+),Yes,69600000.0,#Strength,Power Header,66.0,81.0,68.0,73.0,32.0,82.0,59,84,87,73,75,72,75,57,64,77,66,66,67,80,57,81,83,79,87,74,74,21,87,70,72,82,35,20,23,7,8,13,12,6,,80+2,80+2,80+2,74,77,77,77,74,75+2,75+2,75+2,73+2,69+2,69+2,69+2,73+2,53+2,54+2,54+2,54+2,53+2,51+2,50+2,50+2,50+2,51+2,16+2,https://cdn.sofifa.net/players/239/207/22_120.png,https://cdn.sofifa.net/teams/461/60.png,https://cdn.sofifa.net/flags/es.png,,https://cdn.sofifa.net/flags/uy.png
232665,M. Arambarri,Mauro Wilney Arambarri Rosa,"CDM, CM",79,84,25,Uruguay,,,Getafe CF,Spain Primera Division,23500000.0,29000.0,47.0,60.0,72.0,72.0,77.0,76.0,232665,https://sofifa.com/player/232665/mauro-arambarri/220002,M. Arambarri,"CDM, CM",79,84,23500000.0,29000.0,25,1995-09-30,175,74,1860.0,Getafe CF,Spain Primera Division,1.0,RDM,18.0,,2018-07-01,2023.0,60,Uruguay,,,,Right,3,3,1,Medium/Medium,Normal (170-185),No,51100000.0,,"Long Passer (AI), Long Shot Taker (AI)",47.0,60.0,72.0,72.0,77.0,76.0,59,49,62,79,43,72,66,54,78,79,42,51,55,77,73,77,56,73,76,75,83,78,60,74,50,65,79,80,79,7,13,13,15,7,,65+2,65+2,65+2,66,68,68,68,66,70+2,70+2,70+2,68+2,75+2,75+2,75+2,68+2,72+2,78+2,78+2,78+2,72+2,72+2,76+2,76+2,76+2,72+2,18+2,https://cdn.sofifa.net/players/232/665/22_120.png,https://cdn.sofifa.net/teams/1860/60.png,https://cdn.sofifa.net/flags/es.png,,https://cdn.sofifa.net/flags/uy.png
203843,D. Suárez,Damián Nicolás Suárez Suárez,RB,78,78,33,Uruguay,,,Getafe CF,Spain Primera Division,7500000.0,28000.0,73.0,69.0,73.0,74.0,76.0,77.0,203843,https://sofifa.com/player/203843/damian-suarez/220002,D. Suárez,RB,78,78,7500000.0,28000.0,33,1988-04-27,173,68,1860.0,Getafe CF,Spain Primera Division,1.0,RB,22.0,,2015-07-08,2022.0,60,Uruguay,,,,Right,3,3,1,High/Medium,Normal (170-185),No,15800000.0,,"Long Throw-in, Dives Into Tackles (AI), Long Passer (AI), Long Shot Taker (AI)",73.0,69.0,73.0,74.0,76.0,77.0,80,64,70,75,59,74,74,70,72,76,72,73,71,74,72,83,79,78,71,71,89,77,63,62,67,74,76,77,78,16,9,9,15,7,,71+2,71+2,71+2,72,71,71,71,72,71+2,71+2,71+2,73+2,72+2,72+2,72+2,73+2,76+2,76+2,76+2,76+2,76+2,76+2,76+2,76+2,76+2,76+2,18+2,https://cdn.sofifa.net/players/203/843/22_120.png,https://cdn.sofifa.net/teams/1860/60.png,https://cdn.sofifa.net/flags/es.png,,https://cdn.sofifa.net/flags/uy.png
205409,S. Sosa,Carlos Sebastián Sosa Silva,GK,78,78,34,Uruguay,,,Club Atlético Independiente,Argentina Primera División,2400000.0,12000.0,,,,,,,205409,https://sofifa.com/player/205409/sebastian-sosa/220002,S. Sosa,GK,78,78,2400000.0,12000.0,34,1986-08-19,179,79,110093.0,Club Atlético Independiente,Argentina Primera División,1.0,GK,1.0,Mazatlán Futbol Club,,2021.0,60,Uruguay,,,,Right,3,1,1,Medium/Medium,Normal (170-185),No,,,"Leadership, Saves with Feet",,,,,,,14,10,14,34,12,20,18,16,36,22,55,42,65,78,50,53,65,38,75,18,45,22,15,25,22,63,20,15,16,77,70,71,81,80,50.0,31+2,31+2,31+2,29,30,30,30,29,30+2,30+2,30+2,30+2,30+2,30+2,30+2,30+2,29+2,32+2,32+2,32+2,29+2,29+2,31+2,31+2,31+2,29+2,77+1,https://cdn.sofifa.net/players/205/409/22_120.png,https://cdn.sofifa.net/teams/110093/60.png,https://cdn.sofifa.net/flags/ar.png,,https://cdn.sofifa.net/flags/uy.png
219985,M. Vecino,Matías Vecino Falero,"CM, CDM",78,78,29,Uruguay,,,Inter,Italian Serie A,13500000.0,88000.0,65.0,71.0,75.0,77.0,76.0,73.0,219985,https://sofifa.com/player/219985/matias-vecino/220002,M. Vecino,"CM, CDM",78,78,13500000.0,88000.0,29,1991-08-24,187,81,44.0,Inter,Italian Serie A,1.0,SUB,8.0,,2017-08-02,2022.0,60,Uruguay,,,,Right,3,3,2,High/Medium,Lean (185+),No,23000000.0,,,65.0,71.0,75.0,77.0,76.0,73.0,69,68,79,80,62,77,64,58,77,81,65,65,69,77,65,78,75,77,72,75,72,77,76,80,56,81,77,77,69,4,4,4,4,4,,74+2,74+2,74+2,74,76,76,76,74,77+1,77+1,77+1,75+2,78,78,78,75+2,75+2,77+1,77+1,77+1,75+2,74+2,76+2,76+2,76+2,74+2,12+2,https://cdn.sofifa.net/players/219/985/22_120.png,https://cdn.sofifa.net/teams/44/60.png,https://cdn.sofifa.net/flags/it.png,,https://cdn.sofifa.net/flags/uy.png
221832,L. Olaza,Lucas René Olaza Catrofe,"LB, LWB, CB",78,79,26,Uruguay,,,Real Valladolid CF,Spanish Segunda División,15000000.0,13000.0,77.0,71.0,74.0,74.0,74.0,72.0,221832,https://sofifa.com/player/221832/lucas-olaza/220002,L. Olaza,"LB, LWB, CB",78,79,15000000.0,13000.0,26,1994-07-21,175,70,462.0,Real Valladolid CF,Spanish Segunda División,2.0,LWB,21.0,,2021-06-09,2025.0,60,Uruguay,,,,Left,3,3,1,High/Medium,Normal (170-185),No,25100000.0,,Long Shot Taker (AI),77.0,71.0,74.0,74.0,74.0,72.0,78,65,65,77,55,72,76,80,64,78,78,77,69,67,78,81,68,78,70,78,70,73,77,69,65,72,69,80,79,8,14,11,11,12,,72+2,72+2,72+2,74,74,74,74,74,73+2,73+2,73+2,74+2,73+2,73+2,73+2,74+2,76+2,73+2,73+2,73+2,76+2,76+2,73+2,73+2,73+2,76+2,17+2,https://cdn.sofifa.net/players/221/832/22_120.png,https://cdn.sofifa.net/teams/462/60.png,https://cdn.sofifa.net/flags/es.png,,https://cdn.sofifa.net/flags/uy.png
227535,R. Bentancur,Rodrigo Bentancur Colmán,CM,78,83,24,Uruguay,,,Juventus,Italian Serie A,21000000.0,61000.0,73.0,62.0,79.0,80.0,75.0,76.0,227535,https://sofifa.com/player/227535/rodrigo-bentancur/220002,R. Bentancur,CM,78,83,21000000.0,61000.0,24,1997-06-25,187,78,45.0,Juventus,Italian Serie A,1.0,RES,30.0,,2017-07-01,2024.0,60,Uruguay,,,,Right,4,4,2,Medium/Medium,Lean (185+),No,36200000.0,,,73.0,62.0,79.0,80.0,75.0,76.0,77,55,62,83,71,83,73,68,79,82,69,77,70,78,68,69,73,86,70,65,78,78,64,76,64,80,78,77,71,8,7,14,14,12,,69+2,69+2,69+2,75,73,73,73,75,76+2,76+2,76+2,77+2,78+2,78+2,78+2,77+2,78+2,79+2,79+2,79+2,78+2,77+2,75+2,75+2,75+2,77+2,18+2,https://cdn.sofifa.net/players/227/535/22_120.png,https://cdn.sofifa.net/teams/45/60.png,https://cdn.sofifa.net/flags/it.png,,https://cdn.sofifa.net/flags/uy.png
240699,N. De la Cruz,Diego Nicolás De La Cruz Arcosa,"CM, CAM, LW",78,84,24,Uruguay,,,River Plate,Argentina Primera División,22000000.0,17000.0,84.0,75.0,77.0,81.0,69.0,67.0,240699,https://sofifa.com/player/240699/nicolas-de-la-cruz/220002,N. De la Cruz,"CM, CAM, LW",78,84,22000000.0,17000.0,24,1997-06-01,167,65,1876.0,River Plate,Argentina Primera División,1.0,RAM,11.0,,2017-08-15,2022.0,60,Uruguay,,,,Right,4,4,1,High/High,Normal (170-),No,35200000.0,"#Engine, #Acrobat","Long Shot Taker (AI), Speed Dribbler (AI)",84.0,75.0,77.0,81.0,69.0,67.0,72,73,69,79,72,81,83,76,72,78,86,83,92,77,86,80,83,93,44,75,87,71,79,80,69,82,64,74,64,9,6,9,7,9,,75+2,75+2,75+2,79,79,79,79,79,79+2,79+2,79+2,79+2,78+2,78+2,78+2,79+2,76+2,74+2,74+2,74+2,76+2,75+2,70+2,70+2,70+2,75+2,15+2,https://cdn.sofifa.net/players/240/699/22_120.png,https://cdn.sofifa.net/teams/1876/60.png,https://cdn.sofifa.net/flags/ar.png,,https://cdn.sofifa.net/flags/uy.png
192816,L. Cabrera,Leandro Daniel Cabrera Sasía,"CB, LB",77,77,30,Uruguay,,,RCD Espanyol de Barcelona,Spain Primera Division,8500000.0,19000.0,59.0,45.0,59.0,58.0,78.0,82.0,192816,https://sofifa.com/player/192816/leandro-cabrera/220002,L. Cabrera,"CB, LB",77,77,8500000.0,19000.0,30,1991-06-17,190,82,452.0,RCD Espanyol de Barcelona,Spain Primera Division,1.0,LCB,4.0,,2020-01-20,2024.0,60,Uruguay,,,,Left,2,2,1,Low/High,Normal (185+),No,17900000.0,,"Long Throw-in, Dives Into Tackles (AI), Leadership, Power Header",59.0,45.0,59.0,58.0,78.0,82.0,63,40,78,63,30,54,50,40,63,60,63,56,63,75,50,67,86,76,83,40,84,77,40,50,50,58,78,78,78,10,16,10,15,16,,57+2,57+2,57+2,55,55,55,55,55,55+2,55+2,55+2,58+2,61+2,61+2,61+2,58+2,70+2,72+2,72+2,72+2,70+2,72+2,77,77,77,72+2,21+2,https://cdn.sofifa.net/players/192/816/22_120.png,https://cdn.sofifa.net/teams/452/60.png,https://cdn.sofifa.net/flags/es.png,,https://cdn.sofifa.net/flags/uy.png
230965,N. Nández,Nahitan Michel Nández Acosta,"CM, CDM, RM",77,82,25,Uruguay,,,Cagliari,Italian Serie A,15500000.0,31000.0,77.0,67.0,72.0,77.0,76.0,83.0,230965,https://sofifa.com/player/230965/nahitan-nandez/220002,N. Nández,"CM, CDM, RM",77,82,15500000.0,31000.0,25,1995-12-28,172,70,1842.0,Cagliari,Italian Serie A,1.0,RM,18.0,,2019-08-09,2024.0,60,Uruguay,,,,Right,3,3,2,High/High,Normal (170-185),No,27500000.0,#Engine,Outside Foot Shot,77.0,67.0,72.0,77.0,76.0,83.0,65,68,57,80,50,75,51,52,72,78,76,77,82,81,81,74,77,93,77,65,87,79,75,74,55,80,77,79,73,8,8,14,5,15,,72+2,72+2,72+2,75,75,75,75,75,76+2,76+2,76+2,76+2,77+2,77+2,77+2,76+2,78+2,79+2,79+2,79+2,78+2,77+2,76+2,76+2,76+2,77+2,17+2,https://cdn.sofifa.net/players/230/965/22_120.png,https://cdn.sofifa.net/teams/1842/60.png,https://cdn.sofifa.net/flags/it.png,,https://cdn.sofifa.net/flags/uy.png
240471,F. Gorriarán,Fernando Gorriarán Fontes,"CDM, CM",77,80,26,Uruguay,,,Santos Laguna,Mexican Liga MX,12500000.0,22000.0,74.0,68.0,75.0,77.0,73.0,71.0,240471,https://sofifa.com/player/240471/fernando-gorriaran/220002,F. Gorriarán,"CDM, CM",77,80,12500000.0,22000.0,26,1994-11-27,168,68,110144.0,Santos Laguna,Mexican Liga MX,1.0,LDM,11.0,,2019-07-01,2022.0,60,Uruguay,,,,Right,4,3,1,High/High,Normal (170-),No,22200000.0,#Engine,"Leadership, Playmaker (AI), Technical Dribbler (AI)",74.0,68.0,75.0,77.0,73.0,71.0,71,64,57,79,70,75,72,59,76,77,77,72,77,74,91,75,70,92,62,68,65,79,71,76,66,80,76,72,66,11,11,9,8,7,,70+2,70+2,70+2,74,73,73,73,74,75+2,75+2,75+2,75+2,76+2,76+2,76+2,75+2,76+2,76+2,76+2,76+2,76+2,74+2,70+2,70+2,70+2,74+2,16+2,https://cdn.sofifa.net/players/240/471/22_120.png,https://cdn.sofifa.net/teams/110144/60.png,https://cdn.sofifa.net/flags/mx.png,,https://cdn.sofifa.net/flags/uy.png
253163,R. Araujo,Ronald Federico Araújo da Silva,CB,77,86,22,Uruguay,,,FC Barcelona,Spain Primera Division,22000000.0,86000.0,77.0,36.0,53.0,52.0,79.0,76.0,253163,https://sofifa.com/player/253163/ronald-araujo/220002,R. Araujo,CB,77,86,22000000.0,86000.0,22,1999-03-07,192,91,241.0,FC Barcelona,Spain Primera Division,1.0,SUB,4.0,,2018-08-29,2023.0,60,Uruguay,,,,Right,3,2,1,Medium/Medium,Normal (185+),No,49500000.0,,Injury Prone,77.0,36.0,53.0,52.0,79.0,76.0,21,35,79,74,38,38,27,45,62,66,73,80,47,73,55,41,76,65,81,35,76,73,38,48,33,72,79,82,78,11,14,9,11,8,,55+2,55+2,55+2,52,54,54,54,52,55+2,55+2,55+2,54+2,61+2,61+2,61+2,54+2,66+2,72+2,72+2,72+2,66+2,70+2,77+2,77+2,77+2,70+2,18+2,https://cdn.sofifa.net/players/253/163/22_120.png,https://cdn.sofifa.net/teams/241/60.png,https://cdn.sofifa.net/flags/es.png,,https://cdn.sofifa.net/flags/uy.png
176526,L. Burián,Leonardo Fabián Burián Castro,GK,76,76,37,Uruguay,,,Club Atlético Colón,Argentina Primera División,825000.0,7000.0,,,,,,,176526,https://sofifa.com/player/176526/leonardo-burian/220002,L. Burián,GK,76,76,825000.0,7000.0,37,1984-01-21,188,81,110406.0,Club Atlético Colón,Argentina Primera División,1.0,GK,1.0,,2018-07-23,2022.0,60,Uruguay,,,,Right,3,1,1,Medium/Medium,Normal (185+),No,1200000.0,,Comes For Crosses,,,,,,,13,15,12,40,13,19,15,15,39,38,47,49,63,74,59,55,78,44,69,19,45,28,15,33,25,57,10,18,14,76,72,73,78,76,48.0,33+2,33+2,33+2,32,33,33,33,32,35+2,35+2,35+2,33+2,36+2,36+2,36+2,33+2,32+2,35+2,35+2,35+2,32+2,30+2,31+2,31+2,31+2,30+2,75+1,https://cdn.sofifa.net/players/176/526/22_120.png,https://cdn.sofifa.net/teams/110406/60.png,https://cdn.sofifa.net/flags/ar.png,,https://cdn.sofifa.net/flags/uy.png
182495,M. Cáceres,José Martín Cáceres Silva,"CB, RB",76,76,34,Uruguay,,,Cagliari,Italian Serie A,2400000.0,28000.0,70.0,51.0,63.0,69.0,77.0,75.0,182495,https://sofifa.com/player/182495/martin-caceres/220002,M. Cáceres,"CB, RB",76,76,2400000.0,28000.0,34,1987-04-07,180,78,1842.0,Cagliari,Italian Serie A,1.0,SUB,4.0,,2021-09-01,2022.0,60,Uruguay,,,,Right,3,3,2,Medium/High,Lean (170-185),No,4100000.0,,"Long Throw-in, Injury Prone, Dives Into Tackles (AI), Early Crosser, Power Header",70.0,51.0,63.0,69.0,77.0,75.0,66,37,75,66,65,66,68,41,64,68,68,71,72,70,76,69,91,72,74,59,78,78,50,58,50,78,76,78,78,2,3,4,2,4,,61+2,61+2,61+2,62,61,61,61,62,62+2,62+2,62+2,64+2,65+2,65+2,65+2,64+2,72+2,72+2,72+2,72+2,72+2,73+2,76,76,76,73+2,10+2,https://cdn.sofifa.net/players/182/495/22_120.png,https://cdn.sofifa.net/teams/1842/60.png,https://cdn.sofifa.net/flags/it.png,,https://cdn.sofifa.net/flags/uy.png
186537,C. Stuani,Cristhian Ricardo Stuani Curbelo,ST,76,76,34,Uruguay,,,Girona FC,Spanish Segunda División,3600000.0,14000.0,68.0,79.0,69.0,70.0,48.0,82.0,186537,https://sofifa.com/player/186537/cristhian-stuani/220002,C. Stuani,ST,76,76,3600000.0,14000.0,34,1986-10-12,186,76,110062.0,Girona FC,Spanish Segunda División,2.0,ST,7.0,,2017-07-21,2026.0,60,Uruguay,,,,Right,3,4,2,Medium/Low,Normal (185+),Yes,5800000.0,,"Power Header, Technical Dribbler (AI)",68.0,79.0,69.0,70.0,48.0,82.0,68,80,83,73,73,70,66,57,65,71,66,69,64,74,61,81,90,81,84,72,77,36,76,69,90,76,45,49,42,16,14,9,16,8,,76,76,76,72,73,73,73,72,72+2,72+2,72+2,72+2,69+2,69+2,69+2,72+2,61+2,61+2,61+2,61+2,61+2,59+2,60+2,60+2,60+2,59+2,20+2,https://cdn.sofifa.net/players/186/537/22_120.png,https://cdn.sofifa.net/teams/110062/60.png,https://cdn.sofifa.net/flags/es.png,,https://cdn.sofifa.net/flags/uy.png
204691,M. Pereyra,Mauricio Ernesto Pereyra Antonini,"CAM, CM, RM",76,76,31,Uruguay,,,Orlando City Soccer Club,USA Major League Soccer,6000000.0,9000.0,71.0,70.0,76.0,77.0,54.0,66.0,204691,https://sofifa.com/player/204691/mauricio-pereyra/220002,M. Pereyra,"CAM, CM, RM",76,76,6000000.0,9000.0,31,1990-03-15,170,66,112606.0,Orlando City Soccer Club,USA Major League Soccer,1.0,CAM,10.0,,2019-07-30,2021.0,60,Uruguay,,,,Right,2,4,1,Medium/Medium,Normal (170-),No,9000000.0,,"Playmaker (AI), Technical Dribbler (AI)",71.0,70.0,76.0,77.0,54.0,66.0,74,68,49,78,69,74,67,73,73,78,74,68,82,73,88,70,53,73,64,75,67,69,78,82,62,73,35,63,55,16,13,14,12,7,,70+2,70+2,70+2,75,74,74,74,75,76,76,76,75+1,75+1,75+1,75+1,75+1,68+2,68+2,68+2,68+2,68+2,65+2,60+2,60+2,60+2,65+2,19+2,https://cdn.sofifa.net/players/204/691/22_120.png,https://cdn.sofifa.net/teams/112606/60.png,https://cdn.sofifa.net/flags/us.png,,https://cdn.sofifa.net/flags/uy.png
200104,H. Son,손흥민 孙兴慜,"LM, CF, LW",89,89,28,Korea Republic,,,Tottenham Hotspur,English Premier League,104000000.0,220000.0,88.0,87.0,82.0,86.0,43.0,69.0,200104,https://sofifa.com/player/200104/heung-min-son/220002,H. Son,"LM, CF, LW",89,89,104000000.0,220000.0,28,1992-07-08,183,78,18.0,Tottenham Hotspur,English Premier League,1.0,LW,7.0,,2015-08-28,2025.0,167,Korea Republic,,,,Right,5,4,4,High/High,Unique,Yes,197600000.0,"#Dribbler, #Engine, #Distance Shooter, #Acrobat, #Clinical Finisher, #Complete Forward","Solid Player, Finesse Shot, Long Shot Taker (AI), Speed Dribbler (AI), Technical Dribbler (AI)",88.0,87.0,82.0,86.0,43.0,69.0,83,88,68,84,78,87,85,74,74,84,85,90,86,91,78,88,60,88,64,89,62,39,91,83,73,89,50,34,33,11,13,13,6,10,,85+3,85+3,85+3,87,87,87,87,87,86+3,86+3,86+3,86+3,80+3,80+3,80+3,86+3,68+3,64+3,64+3,64+3,68+3,64+3,54+3,54+3,54+3,64+3,19+3,https://cdn.sofifa.net/players/200/104/22_120.png,https://cdn.sofifa.net/teams/18/60.png,https://cdn.sofifa.net/flags/gb-eng.png,,https://cdn.sofifa.net/flags/kr.png
212260,Hwang Ui Jo,황의조 Ui Jo Hwang,"ST, LM",76,76,28,Korea Republic,,,FC Girondins de Bordeaux,French Ligue 1,7500000.0,29000.0,78.0,77.0,64.0,74.0,42.0,73.0,212260,https://sofifa.com/player/212260/ui-jo-hwang/220002,Hwang Ui Jo,"ST, LM",76,76,7500000.0,29000.0,28,1992-08-28,185,82,59.0,FC Girondins de Bordeaux,French Ligue 1,1.0,LS,18.0,,2019-07-18,2023.0,167,Korea Republic,,,,Right,4,3,2,High/Medium,Lean (185+),No,15000000.0,,"Finesse Shot, Long Shot Taker (AI), Outside Foot Shot",78.0,77.0,64.0,74.0,42.0,73.0,62,78,71,67,73,74,69,63,57,75,80,77,77,76,64,77,74,80,73,77,62,44,79,66,66,69,33,42,36,9,15,10,7,6,,76,76,76,74,75,75,75,74,73+2,73+2,73+2,72+2,68+2,68+2,68+2,72+2,60+2,57+2,57+2,57+2,60+2,58+2,54+2,54+2,54+2,58+2,17+2,https://cdn.sofifa.net/players/212/260/22_120.png,https://cdn.sofifa.net/teams/59/60.png,https://cdn.sofifa.net/flags/fr.png,,https://cdn.sofifa.net/flags/kr.png
212432,Jo Hyeon Woo,조현우 崔永宇,GK,75,77,29,Korea Republic,,,Ulsan Hyundai FC,Korean K League 1,4700000.0,9000.0,,,,,,,212432,https://sofifa.com/player/212432/hyeon-woo-jo/220002,Jo Hyeon Woo,GK,75,77,4700000.0,9000.0,29,1991-09-25,189,75,1473.0,Ulsan Hyundai FC,Korean K League 1,1.0,GK,21.0,,2020-01-20,2022.0,167,Korea Republic,,,,Right,3,1,1,Medium/Medium,Lean (185+),No,6500000.0,,"Comes For Crosses, Saves with Feet",,,,,,,11,18,16,28,18,12,19,15,23,18,52,50,31,72,53,45,56,29,33,14,19,17,12,63,19,63,29,18,16,76,71,60,73,81,51.0,28+2,28+2,28+2,28,30,30,30,28,31+2,31+2,31+2,29+2,30+2,30+2,30+2,29+2,27+2,28+2,28+2,28+2,27+2,28+2,26+2,26+2,26+2,28+2,74+2,https://cdn.sofifa.net/players/212/432/22_120.png,https://cdn.sofifa.net/teams/1473/60.png,https://cdn.sofifa.net/flags/kr.png,,https://cdn.sofifa.net/flags/kr.png
221671,Lee Jae Sung,이재성 李在成,"CM, CF, CAM",75,75,28,Korea Republic,,,1. FSV Mainz 05,German 1. Bundesliga,5500000.0,24000.0,69.0,57.0,75.0,78.0,53.0,62.0,221671,https://sofifa.com/player/221671/jae-sung-lee/220002,Lee Jae Sung,"CM, CF, CAM",75,75,5500000.0,24000.0,28,1992-08-10,180,70,169.0,1. FSV Mainz 05,German 1. Bundesliga,1.0,SUB,7.0,,2021-07-08,2024.0,167,Korea Republic,,,,Left,4,3,2,High/High,Lean (170-185),No,9900000.0,#Engine,"Solid Player, Flair, Playmaker (AI), Team Player, Technical Dribbler (AI)",69.0,57.0,75.0,78.0,53.0,62.0,68,52,55,80,61,77,68,54,72,78,73,65,83,75,82,58,55,88,48,62,67,55,73,80,50,78,45,58,53,14,7,15,6,8,,65+2,65+2,65+2,72,71,71,71,72,75,75,75,74+1,75,75,75,74+1,67+2,67+2,67+2,67+2,67+2,65+2,57+2,57+2,57+2,65+2,16+2,https://cdn.sofifa.net/players/221/671/22_120.png,https://cdn.sofifa.net/teams/169/60.png,https://cdn.sofifa.net/flags/de.png,,https://cdn.sofifa.net/flags/kr.png
226380,Hwang Hee Chan,황희찬 黄喜灿,ST,75,78,25,Korea Republic,,,Wolverhampton Wanderers,English Premier League,7500000.0,58000.0,84.0,75.0,70.0,78.0,28.0,68.0,226380,https://sofifa.com/player/226380/hee-chan-hwang/220002,Hwang Hee Chan,ST,75,78,7500000.0,58000.0,25,1996-01-26,177,77,110.0,Wolverhampton Wanderers,English Premier League,1.0,SUB,26.0,RB Leipzig,,2022.0,167,Korea Republic,,,,Right,4,3,1,High/Medium,Normal (170-185),Yes,,#Acrobat,Technical Dribbler (AI),84.0,75.0,70.0,78.0,28.0,68.0,69,78,61,74,75,79,61,44,65,76,91,79,91,75,71,74,83,74,67,71,57,22,77,77,72,74,28,23,24,11,7,10,11,15,,75+2,75+2,75+2,77,77,77,77,77,77+1,77+1,77+1,76+2,69+2,69+2,69+2,76+2,56+2,52+2,52+2,52+2,56+2,52+2,44+2,44+2,44+2,52+2,18+2,https://cdn.sofifa.net/players/226/380/22_120.png,https://cdn.sofifa.net/teams/110/60.png,https://cdn.sofifa.net/flags/gb-eng.png,,https://cdn.sofifa.net/flags/kr.png
211005,Jang Hyeon Soo,장현수 张贤秀,CB,74,74,29,Korea Republic,,,Al Hilal,Saudi Abdul L. Jameel League,3500000.0,31000.0,66.0,28.0,59.0,63.0,77.0,73.0,211005,https://sofifa.com/player/211005/hyeon-soo-jang/220002,Jang Hyeon Soo,CB,74,74,3500000.0,31000.0,29,1991-09-28,183,83,605.0,Al Hilal,Saudi Abdul L. Jameel League,1.0,RCB,20.0,,2019-07-13,2022.0,167,Korea Republic,,,,Right,3,2,1,Medium/High,Normal (170-185),No,6000000.0,,Long Passer (AI),66.0,28.0,59.0,63.0,77.0,73.0,37,25,75,72,29,61,33,25,75,68,67,66,58,75,48,38,72,77,75,21,64,74,22,60,48,72,81,77,68,13,15,14,9,13,,50+2,50+2,50+2,54,53,53,53,54,57+2,57+2,57+2,59+2,64+2,64+2,64+2,59+2,68+2,73+1,73+1,73+1,68+2,70+2,74,74,74,70+2,19+2,https://cdn.sofifa.net/players/211/005/22_120.png,https://cdn.sofifa.net/teams/605/60.png,https://cdn.sofifa.net/flags/sa.png,,https://cdn.sofifa.net/flags/kr.png
237086,Kim Min Jae,김민재 金敏在,CB,74,81,24,Korea Republic,,,Fenerbahçe SK,Turkish Süper Lig,8000000.0,30000.0,77.0,32.0,56.0,61.0,73.0,79.0,237086,https://sofifa.com/player/237086/min-jae-kim/220002,Kim Min Jae,CB,74,81,8000000.0,30000.0,24,1996-11-15,190,81,326.0,Fenerbahçe SK,Turkish Süper Lig,1.0,CB,3.0,,2021-08-13,2025.0,167,Korea Republic,,,,Right,2,3,1,Medium/Medium,Normal (185+),No,16800000.0,,"Dives Into Tackles (AI), Long Passer (AI)",77.0,32.0,56.0,61.0,73.0,79.0,35,23,73,73,24,54,21,23,66,65,73,80,64,72,75,44,75,73,86,37,69,71,48,57,30,67,72,75,73,13,7,11,14,11,,55+2,55+2,55+2,56,56,56,56,56,59+2,59+2,59+2,59+2,64+2,64+2,64+2,59+2,67+2,71+2,71+2,71+2,67+2,69+2,74+2,74+2,74+2,69+2,18+2,https://cdn.sofifa.net/players/237/086/22_120.png,https://cdn.sofifa.net/teams/326/60.png,https://cdn.sofifa.net/flags/tr.png,,https://cdn.sofifa.net/flags/kr.png
243780,Kangin Lee,이강인 Kang-In Lee,"ST, CAM, RM",74,82,20,Korea Republic,,,RCD Mallorca,Spain Primera Division,9500000.0,18000.0,72.0,75.0,75.0,79.0,30.0,54.0,243780,https://sofifa.com/player/243780/kangin-lee/220002,Kangin Lee,"ST, CAM, RM",74,82,9500000.0,18000.0,20,2001-02-19,173,68,453.0,RCD Mallorca,Spain Primera Division,1.0,SUB,19.0,,2021-08-30,2025.0,167,Korea Republic,,,,Left,3,4,1,High/Low,Lean (170-185),No,22800000.0,,"Long Shot Taker (AI), Technical Dribbler (AI)",72.0,75.0,75.0,79.0,30.0,54.0,70,75,65,76,74,80,76,81,72,78,71,73,81,73,87,76,36,46,60,77,55,29,77,78,70,69,26,23,28,11,12,12,8,14,,74+2,74+2,74+2,76,76,76,76,76,77+2,77+2,77+2,74+2,69+2,69+2,69+2,74+2,53+2,52+2,52+2,52+2,53+2,50+2,44+2,44+2,44+2,50+2,18+2,https://cdn.sofifa.net/players/243/780/22_120.png,https://cdn.sofifa.net/teams/453/60.png,https://cdn.sofifa.net/flags/es.png,,https://cdn.sofifa.net/flags/kr.png
180283,Ki Sung Yueng,기성용 寄诚庸,"CM, CDM",73,73,32,Korea Republic,,,FC Seoul,Korean K League 1,2400000.0,6000.0,45.0,69.0,77.0,69.0,63.0,72.0,180283,https://sofifa.com/player/180283/sung-yueng-ki/220002,Ki Sung Yueng,"CM, CDM",73,73,2400000.0,6000.0,32,1989-01-24,189,75,982.0,FC Seoul,Korean K League 1,1.0,RCM,8.0,,2020-07-21,2023.0,167,Korea Republic,,,,Right,4,3,2,Medium/Medium,Lean (185+),Yes,3000000.0,,"Injury Prone, Leadership, Long Passer (AI), Playmaker (AI)",45.0,69.0,77.0,69.0,63.0,72.0,71,62,62,78,61,66,76,76,82,76,51,40,64,65,60,80,69,68,73,73,74,62,65,78,74,72,61,68,61,14,9,7,9,10,,66+2,66+2,66+2,67,68,68,68,67,70+2,70+2,70+2,68+2,73,73,73,68+2,65+2,70+2,70+2,70+2,65+2,64+2,66+2,66+2,66+2,64+2,16+2,https://cdn.sofifa.net/players/180/283/22_120.png,https://cdn.sofifa.net/teams/982/60.png,https://cdn.sofifa.net/flags/kr.png,,https://cdn.sofifa.net/flags/kr.png
200601,Yoon Bit Garam,윤빛가람 尹光河,"CM, LM",73,73,31,Korea Republic,,,Ulsan Hyundai FC,Korean K League 1,2500000.0,10000.0,72.0,68.0,73.0,69.0,58.0,72.0,200601,https://sofifa.com/player/200601/bit-garam-yoon/220002,Yoon Bit Garam,"CM, LM",73,73,2500000.0,10000.0,31,1990-05-07,178,75,1473.0,Ulsan Hyundai FC,Korean K League 1,1.0,RDM,10.0,,2020-01-31,2022.0,167,Korea Republic,,,,Right,4,3,2,Medium/Medium,Lean (170-185),Yes,3300000.0,,"Long Passer (AI), Playmaker (AI)",72.0,68.0,73.0,69.0,58.0,72.0,62,65,54,76,64,67,68,78,77,70,71,73,76,69,74,72,67,85,67,75,70,63,69,78,63,68,58,59,49,8,11,11,11,6,,68+2,68+2,68+2,70,70,70,70,70,72+1,72+1,72+1,71+2,73,73,73,71+2,66+2,68+2,68+2,68+2,66+2,64+2,62+2,62+2,62+2,64+2,16+2,https://cdn.sofifa.net/players/200/601/22_120.png,https://cdn.sofifa.net/teams/1473/60.png,https://cdn.sofifa.net/flags/kr.png,,https://cdn.sofifa.net/flags/kr.png
211927,Kwon Chang Hoon,권창훈 权昶勋,"RM, CF",73,73,27,Korea Republic,,,Suwon Samsung Bluewings,Korean K League 1,3200000.0,6000.0,71.0,67.0,72.0,77.0,49.0,55.0,211927,https://sofifa.com/player/211927/chang-hoon-kwon/220002,Kwon Chang Hoon,"RM, CF",73,73,3200000.0,6000.0,27,1994-06-30,173,72,983.0,Suwon Samsung Bluewings,Korean K League 1,1.0,RCM,22.0,,2021-05-26,2021.0,167,Korea Republic,,,,Left,3,4,1,Medium/Medium,Normal (170-185),No,4000000.0,,"Flair, Playmaker (AI), Technical Dribbler (AI)",71.0,67.0,72.0,77.0,49.0,55.0,72,65,62,74,63,75,75,66,64,76,75,67,86,73,86,68,53,60,48,73,68,54,70,73,55,76,41,50,49,7,16,9,8,8,,68+2,68+2,68+2,73,72,72,72,73,73,73,73,72+1,69+2,69+2,69+2,72+1,63+2,61+2,61+2,61+2,63+2,61+2,55+2,55+2,55+2,61+2,17+2,https://cdn.sofifa.net/players/211/927/22_120.png,https://cdn.sofifa.net/teams/983/60.png,https://cdn.sofifa.net/flags/kr.png,,https://cdn.sofifa.net/flags/kr.png
199183,Kim Bo Kyung,김보경 金甫炅,"CM, CAM",72,72,31,Korea Republic,,,Jeonbuk Hyundai Motors,Korean K League 1,1900000.0,9000.0,78.0,68.0,71.0,74.0,60.0,70.0,199183,https://sofifa.com/player/199183/bo-kyung-kim/220002,Kim Bo Kyung,"CM, CAM",72,72,1900000.0,9000.0,31,1989-10-06,176,72,1477.0,Jeonbuk Hyundai Motors,Korean K League 1,1.0,RCM,13.0,,2020-01-05,2022.0,167,Korea Republic,,,,Left,4,4,1,High/Medium,Normal (170-185),No,2500000.0,,"Finesse Shot, Playmaker (AI), Technical Dribbler (AI)",78.0,68.0,71.0,74.0,60.0,70.0,65,68,58,73,64,72,72,68,67,75,78,78,84,71,71,67,72,79,68,68,64,64,75,77,72,73,59,61,55,12,15,10,13,13,,70+2,70+2,70+2,73-1,73-1,73-1,73-1,73-1,74-2,74-2,74-2,73-1,72,72,72,73-1,68+2,67+2,67+2,67+2,68+2,67+2,63+2,63+2,63+2,67+2,19+2,https://cdn.sofifa.net/players/199/183/22_120.png,https://cdn.sofifa.net/teams/1477/60.png,https://cdn.sofifa.net/flags/kr.png,,https://cdn.sofifa.net/flags/kr.png
199231,Kim Tae Hwan,김태환 金泰万,"RB, RW",72,72,31,Korea Republic,,,Ulsan Hyundai FC,Korean K League 1,1700000.0,8000.0,91.0,57.0,61.0,69.0,64.0,79.0,199231,https://sofifa.com/player/199231/tae-hwan-kim/220002,Kim Tae Hwan,"RB, RW",72,72,1700000.0,8000.0,31,1989-07-24,177,72,1473.0,Ulsan Hyundai FC,Korean K League 1,1.0,RB,23.0,,2015-02-02,2022.0,167,Korea Republic,,,,Right,3,3,1,High/High,Normal (170-185),No,2200000.0,#Speedster,Speed Dribbler (AI),91.0,57.0,61.0,69.0,64.0,79.0,67,57,58,65,53,67,61,50,59,65,90,91,88,69,79,65,77,78,78,51,83,68,59,50,56,58,63,65,66,12,10,16,9,11,,65+2,65+2,65+2,67,65,65,65,67,64+2,64+2,64+2,67+2,63+2,63+2,63+2,67+2,70+2,67+2,67+2,67+2,70+2,70+2,68+2,68+2,68+2,70+2,17+2,https://cdn.sofifa.net/players/199/231/22_120.png,https://cdn.sofifa.net/teams/1473/60.png,https://cdn.sofifa.net/flags/kr.png,,https://cdn.sofifa.net/flags/kr.png
202994,Han Kyo Won,한교원 韩教元,RM,72,72,31,Korea Republic,,,Jeonbuk Hyundai Motors,Korean K League 1,1900000.0,9000.0,89.0,68.0,64.0,72.0,57.0,69.0,202994,https://sofifa.com/player/202994/kyo-won-han/220002,Han Kyo Won,RM,72,72,1900000.0,9000.0,31,1990-06-15,182,73,1477.0,Jeonbuk Hyundai Motors,Korean K League 1,1.0,SUB,7.0,,2014-01-05,2023.0,167,Korea Republic,,,,Right,3,4,1,High/Medium,Lean (170-185),No,2500000.0,,"Speed Dribbler (AI), Technical Dribbler (AI)",89.0,68.0,64.0,72.0,57.0,69.0,64,70,62,66,61,72,67,57,56,67,89,89,89,65,71,65,73,78,63,68,70,55,74,66,67,72,54,58,57,7,11,15,7,12,,70+2,70+2,70+2,72,71,71,71,72,70+2,70+2,70+2,71+1,66+2,66+2,66+2,71+1,66+2,62+2,62+2,62+2,66+2,65+2,61+2,61+2,61+2,65+2,16+2,https://cdn.sofifa.net/players/202/994/22_120.png,https://cdn.sofifa.net/teams/1477/60.png,https://cdn.sofifa.net/flags/kr.png,,https://cdn.sofifa.net/flags/kr.png
212778,Kwon Kyung Won,권경원 权敬源,"CB, CDM",72,72,29,Korea Republic,,,Seongnam FC,Korean K League 1,2000000.0,5000.0,64.0,39.0,61.0,60.0,72.0,78.0,212778,https://sofifa.com/player/212778/kyung-won-kwon/220002,Kwon Kyung Won,"CB, CDM",72,72,2000000.0,5000.0,29,1992-01-31,188,81,981.0,Seongnam FC,Korean K League 1,1.0,LCB,3.0,,2021-07-15,2021.0,167,Korea Republic,,,,Left,2,2,1,Low/High,Normal (185+),No,2500000.0,,Long Throw-in,64.0,39.0,61.0,60.0,72.0,78.0,55,34,68,64,36,57,36,51,71,61,67,62,69,64,55,55,77,71,85,30,71,69,51,64,41,58,73,75,72,15,13,14,14,10,,55+2,55+2,55+2,56,56,56,56,56,58+2,58+2,58+2,60+2,62+2,62+2,62+2,60+2,66+2,69+2,69+2,69+2,66+2,67+2,72,72,72,67+2,19+2,https://cdn.sofifa.net/players/212/778/22_120.png,https://cdn.sofifa.net/teams/981/60.png,https://cdn.sofifa.net/flags/kr.png,,https://cdn.sofifa.net/flags/kr.png
221912,Kang Hyeon Mu,강현무 姜贤茂,GK,72,74,26,Korea Republic,,,Pohang Steelers,Korean K League 1,2200000.0,5000.0,,,,,,,221912,https://sofifa.com/player/221912/hyeon-mu-kang/220002,Kang Hyeon Mu,GK,72,74,2200000.0,5000.0,26,1995-03-13,185,78,1474.0,Pohang Steelers,Korean K League 1,1.0,GK,31.0,,2014-01-01,2022.0,167,Korea Republic,,,,Right,3,1,1,Medium/Medium,Normal (185+),No,2900000.0,,"Cautious With Crosses, Saves with Feet",,,,,,,14,16,19,29,12,20,19,19,22,10,42,47,32,68,56,49,51,27,32,13,25,23,15,64,25,50,23,20,15,73,67,65,70,78,44.0,27+2,27+2,27+2,27,30,30,30,27,31+2,31+2,31+2,29+2,30+2,30+2,30+2,29+2,26+2,27+2,27+2,27+2,26+2,27+2,26+2,26+2,26+2,27+2,71+2,https://cdn.sofifa.net/players/221/912/22_120.png,https://cdn.sofifa.net/teams/1474/60.png,https://cdn.sofifa.net/flags/kr.png,,https://cdn.sofifa.net/flags/kr.png
222734,Kang Sang Woo,강상우 姜祥佑,"LB, LW",72,73,27,Korea Republic,,,Pohang Steelers,Korean K League 1,2500000.0,6000.0,82.0,64.0,70.0,68.0,65.0,62.0,222734,https://sofifa.com/player/222734/sang-woo-kang/220002,Kang Sang Woo,"LB, LW",72,73,2500000.0,6000.0,27,1993-10-07,176,62,1474.0,Pohang Steelers,Korean K League 1,1.0,LB,10.0,,2014-01-01,2021.0,167,Korea Republic,,,,Right,3,3,1,High/Medium,Lean (170-185),No,3300000.0,,"Leadership, Speed Dribbler (AI)",82.0,64.0,70.0,68.0,65.0,62.0,74,62,50,70,45,68,68,72,62,64,81,83,82,68,74,79,37,86,64,58,33,67,72,71,60,61,67,67,65,12,16,15,12,9,,67+2,67+2,67+2,70,69,69,69,70,69+2,69+2,69+2,71+2,68+2,68+2,68+2,71+2,71+2,66+2,66+2,66+2,71+2,70+2,62+2,62+2,62+2,70+2,19+2,https://cdn.sofifa.net/players/222/734/22_120.png,https://cdn.sofifa.net/teams/1474/60.png,https://cdn.sofifa.net/flags/kr.png,,https://cdn.sofifa.net/flags/kr.png
155355,Lee Chung Yong,이청용 李青龙,"RM, CAM",71,71,32,Korea Republic,,,Ulsan Hyundai FC,Korean K League 1,1500000.0,8000.0,70.0,61.0,69.0,76.0,53.0,60.0,155355,https://sofifa.com/player/155355/chung-yong-lee/220002,Lee Chung Yong,"RM, CAM",71,71,1500000.0,8000.0,32,1988-07-02,180,70,1473.0,Ulsan Hyundai FC,Korean K League 1,1.0,CAM,72.0,,2020-03-04,2022.0,167,Korea Republic,,,,Right,4,3,2,High/Medium,Lean (170-185),Yes,2000000.0,,"Injury Prone, Playmaker (AI), Technical Dribbler (AI)",70.0,61.0,69.0,76.0,53.0,60.0,66,60,58,70,65,76,68,66,64,74,72,69,83,70,77,61,58,67,59,62,55,54,69,76,63,72,55,53,41,6,7,7,8,7,,66+2,66+2,66+2,71,70,70,70,71,71,71,71,70+1,69+2,69+2,69+2,70+1,62+2,62+2,62+2,62+2,62+2,60+2,56+2,56+2,56+2,60+2,14+2,https://cdn.sofifa.net/players/155/355/22_120.png,https://cdn.sofifa.net/teams/1473/60.png,https://cdn.sofifa.net/flags/kr.png,,https://cdn.sofifa.net/flags/kr.png
184337,Go Yo Han,고요한 高约翰,"RM, CM, ST",71,71,33,Korea Republic,,,FC Seoul,Korean K League 1,1200000.0,5000.0,77.0,61.0,68.0,70.0,63.0,73.0,184337,https://sofifa.com/player/184337/yo-han-go/220002,Go Yo Han,"RM, CM, ST",71,71,1200000.0,5000.0,33,1988-03-10,170,65,982.0,FC Seoul,Korean K League 1,1.0,SUB,13.0,,2005-01-01,2022.0,167,Korea Republic,,,,Right,3,3,1,High/High,Normal (170-),No,1500000.0,"#Engine, #Acrobat",Team Player,77.0,61.0,68.0,70.0,63.0,73.0,64,63,58,74,50,65,52,62,68,67,81,74,91,72,90,60,90,90,65,62,67,69,68,68,52,65,60,65,61,11,12,13,16,15,,66+2,66+2,66+2,69,68,68,68,69,69+2,69+2,69+2,70+1,70+1,70+1,70+1,70+1,70+1,69+2,69+2,69+2,70+1,69+2,66+2,66+2,66+2,69+2,20+2,https://cdn.sofifa.net/players/184/337/22_120.png,https://cdn.sofifa.net/teams/982/60.png,https://cdn.sofifa.net/flags/kr.png,,https://cdn.sofifa.net/flags/kr.png
199236,Hong Chul,홍철 洪喆,"LB, LM",71,71,30,Korea Republic,,,Ulsan Hyundai FC,Korean K League 1,1600000.0,7000.0,87.0,49.0,67.0,70.0,64.0,74.0,199236,https://sofifa.com/player/199236/chul-hong/220002,Hong Chul,"LB, LM",71,71,1600000.0,7000.0,30,1990-09-17,177,71,1473.0,Ulsan Hyundai FC,Korean K League 1,1.0,LB,33.0,,2020-07-01,2022.0,167,Korea Republic,,,,Left,3,3,1,Medium/Medium,Normal (170-185),No,2100000.0,,Early Crosser,87.0,49.0,67.0,70.0,64.0,74.0,74,38,57,64,33,68,74,73,63,66,85,88,86,63,84,66,80,85,71,59,65,61,60,64,51,67,65,68,64,11,11,13,7,15,,60+2,60+2,60+2,66,63,63,63,66,65+2,65+2,65+2,68+2,65+2,65+2,65+2,68+2,70+1,66+2,66+2,66+2,70+1,69+2,65+2,65+2,65+2,69+2,17+2,https://cdn.sofifa.net/players/199/236/22_120.png,https://cdn.sofifa.net/teams/1473/60.png,https://cdn.sofifa.net/flags/kr.png,,https://cdn.sofifa.net/flags/kr.png
200588,Hong Jeong Ho,홍정호 洪正好,CB,71,71,31,Korea Republic,,,Jeonbuk Hyundai Motors,Korean K League 1,1300000.0,7000.0,75.0,47.0,52.0,56.0,69.0,79.0,200588,https://sofifa.com/player/200588/jeong-ho-hong/220002,Hong Jeong Ho,CB,71,71,1300000.0,7000.0,31,1989-08-12,186,77,1477.0,Jeonbuk Hyundai Motors,Korean K League 1,1.0,LCB,26.0,,2020-01-13,2022.0,167,Korea Republic,,,,Right,4,2,1,Medium/High,Lean (185+),No,1700000.0,,"Dives Into Tackles (AI), Power Header",75.0,47.0,52.0,56.0,69.0,79.0,30,44,77,62,39,49,45,39,55,59,73,76,67,67,61,55,88,71,85,45,71,67,50,59,46,67,66,71,69,6,9,14,11,10,,59+2,59+2,59+2,55,57,57,57,55,57+2,57+2,57+2,56+2,59+2,59+2,59+2,56+2,62+2,66+2,66+2,66+2,62+2,65+2,71,71,71,65+2,16+2,https://cdn.sofifa.net/players/200/588/22_120.png,https://cdn.sofifa.net/teams/1477/60.png,https://cdn.sofifa.net/flags/kr.png,,https://cdn.sofifa.net/flags/kr.png
202305,Lee Seung Gi,이승기 李胜基,"CM, RM, CAM",71,71,33,Korea Republic,,,Jeonbuk Hyundai Motors,Korean K League 1,1200000.0,8000.0,75.0,67.0,71.0,73.0,53.0,69.0,202305,https://sofifa.com/player/202305/seung-gi-lee/220002,Lee Seung Gi,"CM, RM, CAM",71,71,1200000.0,8000.0,33,1988-06-02,177,67,1477.0,Jeonbuk Hyundai Motors,Korean K League 1,1.0,LCM,14.0,,2013-01-01,2021.0,167,Korea Republic,,,,Right,5,4,1,High/Medium,Normal (170-185),No,1600000.0,,"Injury Prone, Playmaker (AI), Technical Dribbler (AI)",75.0,67.0,71.0,73.0,53.0,69.0,67,67,57,74,62,72,71,72,67,74,77,74,83,66,69,65,53,82,69,71,57,60,72,74,66,71,51,51,44,8,13,13,7,11,,69+2,69+2,69+2,72-1,71,71,71,72-1,72-1,72-1,72-1,72-1,71,71,71,72-1,65+2,64+2,64+2,64+2,65+2,63+2,58+2,58+2,58+2,63+2,16+2,https://cdn.sofifa.net/players/202/305/22_120.png,https://cdn.sofifa.net/teams/1477/60.png,https://cdn.sofifa.net/flags/kr.png,,https://cdn.sofifa.net/flags/kr.png
205156,Choi Young Joon,최영준 财杨钧,CDM,71,71,29,Korea Republic,,,Jeonbuk Hyundai Motors,Korean K League 1,1600000.0,8000.0,70.0,61.0,66.0,66.0,67.0,75.0,205156,https://sofifa.com/player/205156/young-joon-choi/220002,Choi Young Joon,CDM,71,71,1600000.0,8000.0,29,1991-12-15,181,76,1477.0,Jeonbuk Hyundai Motors,Korean K League 1,1.0,CDM,4.0,,2019-01-06,2022.0,167,Korea Republic,,,,Right,3,3,1,Medium/High,Normal (170-185),No,2100000.0,,,70.0,61.0,66.0,66.0,67.0,75.0,62,63,32,70,56,66,55,62,67,66,71,69,74,67,62,60,84,91,73,56,60,70,65,67,63,57,73,71,64,13,7,7,16,10,,62+2,62+2,62+2,66,65,65,65,66,67+2,67+2,67+2,68+2,68+2,68+2,68+2,68+2,70+1,70+1,70+1,70+1,70+1,68+2,66+2,66+2,66+2,68+2,17+2,https://cdn.sofifa.net/players/205/156/22_120.png,https://cdn.sofifa.net/teams/1477/60.png,https://cdn.sofifa.net/flags/kr.png,,https://cdn.sofifa.net/flags/kr.png
221875,Son Jun Ho,손준호 孙准浩,"CDM, CM",71,71,29,Korea Republic,,,Shandong Taishan,Chinese Super League,1600000.0,12000.0,61.0,62.0,68.0,65.0,65.0,73.0,221875,https://sofifa.com/player/221875/jun-ho-son/220002,Son Jun Ho,"CDM, CM",71,71,1600000.0,12000.0,29,1992-05-12,180,73,111724.0,Shandong Taishan,Chinese Super League,1.0,RCM,28.0,,2021-01-13,2023.0,167,Korea Republic,,,,Right,3,3,1,Medium/High,Lean (170-185),No,2500000.0,,,61.0,62.0,68.0,65.0,65.0,73.0,50,56,58,76,47,63,62,66,73,66,56,65,67,67,78,68,62,92,69,70,61,71,65,72,64,60,63,67,63,9,7,9,12,11,,63+2,63+2,63+2,64,65,65,65,64,67+2,67+2,67+2,66+2,71,71,71,66+2,67+2,70+1,70+1,70+1,67+2,67+2,66+2,66+2,66+2,67+2,16+2,https://cdn.sofifa.net/players/221/875/22_120.png,https://cdn.sofifa.net/teams/111724/60.png,https://cdn.sofifa.net/flags/cn.png,,https://cdn.sofifa.net/flags/kr.png
229694,Moon Seon Min,문선민 蒙善民,"RM, LM, ST",71,71,29,Korea Republic,,,Jeonbuk Hyundai Motors,Korean K League 1,1800000.0,8000.0,92.0,64.0,64.0,72.0,38.0,62.0,229694,https://sofifa.com/player/229694/seon-min-moon/220002,Moon Seon Min,"RM, LM, ST",71,71,1800000.0,8000.0,29,1992-06-09,172,68,1477.0,Jeonbuk Hyundai Motors,Korean K League 1,1.0,RW,27.0,,2019-01-18,2021.0,167,Korea Republic,,,,Right,4,3,1,High/Medium,Lean (170-185),No,2300000.0,"#Speedster, #Acrobat",Speed Dribbler (AI),92.0,64.0,64.0,72.0,38.0,62.0,59,68,52,67,60,74,61,50,61,64,91,93,95,59,90,58,72,77,61,61,45,37,70,68,52,54,31,41,38,8,14,7,9,11,,66+2,66+2,66+2,71,69,69,69,71,69+2,69+2,69+2,70+1,64+2,64+2,64+2,70+1,58+2,53+2,53+2,53+2,58+2,55+2,47+2,47+2,47+2,55+2,16+2,https://cdn.sofifa.net/players/229/694/22_120.png,https://cdn.sofifa.net/teams/1477/60.png,https://cdn.sofifa.net/flags/kr.png,,https://cdn.sofifa.net/flags/kr.png
243061,Lee Dong Jun,Dong Jun Lee,"RW, RM",71,77,24,Korea Republic,,,Ulsan Hyundai FC,Korean K League 1,3000000.0,8000.0,89.0,62.0,56.0,77.0,43.0,60.0,243061,https://sofifa.com/player/243061/dong-jun-lee/220002,Lee Dong Jun,"RW, RM",71,77,3000000.0,8000.0,24,1997-02-01,173,65,1473.0,Ulsan Hyundai FC,Korean K League 1,1.0,RM,11.0,,2021-02-01,2023.0,167,Korea Republic,,,,Left,5,4,1,High/Medium,Normal (170-185),No,4500000.0,,,89.0,62.0,56.0,77.0,43.0,60.0,59,63,54,61,56,81,48,42,45,71,88,90,81,67,83,64,58,67,55,58,65,40,71,57,57,65,42,44,36,12,8,7,15,10,,67+2,67+2,67+2,71,70,70,70,71,68+2,68+2,68+2,69+2,61+2,61+2,61+2,69+2,58+2,53+2,53+2,53+2,58+2,56+2,50+2,50+2,50+2,56+2,17+2,https://cdn.sofifa.net/players/243/061/22_120.png,https://cdn.sofifa.net/teams/1473/60.png,https://cdn.sofifa.net/flags/kr.png,,https://cdn.sofifa.net/flags/kr.png
